TEMT6000:1008,LDR:927,Distance:6
TEMT6000:1008,LDR:927,Distance:6
TEMT6000:1008,LDR:927,Distance:6
TEMT6000:1009,LDR:926,Distance:6
TEMT6000:1008,LDR:927,Distance:6
TEMT6000:1008,LDR:928,Distance:6
TEMT6000:1008,LDR:926,Distance:6
TEMT6000:1008,LDR:926,Distance:6
TEMT6000:1008,LDR:927,Distance:6
TEMT6000:1008,LDR:927,Distance:5
TEMT6000:1009,LDR:928,Distance:5
TEMT6000:1007,LDR:928,Distance:5
TEMT6000:1009,LDR:928,Distance:5
TEMT6000:1009,LDR:928,Distance:5
TEMT6000:1009,LDR:927,Distance:5
TEMT6000:1008,LDR:927,Distance:5
TEMT6000:1008,LDR:928,Distance:5
TEMT6000:1009,LDR:927,Distance:5
TEMT6000:1008,LDR:928,Distance:6
TEMT6000:1008,LDR:927,Distance:6
TEMT6000:1008,LDR:927,Distance:6
TEMT6000:1007,LDR:927,Distance:6
TEMT6000:1008,LDR:926,Distance:6
TEMT6000:1008,LDR:927,Distance:6
TEMT6000:1008,LDR:927,Distance:6
TEMT6000:1008,LDR:928,Distance:6
TEMT6000:1008,LDR:927,Distance:6
TEMT6000:1008,LDR:926,Distance:6
TEMT6000:1008,LDR:927,Distance:6
TEMT6000:1007,LDR:927,Distance:6
TEMT6000:1008,LDR:927,Distance:6
TEMT6000:1008,LDR:927,Distance:6
TEMT6000:1007,LDR:927,Distance:6
TEMT6000:1007,LDR:928,Distance:6
TEMT6000:1009,LDR:927,Distance:6
TEMT6000:1008,LDR:927,Distance:5
TEMT6000:1008,LDR:927,Distance:6
TEMT6000:1007,LDR:927,Distance:6
TEMT6000:1007,LDR:927,Distance:6
TEMT6000:1007,LDR:927,Distance:6
TEMT6000:1008,LDR:927,Distance:6
TEMT6000:1008,LDR:926,Distance:6
TEMT6000:1007,LDR:927,Distance:6
TEMT6000:1007,LDR:928,Distance:6
TEMT6000:1009,LDR:926,Distance:6
TEMT6000:1006,LDR:927,Distance:6
TEMT6000:1008,LDR:927,Distance:6
TEMT6000:1007,LDR:927,Distance:6
TEMT6000:1008,LDR:927,Distance:6
TEMT6000:1006,LDR:927,Distance:6
TEMT6000:1007,LDR:927,Distance:6
TEMT6000:1007,LDR:927,Distance:6
TEMT6000:1008,LDR:922,Distance:6
TEMT6000:1006,LDR:923,Distance:6
TEMT6000:1005,LDR:922,Distance:6
TEMT6000:1007,LDR:921,Distance:6
TEMT6000:1007,LDR:921,Distance:6
TEMT6000:1006,LDR:921,Distance:6
TEMT6000:1007,LDR:920,Distance:6
TEMT6000:1007,LDR:920,Distance:6
TEMT6000:1007,LDR:920,Distance:6
TEMT6000:1006,LDR:919,Distance:6
TEMT6000:1005,LDR:920,Distance:6
TEMT6000:1005,LDR:919,Distance:6
TEMT6000:1006,LDR:917,Distance:6
TEMT6000:1004,LDR:916,Distance:6
TEMT6000:1003,LDR:916,Distance:6
TEMT6000:1003,LDR:916,Distance:6
TEMT6000:1001,LDR:916,Distance:6
TEMT6000:1005,LDR:914,Distance:6
TEMT6000:1005,LDR:914,Distance:6
TEMT6000:1002,LDR:914,Distance:6
TEMT6000:1000,LDR:914,Distance:6
TEMT6000:1001,LDR:913,Distance:6
TEMT6000:1001,LDR:913,Distance:6
TEMT6000:1001,LDR:913,Distance:6
TEMT6000:1002,LDR:913,Distance:6
TEMT6000:990,LDR:914,Distance:6
TEMT6000:996,LDR:914,Distance:6
TEMT6000:1000,LDR:913,Distance:6
TEMT6000:1003,LDR:913,Distance:6
TEMT6000:1005,LDR:913,Distance:6
TEMT6000:1006,LDR:912,Distance:6
TEMT6000:1004,LDR:913,Distance:6
TEMT6000:1004,LDR:913,Distance:6
TEMT6000:1002,LDR:911,Distance:6
TEMT6000:1003,LDR:909,Distance:6
TEMT6000:1002,LDR:909,Distance:6
TEMT6000:1001,LDR:907,Distance:7
TEMT6000:1002,LDR:907,Distance:6
TEMT6000:1003,LDR:905,Distance:7
TEMT6000:1003,LDR:906,Distance:6
TEMT6000:1004,LDR:905,Distance:7
TEMT6000:1002,LDR:904,Distance:6
TEMT6000:991,LDR:904,Distance:6
TEMT6000:997,LDR:904,Distance:7
TEMT6000:981,LDR:905,Distance:6
TEMT6000:1003,LDR:905,Distance:6
TEMT6000:1001,LDR:906,Distance:6
TEMT6000:1001,LDR:904,Distance:6
TEMT6000:1001,LDR:904,Distance:6
TEMT6000:1002,LDR:904,Distance:6
TEMT6000:1002,LDR:903,Distance:7
TEMT6000:1001,LDR:904,Distance:7
TEMT6000:989,LDR:903,Distance:6
TEMT6000:939,LDR:902,Distance:6
TEMT6000:967,LDR:903,Distance:6
TEMT6000:968,LDR:903,Distance:6
TEMT6000:968,LDR:903,Distance:6
TEMT6000:990,LDR:902,Distance:6
TEMT6000:967,LDR:902,Distance:6
TEMT6000:960,LDR:903,Distance:6
TEMT6000:992,LDR:903,Distance:6
TEMT6000:988,LDR:902,Distance:7
TEMT6000:986,LDR:901,Distance:6
TEMT6000:987,LDR:901,Distance:6
TEMT6000:989,LDR:901,Distance:6
TEMT6000:980,LDR:899,Distance:6
TEMT6000:948,LDR:899,Distance:6
TEMT6000:991,LDR:899,Distance:6
TEMT6000:983,LDR:900,Distance:6
TEMT6000:970,LDR:900,Distance:6
TEMT6000:967,LDR:898,Distance:6
TEMT6000:968,LDR:900,Distance:6
TEMT6000:960,LDR:899,Distance:6
TEMT6000:951,LDR:898,Distance:6
TEMT6000:965,LDR:899,Distance:6
TEMT6000:977,LDR:898,Distance:6
TEMT6000:981,LDR:898,Distance:6
TEMT6000:974,LDR:897,Distance:7
TEMT6000:981,LDR:896,Distance:7
TEMT6000:993,LDR:896,Distance:7
TEMT6000:996,LDR:896,Distance:7
TEMT6000:997,LDR:895,Distance:7
TEMT6000:996,LDR:895,Distance:7
TEMT6000:941,LDR:896,Distance:7
TEMT6000:995,LDR:896,Distance:7
TEMT6000:987,LDR:894,Distance:7
TEMT6000:984,LDR:895,Distance:7
TEMT6000:984,LDR:895,Distance:7
TEMT6000:990,LDR:894,Distance:7
TEMT6000:992,LDR:894,Distance:7
TEMT6000:995,LDR:893,Distance:7
TEMT6000:996,LDR:893,Distance:7
TEMT6000:995,LDR:893,Distance:7
TEMT6000:989,LDR:892,Distance:7
TEMT6000:989,LDR:892,Distance:7
TEMT6000:994,LDR:891,Distance:7
TEMT6000:999,LDR:890,Distance:7
TEMT6000:1000,LDR:889,Distance:7
TEMT6000:999,LDR:890,Distance:7
TEMT6000:997,LDR:890,Distance:7
TEMT6000:998,LDR:889,Distance:7
TEMT6000:998,LDR:889,Distance:7
TEMT6000:997,LDR:888,Distance:7
TEMT6000:998,LDR:886,Distance:7
TEMT6000:997,LDR:886,Distance:7
TEMT6000:998,LDR:886,Distance:7
TEMT6000:998,LDR:886,Distance:7
TEMT6000:999,LDR:886,Distance:7
TEMT6000:999,LDR:885,Distance:7
TEMT6000:998,LDR:885,Distance:7
TEMT6000:998,LDR:885,Distance:7
TEMT6000:999,LDR:884,Distance:7
TEMT6000:997,LDR:885,Distance:7
TEMT6000:996,LDR:885,Distance:7
TEMT6000:998,LDR:884,Distance:7
TEMT6000:997,LDR:884,Distance:7
TEMT6000:998,LDR:882,Distance:7
TEMT6000:997,LDR:881,Distance:8
TEMT6000:994,LDR:882,Distance:7
TEMT6000:994,LDR:883,Distance:8
TEMT6000:995,LDR:882,Distance:7
TEMT6000:995,LDR:881,Distance:8
TEMT6000:996,LDR:882,Distance:8
TEMT6000:997,LDR:882,Distance:8
TEMT6000:995,LDR:881,Distance:8
TEMT6000:994,LDR:881,Distance:8
TEMT6000:994,LDR:881,Distance:8
TEMT6000:993,LDR:881,Distance:8
TEMT6000:994,LDR:881,Distance:8
TEMT6000:996,LDR:880,Distance:8
TEMT6000:996,LDR:880,Distance:8
TEMT6000:995,LDR:880,Distance:8
TEMT6000:993,LDR:880,Distance:8
TEMT6000:993,LDR:879,Distance:7
TEMT6000:995,LDR:878,Distance:7
TEMT6000:995,LDR:877,Distance:7
TEMT6000:998,LDR:878,Distance:7
TEMT6000:995,LDR:878,Distance:7
TEMT6000:999,LDR:878,Distance:7
TEMT6000:996,LDR:876,Distance:7
TEMT6000:997,LDR:876,Distance:7
TEMT6000:997,LDR:876,Distance:7
TEMT6000:997,LDR:877,Distance:7
TEMT6000:995,LDR:876,Distance:7
TEMT6000:995,LDR:875,Distance:7
TEMT6000:995,LDR:876,Distance:7
TEMT6000:996,LDR:875,Distance:7
TEMT6000:998,LDR:875,Distance:7
TEMT6000:999,LDR:873,Distance:7
TEMT6000:997,LDR:874,Distance:7
TEMT6000:999,LDR:874,Distance:7
TEMT6000:999,LDR:873,Distance:7
TEMT6000:996,LDR:874,Distance:7
TEMT6000:996,LDR:873,Distance:7
TEMT6000:996,LDR:873,Distance:7
TEMT6000:996,LDR:872,Distance:7
TEMT6000:997,LDR:871,Distance:8
TEMT6000:997,LDR:871,Distance:7
TEMT6000:997,LDR:872,Distance:8
TEMT6000:995,LDR:870,Distance:8
TEMT6000:994,LDR:869,Distance:8
TEMT6000:996,LDR:869,Distance:8
TEMT6000:998,LDR:868,Distance:8
TEMT6000:998,LDR:868,Distance:8
TEMT6000:997,LDR:867,Distance:8
TEMT6000:995,LDR:866,Distance:8
TEMT6000:994,LDR:866,Distance:8
TEMT6000:995,LDR:866,Distance:8
TEMT6000:997,LDR:864,Distance:7
TEMT6000:997,LDR:864,Distance:8
TEMT6000:996,LDR:864,Distance:8
TEMT6000:994,LDR:865,Distance:7
TEMT6000:996,LDR:865,Distance:8
TEMT6000:995,LDR:863,Distance:8
TEMT6000:995,LDR:862,Distance:8
TEMT6000:994,LDR:862,Distance:8
TEMT6000:995,LDR:861,Distance:8
TEMT6000:995,LDR:861,Distance:8
TEMT6000:995,LDR:860,Distance:8
TEMT6000:995,LDR:861,Distance:8
TEMT6000:994,LDR:859,Distance:9
TEMT6000:993,LDR:860,Distance:8
TEMT6000:993,LDR:859,Distance:9
TEMT6000:992,LDR:859,Distance:8
TEMT6000:993,LDR:859,Distance:8
TEMT6000:994,LDR:858,Distance:9
TEMT6000:993,LDR:858,Distance:8
TEMT6000:993,LDR:859,Distance:8
TEMT6000:994,LDR:857,Distance:8
TEMT6000:993,LDR:858,Distance:8
TEMT6000:994,LDR:856,Distance:8
TEMT6000:993,LDR:857,Distance:8
TEMT6000:992,LDR:857,Distance:8
TEMT6000:991,LDR:857,Distance:8
TEMT6000:991,LDR:855,Distance:8
TEMT6000:992,LDR:854,Distance:8
TEMT6000:992,LDR:854,Distance:8
TEMT6000:992,LDR:854,Distance:8
TEMT6000:992,LDR:853,Distance:8
TEMT6000:993,LDR:853,Distance:9
TEMT6000:992,LDR:853,Distance:9
TEMT6000:991,LDR:853,Distance:9
TEMT6000:992,LDR:853,Distance:9
TEMT6000:991,LDR:853,Distance:9
TEMT6000:993,LDR:852,Distance:9
TEMT6000:993,LDR:852,Distance:9
TEMT6000:993,LDR:852,Distance:9
TEMT6000:993,LDR:851,Distance:9
TEMT6000:994,LDR:851,Distance:9
TEMT6000:993,LDR:851,Distance:9
TEMT6000:992,LDR:850,Distance:9
TEMT6000:994,LDR:850,Distance:9
TEMT6000:993,LDR:849,Distance:9
TEMT6000:994,LDR:848,Distance:9
TEMT6000:993,LDR:848,Distance:9
TEMT6000:992,LDR:848,Distance:9
TEMT6000:992,LDR:849,Distance:9
TEMT6000:992,LDR:848,Distance:9
TEMT6000:992,LDR:848,Distance:9
TEMT6000:992,LDR:848,Distance:9
TEMT6000:993,LDR:848,Distance:9
TEMT6000:992,LDR:848,Distance:9
TEMT6000:992,LDR:847,Distance:9
TEMT6000:992,LDR:845,Distance:9
TEMT6000:992,LDR:846,Distance:9
TEMT6000:992,LDR:846,Distance:9
TEMT6000:993,LDR:845,Distance:9
TEMT6000:992,LDR:845,Distance:9
TEMT6000:992,LDR:845,Distance:9
TEMT6000:993,LDR:844,Distance:9
TEMT6000:992,LDR:843,Distance:9
TEMT6000:993,LDR:843,Distance:9
TEMT6000:993,LDR:842,Distance:9
TEMT6000:992,LDR:842,Distance:9
TEMT6000:991,LDR:841,Distance:9
TEMT6000:991,LDR:841,Distance:9
TEMT6000:991,LDR:841,Distance:10
TEMT6000:992,LDR:839,Distance:10
TEMT6000:992,LDR:840,Distance:10
TEMT6000:991,LDR:840,Distance:9
TEMT6000:990,LDR:840,Distance:10
TEMT6000:991,LDR:838,Distance:9
TEMT6000:991,LDR:839,Distance:9
TEMT6000:991,LDR:839,Distance:9
TEMT6000:991,LDR:839,Distance:9
TEMT6000:990,LDR:840,Distance:9
TEMT6000:991,LDR:838,Distance:9
TEMT6000:990,LDR:837,Distance:9
TEMT6000:991,LDR:836,Distance:9
TEMT6000:991,LDR:836,Distance:9
TEMT6000:989,LDR:836,Distance:9
TEMT6000:989,LDR:835,Distance:9
TEMT6000:989,LDR:835,Distance:9
TEMT6000:988,LDR:834,Distance:10
TEMT6000:989,LDR:834,Distance:10
TEMT6000:989,LDR:832,Distance:10
TEMT6000:989,LDR:832,Distance:10
TEMT6000:988,LDR:833,Distance:10
TEMT6000:989,LDR:831,Distance:10
TEMT6000:987,LDR:832,Distance:10
TEMT6000:988,LDR:830,Distance:10
TEMT6000:986,LDR:831,Distance:10
TEMT6000:987,LDR:831,Distance:10
TEMT6000:986,LDR:830,Distance:10
TEMT6000:987,LDR:830,Distance:10
TEMT6000:986,LDR:830,Distance:10
TEMT6000:986,LDR:829,Distance:10
TEMT6000:985,LDR:827,Distance:10
TEMT6000:985,LDR:827,Distance:10
TEMT6000:984,LDR:826,Distance:9
TEMT6000:983,LDR:826,Distance:9
TEMT6000:983,LDR:826,Distance:10
TEMT6000:982,LDR:825,Distance:10
TEMT6000:983,LDR:824,Distance:10
TEMT6000:982,LDR:824,Distance:10
TEMT6000:983,LDR:824,Distance:10
TEMT6000:982,LDR:823,Distance:10
TEMT6000:981,LDR:823,Distance:10
TEMT6000:980,LDR:823,Distance:10
TEMT6000:979,LDR:821,Distance:10
TEMT6000:977,LDR:821,Distance:10
TEMT6000:977,LDR:820,Distance:11
TEMT6000:974,LDR:819,Distance:10
TEMT6000:973,LDR:817,Distance:10
TEMT6000:973,LDR:817,Distance:10
TEMT6000:972,LDR:818,Distance:10
TEMT6000:972,LDR:818,Distance:10
TEMT6000:969,LDR:817,Distance:10
TEMT6000:965,LDR:816,Distance:10
TEMT6000:962,LDR:815,Distance:10
TEMT6000:960,LDR:815,Distance:10
TEMT6000:956,LDR:814,Distance:10
TEMT6000:950,LDR:814,Distance:10
TEMT6000:948,LDR:814,Distance:10
TEMT6000:947,LDR:813,Distance:10
TEMT6000:948,LDR:813,Distance:10
TEMT6000:947,LDR:814,Distance:10
TEMT6000:943,LDR:814,Distance:10
TEMT6000:942,LDR:812,Distance:10
TEMT6000:940,LDR:812,Distance:11
TEMT6000:940,LDR:812,Distance:11
TEMT6000:940,LDR:813,Distance:11
TEMT6000:939,LDR:813,Distance:10
TEMT6000:936,LDR:812,Distance:11
TEMT6000:928,LDR:812,Distance:11
TEMT6000:923,LDR:810,Distance:11
TEMT6000:918,LDR:811,Distance:11
TEMT6000:916,LDR:809,Distance:11
TEMT6000:913,LDR:809,Distance:11
TEMT6000:906,LDR:807,Distance:10
TEMT6000:899,LDR:807,Distance:10
TEMT6000:890,LDR:806,Distance:11
TEMT6000:887,LDR:806,Distance:11
TEMT6000:887,LDR:805,Distance:11
TEMT6000:886,LDR:805,Distance:11
TEMT6000:880,LDR:805,Distance:11
TEMT6000:870,LDR:804,Distance:11
TEMT6000:861,LDR:801,Distance:11
TEMT6000:852,LDR:800,Distance:11
TEMT6000:843,LDR:800,Distance:11
TEMT6000:838,LDR:799,Distance:11
TEMT6000:834,LDR:798,Distance:11
TEMT6000:831,LDR:797,Distance:11
TEMT6000:830,LDR:797,Distance:11
TEMT6000:827,LDR:797,Distance:11
TEMT6000:823,LDR:796,Distance:11
TEMT6000:819,LDR:795,Distance:11
TEMT6000:816,LDR:794,Distance:11
TEMT6000:816,LDR:794,Distance:11
TEMT6000:814,LDR:795,Distance:11
TEMT6000:815,LDR:794,Distance:11
TEMT6000:812,LDR:794,Distance:11
TEMT6000:812,LDR:795,Distance:11
TEMT6000:810,LDR:794,Distance:11
TEMT6000:807,LDR:792,Distance:12
TEMT6000:801,LDR:792,Distance:12
TEMT6000:794,LDR:790,Distance:11
TEMT6000:790,LDR:790,Distance:11
TEMT6000:787,LDR:789,Distance:11
TEMT6000:785,LDR:789,Distance:11
TEMT6000:783,LDR:790,Distance:11
TEMT6000:778,LDR:789,Distance:12
TEMT6000:772,LDR:788,Distance:11
TEMT6000:766,LDR:787,Distance:11
TEMT6000:759,LDR:786,Distance:12
TEMT6000:755,LDR:785,Distance:12
TEMT6000:755,LDR:785,Distance:12
TEMT6000:755,LDR:785,Distance:12
TEMT6000:754,LDR:786,Distance:12
TEMT6000:752,LDR:785,Distance:12
TEMT6000:752,LDR:785,Distance:12
TEMT6000:753,LDR:784,Distance:12
TEMT6000:754,LDR:784,Distance:12
TEMT6000:752,LDR:785,Distance:12
TEMT6000:752,LDR:784,Distance:12
TEMT6000:750,LDR:784,Distance:12
TEMT6000:746,LDR:783,Distance:12
TEMT6000:742,LDR:782,Distance:12
TEMT6000:739,LDR:783,Distance:12
TEMT6000:737,LDR:781,Distance:12
TEMT6000:736,LDR:782,Distance:12
TEMT6000:736,LDR:781,Distance:12
TEMT6000:736,LDR:782,Distance:12
TEMT6000:733,LDR:780,Distance:12
TEMT6000:727,LDR:780,Distance:12
TEMT6000:722,LDR:779,Distance:12
TEMT6000:719,LDR:778,Distance:12
TEMT6000:716,LDR:779,Distance:12
TEMT6000:716,LDR:778,Distance:12
TEMT6000:713,LDR:778,Distance:12
TEMT6000:710,LDR:776,Distance:12
TEMT6000:708,LDR:776,Distance:12
TEMT6000:702,LDR:776,Distance:12
TEMT6000:697,LDR:775,Distance:13
TEMT6000:693,LDR:773,Distance:12
TEMT6000:688,LDR:773,Distance:12
TEMT6000:689,LDR:773,Distance:12
TEMT6000:689,LDR:773,Distance:12
TEMT6000:688,LDR:773,Distance:12
TEMT6000:687,LDR:774,Distance:12
TEMT6000:687,LDR:772,Distance:12
TEMT6000:687,LDR:772,Distance:12
TEMT6000:686,LDR:772,Distance:12
TEMT6000:684,LDR:771,Distance:12
TEMT6000:681,LDR:772,Distance:12
TEMT6000:678,LDR:771,Distance:12
TEMT6000:677,LDR:771,Distance:12
TEMT6000:678,LDR:771,Distance:12
TEMT6000:677,LDR:771,Distance:12
TEMT6000:677,LDR:771,Distance:12
TEMT6000:677,LDR:770,Distance:12
TEMT6000:676,LDR:770,Distance:12
TEMT6000:675,LDR:769,Distance:12
TEMT6000:674,LDR:770,Distance:12
TEMT6000:672,LDR:770,Distance:13
TEMT6000:670,LDR:769,Distance:13
TEMT6000:668,LDR:768,Distance:12
TEMT6000:666,LDR:769,Distance:12
TEMT6000:666,LDR:769,Distance:12
TEMT6000:664,LDR:768,Distance:13
TEMT6000:661,LDR:767,Distance:12
TEMT6000:660,LDR:767,Distance:13
TEMT6000:658,LDR:768,Distance:13
TEMT6000:659,LDR:767,Distance:13
TEMT6000:659,LDR:766,Distance:13
TEMT6000:656,LDR:767,Distance:13
TEMT6000:656,LDR:766,Distance:13
TEMT6000:655,LDR:766,Distance:13
TEMT6000:654,LDR:766,Distance:13
TEMT6000:651,LDR:767,Distance:13
TEMT6000:651,LDR:765,Distance:13
TEMT6000:651,LDR:765,Distance:13
TEMT6000:651,LDR:766,Distance:13
TEMT6000:652,LDR:766,Distance:13
TEMT6000:652,LDR:766,Distance:13
TEMT6000:649,LDR:765,Distance:13
TEMT6000:648,LDR:765,Distance:13
TEMT6000:646,LDR:764,Distance:13
TEMT6000:645,LDR:765,Distance:13
TEMT6000:645,LDR:764,Distance:13
TEMT6000:646,LDR:764,Distance:13
TEMT6000:645,LDR:765,Distance:13
TEMT6000:642,LDR:764,Distance:13
TEMT6000:637,LDR:762,Distance:12
TEMT6000:632,LDR:762,Distance:12
TEMT6000:630,LDR:760,Distance:13
TEMT6000:629,LDR:761,Distance:13
TEMT6000:629,LDR:760,Distance:13
TEMT6000:628,LDR:761,Distance:13
TEMT6000:628,LDR:761,Distance:13
TEMT6000:627,LDR:761,Distance:13
TEMT6000:626,LDR:760,Distance:13
TEMT6000:626,LDR:760,Distance:13
TEMT6000:626,LDR:760,Distance:13
TEMT6000:626,LDR:759,Distance:13
TEMT6000:625,LDR:760,Distance:13
TEMT6000:625,LDR:760,Distance:13
TEMT6000:625,LDR:759,Distance:13
TEMT6000:625,LDR:760,Distance:13
TEMT6000:624,LDR:761,Distance:13
TEMT6000:624,LDR:760,Distance:13
TEMT6000:624,LDR:759,Distance:13
TEMT6000:623,LDR:760,Distance:13
TEMT6000:623,LDR:759,Distance:13
TEMT6000:620,LDR:759,Distance:13
TEMT6000:619,LDR:759,Distance:13
TEMT6000:620,LDR:758,Distance:13
TEMT6000:619,LDR:758,Distance:13
TEMT6000:617,LDR:757,Distance:13
TEMT6000:615,LDR:757,Distance:13
TEMT6000:614,LDR:757,Distance:13
TEMT6000:613,LDR:757,Distance:13
TEMT6000:612,LDR:758,Distance:13
TEMT6000:612,LDR:757,Distance:13
TEMT6000:612,LDR:757,Distance:13
TEMT6000:610,LDR:756,Distance:13
TEMT6000:608,LDR:756,Distance:13
TEMT6000:609,LDR:756,Distance:13
TEMT6000:608,LDR:756,Distance:13
TEMT6000:607,LDR:755,Distance:13
TEMT6000:607,LDR:755,Distance:13
TEMT6000:604,LDR:755,Distance:13
TEMT6000:602,LDR:755,Distance:13
TEMT6000:602,LDR:754,Distance:13
TEMT6000:601,LDR:755,Distance:13
TEMT6000:600,LDR:755,Distance:13
TEMT6000:599,LDR:754,Distance:13
TEMT6000:599,LDR:753,Distance:13
TEMT6000:599,LDR:754,Distance:13
TEMT6000:597,LDR:753,Distance:13
TEMT6000:597,LDR:753,Distance:13
TEMT6000:595,LDR:752,Distance:13
TEMT6000:592,LDR:751,Distance:13
TEMT6000:592,LDR:753,Distance:13
TEMT6000:591,LDR:752,Distance:13
TEMT6000:589,LDR:751,Distance:13
TEMT6000:588,LDR:750,Distance:13
TEMT6000:587,LDR:752,Distance:13
TEMT6000:587,LDR:752,Distance:13
TEMT6000:587,LDR:751,Distance:13
TEMT6000:586,LDR:751,Distance:13
TEMT6000:584,LDR:750,Distance:13
TEMT6000:580,LDR:750,Distance:13
TEMT6000:581,LDR:749,Distance:13
TEMT6000:580,LDR:750,Distance:13
TEMT6000:579,LDR:749,Distance:14
TEMT6000:576,LDR:749,Distance:14
TEMT6000:577,LDR:748,Distance:14
TEMT6000:577,LDR:748,Distance:14
TEMT6000:577,LDR:749,Distance:14
TEMT6000:575,LDR:749,Distance:14
TEMT6000:575,LDR:748,Distance:14
TEMT6000:575,LDR:748,Distance:14
TEMT6000:574,LDR:748,Distance:13
TEMT6000:573,LDR:747,Distance:13
TEMT6000:572,LDR:748,Distance:13
TEMT6000:572,LDR:747,Distance:13
TEMT6000:571,LDR:747,Distance:13
TEMT6000:569,LDR:747,Distance:13
TEMT6000:567,LDR:747,Distance:13
TEMT6000:566,LDR:746,Distance:13
TEMT6000:564,LDR:746,Distance:13
TEMT6000:565,LDR:745,Distance:13
TEMT6000:564,LDR:745,Distance:13
TEMT6000:565,LDR:746,Distance:13
TEMT6000:564,LDR:746,Distance:13
TEMT6000:563,LDR:746,Distance:13
TEMT6000:564,LDR:746,Distance:13
TEMT6000:565,LDR:745,Distance:13
TEMT6000:564,LDR:745,Distance:13
TEMT6000:564,LDR:746,Distance:13
TEMT6000:563,LDR:746,Distance:13
TEMT6000:564,LDR:745,Distance:13
TEMT6000:564,LDR:745,Distance:13
TEMT6000:563,LDR:745,Distance:14
TEMT6000:563,LDR:745,Distance:14
TEMT6000:564,LDR:745,Distance:13
TEMT6000:563,LDR:746,Distance:14
TEMT6000:563,LDR:746,Distance:14
TEMT6000:563,LDR:746,Distance:14
TEMT6000:564,LDR:744,Distance:13
TEMT6000:564,LDR:745,Distance:13
TEMT6000:564,LDR:744,Distance:14
TEMT6000:561,LDR:745,Distance:14
TEMT6000:559,LDR:744,Distance:14
TEMT6000:558,LDR:744,Distance:14
TEMT6000:558,LDR:744,Distance:14
TEMT6000:558,LDR:743,Distance:14
TEMT6000:556,LDR:744,Distance:14
TEMT6000:554,LDR:742,Distance:14
TEMT6000:552,LDR:743,Distance:14
TEMT6000:551,LDR:742,Distance:14
TEMT6000:550,LDR:742,Distance:14
TEMT6000:547,LDR:741,Distance:14
TEMT6000:546,LDR:741,Distance:14
TEMT6000:544,LDR:741,Distance:13
TEMT6000:543,LDR:740,Distance:14
TEMT6000:542,LDR:740,Distance:13
TEMT6000:542,LDR:740,Distance:13
TEMT6000:540,LDR:739,Distance:14
TEMT6000:539,LDR:739,Distance:14
TEMT6000:537,LDR:739,Distance:14
TEMT6000:536,LDR:739,Distance:14
TEMT6000:536,LDR:738,Distance:14
TEMT6000:535,LDR:737,Distance:14
TEMT6000:534,LDR:737,Distance:14
TEMT6000:533,LDR:736,Distance:14
TEMT6000:532,LDR:736,Distance:14
TEMT6000:529,LDR:737,Distance:14
TEMT6000:528,LDR:736,Distance:14
TEMT6000:527,LDR:736,Distance:14
TEMT6000:527,LDR:736,Distance:14
TEMT6000:525,LDR:735,Distance:14
TEMT6000:525,LDR:735,Distance:14
TEMT6000:522,LDR:734,Distance:14
TEMT6000:520,LDR:733,Distance:14
TEMT6000:519,LDR:734,Distance:14
TEMT6000:518,LDR:733,Distance:14
TEMT6000:515,LDR:733,Distance:14
TEMT6000:514,LDR:733,Distance:14
TEMT6000:512,LDR:732,Distance:14
TEMT6000:511,LDR:732,Distance:14
TEMT6000:509,LDR:731,Distance:14
TEMT6000:509,LDR:730,Distance:14
TEMT6000:510,LDR:730,Distance:14
TEMT6000:508,LDR:731,Distance:14
TEMT6000:506,LDR:730,Distance:14
TEMT6000:505,LDR:729,Distance:14
TEMT6000:504,LDR:730,Distance:15
TEMT6000:504,LDR:730,Distance:14
TEMT6000:504,LDR:729,Distance:14
TEMT6000:500,LDR:729,Distance:14
TEMT6000:501,LDR:728,Distance:15
TEMT6000:498,LDR:728,Distance:14
TEMT6000:496,LDR:727,Distance:14
TEMT6000:495,LDR:726,Distance:14
TEMT6000:495,LDR:727,Distance:14
TEMT6000:494,LDR:727,Distance:14
TEMT6000:491,LDR:727,Distance:14
TEMT6000:492,LDR:725,Distance:15
TEMT6000:490,LDR:725,Distance:14
TEMT6000:489,LDR:724,Distance:15
TEMT6000:488,LDR:724,Distance:15
TEMT6000:487,LDR:724,Distance:15
TEMT6000:486,LDR:724,Distance:15
TEMT6000:484,LDR:724,Distance:15
TEMT6000:482,LDR:723,Distance:15
TEMT6000:480,LDR:721,Distance:15
TEMT6000:479,LDR:721,Distance:15
TEMT6000:477,LDR:722,Distance:15
TEMT6000:476,LDR:721,Distance:15
TEMT6000:475,LDR:720,Distance:15
TEMT6000:472,LDR:720,Distance:14
TEMT6000:471,LDR:719,Distance:15
TEMT6000:470,LDR:719,Distance:14
TEMT6000:470,LDR:718,Distance:15
TEMT6000:467,LDR:718,Distance:15
TEMT6000:466,LDR:717,Distance:15
TEMT6000:465,LDR:717,Distance:15
TEMT6000:464,LDR:717,Distance:15
TEMT6000:464,LDR:717,Distance:15
TEMT6000:463,LDR:717,Distance:15
TEMT6000:463,LDR:716,Distance:15
TEMT6000:461,LDR:716,Distance:16
TEMT6000:461,LDR:716,Distance:16
TEMT6000:460,LDR:715,Distance:15
TEMT6000:458,LDR:716,Distance:16
TEMT6000:459,LDR:715,Distance:16
TEMT6000:459,LDR:715,Distance:15
TEMT6000:458,LDR:715,Distance:15
TEMT6000:459,LDR:714,Distance:15
TEMT6000:459,LDR:715,Distance:16
TEMT6000:459,LDR:715,Distance:16
TEMT6000:460,LDR:714,Distance:15
TEMT6000:460,LDR:714,Distance:15
TEMT6000:458,LDR:715,Distance:15
TEMT6000:460,LDR:715,Distance:15
TEMT6000:459,LDR:716,Distance:16
TEMT6000:459,LDR:715,Distance:16
TEMT6000:460,LDR:715,Distance:16
TEMT6000:459,LDR:716,Distance:16
TEMT6000:459,LDR:715,Distance:15
TEMT6000:459,LDR:715,Distance:16
TEMT6000:460,LDR:715,Distance:16
TEMT6000:460,LDR:714,Distance:15
TEMT6000:459,LDR:715,Distance:15
TEMT6000:459,LDR:715,Distance:15
TEMT6000:460,LDR:714,Distance:15
TEMT6000:460,LDR:715,Distance:15
TEMT6000:459,LDR:715,Distance:15
TEMT6000:460,LDR:715,Distance:16
TEMT6000:460,LDR:716,Distance:16
TEMT6000:459,LDR:715,Distance:15
TEMT6000:459,LDR:714,Distance:16
TEMT6000:458,LDR:715,Distance:15
TEMT6000:457,LDR:713,Distance:15
TEMT6000:457,LDR:714,Distance:15
TEMT6000:457,LDR:714,Distance:16
TEMT6000:455,LDR:713,Distance:15
TEMT6000:455,LDR:713,Distance:15
TEMT6000:453,LDR:714,Distance:15
TEMT6000:451,LDR:712,Distance:15
TEMT6000:451,LDR:712,Distance:15
TEMT6000:450,LDR:712,Distance:15
TEMT6000:449,LDR:712,Distance:15
TEMT6000:448,LDR:711,Distance:15
TEMT6000:447,LDR:711,Distance:15
TEMT6000:446,LDR:711,Distance:15
TEMT6000:444,LDR:711,Distance:15
TEMT6000:445,LDR:710,Distance:16
TEMT6000:443,LDR:710,Distance:16
TEMT6000:442,LDR:710,Distance:16
TEMT6000:442,LDR:709,Distance:15
TEMT6000:442,LDR:709,Distance:15
TEMT6000:441,LDR:708,Distance:15
TEMT6000:440,LDR:708,Distance:14
TEMT6000:439,LDR:708,Distance:14
TEMT6000:437,LDR:708,Distance:14
TEMT6000:436,LDR:708,Distance:14
TEMT6000:435,LDR:708,Distance:14
TEMT6000:435,LDR:707,Distance:14
TEMT6000:434,LDR:706,Distance:14
TEMT6000:434,LDR:706,Distance:14
TEMT6000:432,LDR:706,Distance:14
TEMT6000:431,LDR:705,Distance:15
TEMT6000:429,LDR:704,Distance:15
TEMT6000:427,LDR:705,Distance:15
TEMT6000:428,LDR:704,Distance:15
TEMT6000:427,LDR:704,Distance:15
TEMT6000:426,LDR:703,Distance:15
TEMT6000:425,LDR:702,Distance:15
TEMT6000:423,LDR:703,Distance:15
TEMT6000:423,LDR:702,Distance:15
TEMT6000:421,LDR:703,Distance:14
TEMT6000:422,LDR:703,Distance:14
TEMT6000:421,LDR:703,Distance:14
TEMT6000:420,LDR:701,Distance:14
TEMT6000:420,LDR:701,Distance:14
TEMT6000:417,LDR:702,Distance:14
TEMT6000:417,LDR:700,Distance:14
TEMT6000:416,LDR:700,Distance:15
TEMT6000:414,LDR:700,Distance:15
TEMT6000:414,LDR:699,Distance:15
TEMT6000:412,LDR:699,Distance:15
TEMT6000:410,LDR:699,Distance:15
TEMT6000:411,LDR:698,Distance:16
TEMT6000:409,LDR:698,Distance:15
TEMT6000:408,LDR:698,Distance:16
TEMT6000:408,LDR:696,Distance:15
TEMT6000:406,LDR:696,Distance:15
TEMT6000:404,LDR:696,Distance:15
TEMT6000:401,LDR:696,Distance:15
TEMT6000:399,LDR:695,Distance:16
TEMT6000:398,LDR:694,Distance:16
TEMT6000:398,LDR:693,Distance:16
TEMT6000:397,LDR:693,Distance:16
TEMT6000:396,LDR:693,Distance:16
TEMT6000:395,LDR:693,Distance:16
TEMT6000:396,LDR:692,Distance:16
TEMT6000:395,LDR:692,Distance:15
TEMT6000:393,LDR:692,Distance:15
TEMT6000:395,LDR:691,Distance:15
TEMT6000:394,LDR:691,Distance:15
TEMT6000:393,LDR:692,Distance:15
TEMT6000:392,LDR:691,Distance:15
TEMT6000:391,LDR:691,Distance:15
TEMT6000:393,LDR:691,Distance:15
TEMT6000:391,LDR:691,Distance:15
TEMT6000:392,LDR:691,Distance:14
TEMT6000:392,LDR:692,Distance:14
TEMT6000:393,LDR:691,Distance:14
TEMT6000:391,LDR:691,Distance:14
TEMT6000:392,LDR:691,Distance:14
TEMT6000:392,LDR:691,Distance:14
TEMT6000:393,LDR:690,Distance:14
TEMT6000:393,LDR:690,Distance:14
TEMT6000:392,LDR:691,Distance:14
TEMT6000:391,LDR:691,Distance:14
TEMT6000:393,LDR:691,Distance:14
TEMT6000:392,LDR:691,Distance:14
TEMT6000:393,LDR:690,Distance:14
TEMT6000:391,LDR:691,Distance:14
TEMT6000:391,LDR:691,Distance:14
TEMT6000:391,LDR:691,Distance:14
TEMT6000:391,LDR:690,Distance:14
TEMT6000:391,LDR:691,Distance:14
TEMT6000:390,LDR:691,Distance:14
TEMT6000:390,LDR:690,Distance:14
TEMT6000:390,LDR:690,Distance:14
TEMT6000:389,LDR:690,Distance:14
TEMT6000:388,LDR:690,Distance:14
TEMT6000:387,LDR:689,Distance:15
TEMT6000:386,LDR:689,Distance:15
TEMT6000:385,LDR:689,Distance:15
TEMT6000:385,LDR:688,Distance:15
TEMT6000:384,LDR:688,Distance:15
TEMT6000:384,LDR:687,Distance:15
TEMT6000:382,LDR:688,Distance:15
TEMT6000:382,LDR:687,Distance:15
TEMT6000:381,LDR:686,Distance:15
TEMT6000:381,LDR:687,Distance:15
TEMT6000:381,LDR:687,Distance:15
TEMT6000:380,LDR:686,Distance:14
TEMT6000:379,LDR:685,Distance:14
TEMT6000:380,LDR:685,Distance:14
TEMT6000:380,LDR:685,Distance:15
TEMT6000:378,LDR:686,Distance:14
TEMT6000:377,LDR:686,Distance:14
TEMT6000:378,LDR:685,Distance:14
TEMT6000:378,LDR:684,Distance:15
TEMT6000:377,LDR:684,Distance:15
TEMT6000:375,LDR:685,Distance:14
TEMT6000:375,LDR:684,Distance:15
TEMT6000:375,LDR:684,Distance:15
TEMT6000:375,LDR:683,Distance:15
TEMT6000:372,LDR:683,Distance:15
TEMT6000:371,LDR:683,Distance:15
TEMT6000:371,LDR:683,Distance:15
TEMT6000:373,LDR:682,Distance:16
TEMT6000:371,LDR:682,Distance:16
TEMT6000:370,LDR:682,Distance:15
TEMT6000:371,LDR:681,Distance:16
TEMT6000:370,LDR:681,Distance:15
TEMT6000:367,LDR:681,Distance:15
TEMT6000:367,LDR:680,Distance:15
TEMT6000:367,LDR:680,Distance:15
TEMT6000:367,LDR:679,Distance:15
TEMT6000:365,LDR:680,Distance:15
TEMT6000:365,LDR:679,Distance:15
TEMT6000:365,LDR:678,Distance:15
TEMT6000:365,LDR:678,Distance:15
TEMT6000:363,LDR:679,Distance:15
TEMT6000:363,LDR:679,Distance:15
TEMT6000:363,LDR:679,Distance:15
TEMT6000:363,LDR:678,Distance:15
TEMT6000:362,LDR:679,Distance:15
TEMT6000:361,LDR:678,Distance:15
TEMT6000:361,LDR:678,Distance:15
TEMT6000:361,LDR:678,Distance:16
TEMT6000:361,LDR:678,Distance:16
TEMT6000:362,LDR:677,Distance:16
TEMT6000:361,LDR:677,Distance:16
TEMT6000:361,LDR:678,Distance:16
TEMT6000:360,LDR:677,Distance:16
TEMT6000:359,LDR:677,Distance:16
TEMT6000:360,LDR:677,Distance:16
TEMT6000:358,LDR:677,Distance:16
TEMT6000:359,LDR:677,Distance:16
TEMT6000:359,LDR:676,Distance:16
TEMT6000:358,LDR:677,Distance:16
TEMT6000:358,LDR:675,Distance:15
TEMT6000:358,LDR:675,Distance:15
TEMT6000:357,LDR:676,Distance:16
TEMT6000:357,LDR:676,Distance:15
TEMT6000:357,LDR:675,Distance:15
TEMT6000:356,LDR:675,Distance:15
TEMT6000:355,LDR:675,Distance:15
TEMT6000:355,LDR:675,Distance:15
TEMT6000:355,LDR:674,Distance:15
TEMT6000:353,LDR:674,Distance:16
TEMT6000:353,LDR:674,Distance:15
TEMT6000:353,LDR:674,Distance:16
TEMT6000:353,LDR:674,Distance:16
TEMT6000:352,LDR:674,Distance:16
TEMT6000:352,LDR:673,Distance:16
TEMT6000:352,LDR:672,Distance:16
TEMT6000:351,LDR:672,Distance:16
TEMT6000:351,LDR:673,Distance:16
TEMT6000:350,LDR:673,Distance:16
TEMT6000:349,LDR:672,Distance:16
TEMT6000:348,LDR:672,Distance:16
TEMT6000:349,LDR:671,Distance:16
TEMT6000:349,LDR:672,Distance:16
TEMT6000:348,LDR:673,Distance:16
TEMT6000:348,LDR:672,Distance:16
TEMT6000:347,LDR:673,Distance:16
TEMT6000:348,LDR:672,Distance:16
TEMT6000:349,LDR:672,Distance:16
TEMT6000:348,LDR:672,Distance:16
TEMT6000:348,LDR:672,Distance:16
TEMT6000:348,LDR:672,Distance:16
TEMT6000:348,LDR:673,Distance:16
TEMT6000:349,LDR:672,Distance:16
TEMT6000:347,LDR:672,Distance:16
TEMT6000:349,LDR:672,Distance:16
TEMT6000:347,LDR:672,Distance:16
TEMT6000:348,LDR:672,Distance:16
TEMT6000:347,LDR:672,Distance:16
TEMT6000:348,LDR:672,Distance:16
TEMT6000:348,LDR:672,Distance:16
TEMT6000:347,LDR:673,Distance:16
TEMT6000:348,LDR:672,Distance:16
TEMT6000:349,LDR:672,Distance:16
TEMT6000:347,LDR:672,Distance:16
TEMT6000:347,LDR:672,Distance:16
TEMT6000:348,LDR:671,Distance:16
TEMT6000:346,LDR:672,Distance:16
TEMT6000:347,LDR:671,Distance:16
TEMT6000:346,LDR:671,Distance:16
TEMT6000:345,LDR:671,Distance:16
TEMT6000:346,LDR:671,Distance:16
TEMT6000:344,LDR:671,Distance:16
TEMT6000:345,LDR:670,Distance:16
TEMT6000:345,LDR:671,Distance:16
TEMT6000:343,LDR:671,Distance:16
TEMT6000:343,LDR:671,Distance:16
TEMT6000:343,LDR:671,Distance:16
TEMT6000:343,LDR:670,Distance:16
TEMT6000:343,LDR:670,Distance:16
TEMT6000:343,LDR:669,Distance:16
TEMT6000:341,LDR:670,Distance:16
TEMT6000:342,LDR:670,Distance:16
TEMT6000:340,LDR:670,Distance:16
TEMT6000:340,LDR:669,Distance:16
TEMT6000:341,LDR:669,Distance:16
TEMT6000:340,LDR:668,Distance:16
TEMT6000:339,LDR:668,Distance:16
TEMT6000:338,LDR:669,Distance:16
TEMT6000:338,LDR:668,Distance:16
TEMT6000:337,LDR:667,Distance:16
TEMT6000:335,LDR:668,Distance:16
TEMT6000:336,LDR:667,Distance:16
TEMT6000:335,LDR:667,Distance:16
TEMT6000:335,LDR:667,Distance:16
TEMT6000:335,LDR:666,Distance:16
TEMT6000:335,LDR:666,Distance:16
TEMT6000:335,LDR:666,Distance:16
TEMT6000:334,LDR:666,Distance:16
TEMT6000:334,LDR:666,Distance:16
TEMT6000:334,LDR:665,Distance:16
TEMT6000:332,LDR:666,Distance:16
TEMT6000:332,LDR:666,Distance:17
TEMT6000:332,LDR:665,Distance:16
TEMT6000:331,LDR:664,Distance:16
TEMT6000:331,LDR:664,Distance:16
TEMT6000:330,LDR:664,Distance:17
TEMT6000:329,LDR:664,Distance:16
TEMT6000:328,LDR:664,Distance:17
TEMT6000:328,LDR:663,Distance:16
TEMT6000:327,LDR:664,Distance:16
TEMT6000:326,LDR:663,Distance:16
TEMT6000:326,LDR:663,Distance:16
TEMT6000:326,LDR:663,Distance:16
TEMT6000:326,LDR:662,Distance:16
TEMT6000:325,LDR:663,Distance:16
TEMT6000:326,LDR:661,Distance:17
TEMT6000:325,LDR:661,Distance:17
TEMT6000:324,LDR:661,Distance:17
TEMT6000:324,LDR:661,Distance:17
TEMT6000:324,LDR:661,Distance:17
TEMT6000:323,LDR:661,Distance:17
TEMT6000:322,LDR:661,Distance:17
TEMT6000:323,LDR:660,Distance:17
TEMT6000:321,LDR:661,Distance:17
TEMT6000:322,LDR:661,Distance:17
TEMT6000:323,LDR:661,Distance:17
TEMT6000:323,LDR:660,Distance:17
TEMT6000:322,LDR:660,Distance:17
TEMT6000:323,LDR:660,Distance:17
TEMT6000:322,LDR:660,Distance:17
TEMT6000:321,LDR:661,Distance:17
TEMT6000:322,LDR:660,Distance:17
TEMT6000:322,LDR:660,Distance:17
TEMT6000:323,LDR:660,Distance:17
TEMT6000:322,LDR:660,Distance:17
TEMT6000:321,LDR:661,Distance:17
TEMT6000:322,LDR:660,Distance:17
TEMT6000:322,LDR:660,Distance:17
TEMT6000:321,LDR:659,Distance:17
TEMT6000:321,LDR:659,Distance:17
TEMT6000:320,LDR:659,Distance:17
TEMT6000:320,LDR:659,Distance:17
TEMT6000:320,LDR:659,Distance:18
TEMT6000:320,LDR:660,Distance:17
TEMT6000:318,LDR:660,Distance:17
TEMT6000:318,LDR:659,Distance:17
TEMT6000:320,LDR:659,Distance:17
TEMT6000:319,LDR:659,Distance:17
TEMT6000:318,LDR:659,Distance:17
TEMT6000:318,LDR:659,Distance:17
TEMT6000:317,LDR:659,Distance:18
TEMT6000:318,LDR:659,Distance:17
TEMT6000:316,LDR:659,Distance:17
TEMT6000:316,LDR:659,Distance:17
TEMT6000:318,LDR:658,Distance:17
TEMT6000:316,LDR:658,Distance:17
TEMT6000:317,LDR:658,Distance:17
TEMT6000:316,LDR:658,Distance:17
TEMT6000:317,LDR:658,Distance:17
TEMT6000:315,LDR:658,Distance:17
TEMT6000:315,LDR:658,Distance:17
TEMT6000:316,LDR:657,Distance:17
TEMT6000:315,LDR:658,Distance:18
TEMT6000:315,LDR:657,Distance:17
TEMT6000:315,LDR:657,Distance:17
TEMT6000:315,LDR:656,Distance:17
TEMT6000:315,LDR:657,Distance:17
TEMT6000:314,LDR:657,Distance:17
TEMT6000:312,LDR:657,Distance:17
TEMT6000:314,LDR:656,Distance:17
TEMT6000:312,LDR:657,Distance:17
TEMT6000:313,LDR:656,Distance:17
TEMT6000:311,LDR:656,Distance:17
TEMT6000:312,LDR:656,Distance:18
TEMT6000:311,LDR:656,Distance:18
TEMT6000:311,LDR:656,Distance:18
TEMT6000:310,LDR:655,Distance:18
TEMT6000:310,LDR:655,Distance:18
TEMT6000:310,LDR:655,Distance:18
TEMT6000:310,LDR:655,Distance:18
TEMT6000:309,LDR:656,Distance:18
TEMT6000:309,LDR:655,Distance:17
TEMT6000:308,LDR:655,Distance:18
TEMT6000:308,LDR:655,Distance:18
TEMT6000:308,LDR:654,Distance:18
TEMT6000:307,LDR:655,Distance:18
TEMT6000:307,LDR:654,Distance:18
TEMT6000:307,LDR:653,Distance:18
TEMT6000:305,LDR:654,Distance:18
TEMT6000:306,LDR:653,Distance:18
TEMT6000:305,LDR:653,Distance:18
TEMT6000:305,LDR:653,Distance:18
TEMT6000:304,LDR:653,Distance:18
TEMT6000:305,LDR:652,Distance:18
TEMT6000:305,LDR:652,Distance:18
TEMT6000:305,LDR:653,Distance:18
TEMT6000:305,LDR:653,Distance:18
TEMT6000:305,LDR:652,Distance:18
TEMT6000:305,LDR:652,Distance:18
TEMT6000:303,LDR:652,Distance:18
TEMT6000:303,LDR:652,Distance:18
TEMT6000:303,LDR:652,Distance:19
TEMT6000:302,LDR:652,Distance:19
TEMT6000:302,LDR:651,Distance:19
TEMT6000:302,LDR:652,Distance:19
TEMT6000:302,LDR:652,Distance:19
TEMT6000:302,LDR:652,Distance:19
TEMT6000:302,LDR:652,Distance:18
TEMT6000:302,LDR:652,Distance:18
TEMT6000:302,LDR:651,Distance:18
TEMT6000:302,LDR:651,Distance:19
TEMT6000:302,LDR:650,Distance:18
TEMT6000:301,LDR:651,Distance:18
TEMT6000:302,LDR:651,Distance:18
TEMT6000:302,LDR:651,Distance:18
TEMT6000:301,LDR:650,Distance:19
TEMT6000:302,LDR:651,Distance:19
TEMT6000:301,LDR:651,Distance:18
TEMT6000:301,LDR:651,Distance:18
TEMT6000:301,LDR:650,Distance:18
TEMT6000:300,LDR:650,Distance:19
TEMT6000:300,LDR:650,Distance:19
TEMT6000:299,LDR:650,Distance:19
TEMT6000:299,LDR:650,Distance:19
TEMT6000:300,LDR:649,Distance:19
TEMT6000:300,LDR:649,Distance:18
TEMT6000:299,LDR:650,Distance:19
TEMT6000:298,LDR:650,Distance:19
TEMT6000:298,LDR:650,Distance:19
TEMT6000:299,LDR:649,Distance:19
TEMT6000:298,LDR:650,Distance:19
TEMT6000:297,LDR:649,Distance:19
TEMT6000:298,LDR:649,Distance:19
TEMT6000:297,LDR:649,Distance:19
TEMT6000:297,LDR:649,Distance:19
TEMT6000:295,LDR:648,Distance:19
TEMT6000:297,LDR:648,Distance:19
TEMT6000:296,LDR:647,Distance:19
TEMT6000:297,LDR:648,Distance:19
TEMT6000:296,LDR:647,Distance:19
TEMT6000:296,LDR:647,Distance:19
TEMT6000:296,LDR:648,Distance:19
TEMT6000:296,LDR:647,Distance:19
TEMT6000:295,LDR:648,Distance:19
TEMT6000:295,LDR:648,Distance:19
TEMT6000:295,LDR:648,Distance:19
TEMT6000:294,LDR:648,Distance:19
TEMT6000:296,LDR:648,Distance:19
TEMT6000:295,LDR:648,Distance:20
TEMT6000:295,LDR:647,Distance:19
TEMT6000:295,LDR:647,Distance:19
TEMT6000:295,LDR:647,Distance:19
TEMT6000:295,LDR:648,Distance:19
TEMT6000:295,LDR:648,Distance:20
TEMT6000:295,LDR:647,Distance:19
TEMT6000:295,LDR:647,Distance:19
TEMT6000:295,LDR:647,Distance:19
TEMT6000:294,LDR:648,Distance:19
TEMT6000:293,LDR:648,Distance:19
TEMT6000:294,LDR:647,Distance:19
TEMT6000:294,LDR:648,Distance:19
TEMT6000:294,LDR:648,Distance:19
TEMT6000:293,LDR:648,Distance:19
TEMT6000:294,LDR:648,Distance:19
TEMT6000:293,LDR:648,Distance:19
TEMT6000:294,LDR:647,Distance:19
TEMT6000:294,LDR:647,Distance:19
TEMT6000:295,LDR:647,Distance:19
TEMT6000:293,LDR:648,Distance:19
TEMT6000:293,LDR:648,Distance:19
TEMT6000:294,LDR:647,Distance:18
TEMT6000:294,LDR:648,Distance:18
TEMT6000:294,LDR:648,Distance:18
TEMT6000:293,LDR:648,Distance:18
TEMT6000:295,LDR:647,Distance:18
TEMT6000:295,LDR:647,Distance:18
TEMT6000:295,LDR:647,Distance:18
TEMT6000:294,LDR:647,Distance:18
TEMT6000:294,LDR:647,Distance:18
TEMT6000:295,LDR:648,Distance:18
TEMT6000:294,LDR:648,Distance:19
TEMT6000:293,LDR:647,Distance:19
TEMT6000:293,LDR:648,Distance:18
TEMT6000:294,LDR:647,Distance:19
TEMT6000:293,LDR:647,Distance:19
TEMT6000:293,LDR:647,Distance:18
TEMT6000:292,LDR:647,Distance:19
TEMT6000:291,LDR:647,Distance:19
TEMT6000:292,LDR:647,Distance:19
TEMT6000:290,LDR:647,Distance:19
TEMT6000:291,LDR:646,Distance:19
TEMT6000:291,LDR:646,Distance:19
TEMT6000:290,LDR:646,Distance:19
TEMT6000:290,LDR:646,Distance:19
TEMT6000:289,LDR:646,Distance:19
TEMT6000:290,LDR:645,Distance:19
TEMT6000:289,LDR:644,Distance:20
TEMT6000:288,LDR:645,Distance:20
TEMT6000:289,LDR:645,Distance:20
TEMT6000:287,LDR:645,Distance:20
TEMT6000:287,LDR:645,Distance:20
TEMT6000:288,LDR:644,Distance:20
TEMT6000:287,LDR:644,Distance:20
TEMT6000:286,LDR:644,Distance:21
TEMT6000:287,LDR:643,Distance:20
TEMT6000:286,LDR:644,Distance:20
TEMT6000:287,LDR:643,Distance:21
TEMT6000:286,LDR:643,Distance:20
TEMT6000:286,LDR:642,Distance:20
TEMT6000:286,LDR:643,Distance:21
TEMT6000:285,LDR:642,Distance:20
TEMT6000:285,LDR:642,Distance:21
TEMT6000:283,LDR:643,Distance:21
TEMT6000:284,LDR:642,Distance:21
TEMT6000:284,LDR:642,Distance:21
TEMT6000:283,LDR:641,Distance:22
TEMT6000:282,LDR:642,Distance:22
TEMT6000:283,LDR:641,Distance:22
TEMT6000:282,LDR:641,Distance:21
TEMT6000:283,LDR:640,Distance:21
TEMT6000:282,LDR:641,Distance:21
TEMT6000:281,LDR:641,Distance:22
TEMT6000:282,LDR:640,Distance:21
TEMT6000:280,LDR:641,Distance:21
TEMT6000:282,LDR:640,Distance:22
TEMT6000:281,LDR:640,Distance:21
TEMT6000:280,LDR:640,Distance:21
TEMT6000:281,LDR:640,Distance:21
TEMT6000:281,LDR:640,Distance:21
TEMT6000:281,LDR:640,Distance:22
TEMT6000:280,LDR:640,Distance:21
TEMT6000:280,LDR:640,Distance:22
TEMT6000:279,LDR:639,Distance:22
TEMT6000:278,LDR:640,Distance:23
TEMT6000:279,LDR:639,Distance:23
TEMT6000:279,LDR:639,Distance:22
TEMT6000:279,LDR:638,Distance:23
TEMT6000:277,LDR:639,Distance:23
TEMT6000:277,LDR:639,Distance:22
TEMT6000:278,LDR:639,Distance:22
TEMT6000:277,LDR:639,Distance:23
TEMT6000:278,LDR:638,Distance:23
TEMT6000:278,LDR:638,Distance:22
TEMT6000:278,LDR:639,Distance:22
TEMT6000:277,LDR:638,Distance:22
TEMT6000:276,LDR:639,Distance:23
TEMT6000:276,LDR:639,Distance:21
TEMT6000:277,LDR:638,Distance:21
TEMT6000:276,LDR:639,Distance:21
TEMT6000:277,LDR:639,Distance:21
TEMT6000:277,LDR:638,Distance:21
TEMT6000:277,LDR:639,Distance:21
TEMT6000:277,LDR:638,Distance:22
TEMT6000:277,LDR:638,Distance:21
TEMT6000:278,LDR:638,Distance:22
TEMT6000:277,LDR:638,Distance:21
TEMT6000:277,LDR:638,Distance:24
TEMT6000:278,LDR:638,Distance:23
TEMT6000:278,LDR:639,Distance:23
TEMT6000:277,LDR:639,Distance:22
TEMT6000:278,LDR:638,Distance:22
TEMT6000:277,LDR:639,Distance:23
TEMT6000:277,LDR:639,Distance:23
TEMT6000:277,LDR:638,Distance:23
TEMT6000:277,LDR:638,Distance:23
TEMT6000:276,LDR:638,Distance:23
TEMT6000:274,LDR:638,Distance:23
TEMT6000:275,LDR:638,Distance:23
TEMT6000:274,LDR:638,Distance:23
TEMT6000:274,LDR:638,Distance:23
TEMT6000:273,LDR:637,Distance:22
TEMT6000:274,LDR:637,Distance:22
TEMT6000:273,LDR:637,Distance:22
TEMT6000:273,LDR:637,Distance:22
TEMT6000:272,LDR:637,Distance:22
TEMT6000:272,LDR:637,Distance:22
TEMT6000:272,LDR:635,Distance:23
TEMT6000:271,LDR:636,Distance:23
TEMT6000:271,LDR:635,Distance:22
TEMT6000:271,LDR:635,Distance:22
TEMT6000:270,LDR:635,Distance:23
TEMT6000:270,LDR:635,Distance:23
TEMT6000:270,LDR:635,Distance:23
TEMT6000:270,LDR:634,Distance:23
TEMT6000:269,LDR:635,Distance:23
TEMT6000:269,LDR:635,Distance:23
TEMT6000:270,LDR:634,Distance:22
TEMT6000:269,LDR:635,Distance:22
TEMT6000:270,LDR:634,Distance:22
TEMT6000:270,LDR:634,Distance:22
TEMT6000:267,LDR:634,Distance:22
TEMT6000:268,LDR:634,Distance:22
TEMT6000:269,LDR:633,Distance:21
TEMT6000:268,LDR:634,Distance:22
TEMT6000:268,LDR:634,Distance:22
TEMT6000:267,LDR:634,Distance:22
TEMT6000:269,LDR:634,Distance:22
TEMT6000:268,LDR:633,Distance:22
TEMT6000:267,LDR:632,Distance:22
TEMT6000:268,LDR:633,Distance:23
TEMT6000:267,LDR:632,Distance:23
TEMT6000:267,LDR:633,Distance:23
TEMT6000:267,LDR:632,Distance:23
TEMT6000:268,LDR:633,Distance:23
TEMT6000:266,LDR:633,Distance:22
TEMT6000:267,LDR:633,Distance:23
TEMT6000:265,LDR:633,Distance:23
TEMT6000:266,LDR:632,Distance:23
TEMT6000:266,LDR:632,Distance:23
TEMT6000:265,LDR:632,Distance:23
TEMT6000:265,LDR:632,Distance:23
TEMT6000:266,LDR:632,Distance:23
TEMT6000:265,LDR:631,Distance:23
TEMT6000:264,LDR:632,Distance:23
TEMT6000:264,LDR:632,Distance:23
TEMT6000:264,LDR:631,Distance:23
TEMT6000:263,LDR:632,Distance:23
TEMT6000:264,LDR:631,Distance:22
TEMT6000:264,LDR:630,Distance:22
TEMT6000:263,LDR:631,Distance:22
TEMT6000:263,LDR:630,Distance:22
TEMT6000:263,LDR:630,Distance:21
TEMT6000:263,LDR:630,Distance:22
TEMT6000:262,LDR:630,Distance:22
TEMT6000:263,LDR:630,Distance:21
TEMT6000:262,LDR:630,Distance:22
TEMT6000:261,LDR:630,Distance:22
TEMT6000:260,LDR:630,Distance:21
TEMT6000:262,LDR:630,Distance:22
TEMT6000:262,LDR:629,Distance:22
TEMT6000:261,LDR:629,Distance:21
TEMT6000:262,LDR:629,Distance:22
TEMT6000:261,LDR:630,Distance:21
TEMT6000:262,LDR:630,Distance:22
TEMT6000:260,LDR:630,Distance:22
TEMT6000:262,LDR:630,Distance:22
TEMT6000:262,LDR:629,Distance:22
TEMT6000:262,LDR:630,Distance:22
TEMT6000:261,LDR:630,Distance:22
TEMT6000:262,LDR:630,Distance:22
TEMT6000:262,LDR:629,Distance:22
TEMT6000:262,LDR:629,Distance:22
TEMT6000:262,LDR:629,Distance:22
TEMT6000:261,LDR:630,Distance:22
TEMT6000:262,LDR:629,Distance:22
TEMT6000:262,LDR:629,Distance:22
TEMT6000:263,LDR:629,Distance:22
TEMT6000:261,LDR:630,Distance:22
TEMT6000:261,LDR:630,Distance:22
TEMT6000:261,LDR:630,Distance:22
TEMT6000:261,LDR:630,Distance:22
TEMT6000:261,LDR:630,Distance:23
TEMT6000:261,LDR:629,Distance:22
TEMT6000:262,LDR:630,Distance:23
TEMT6000:260,LDR:629,Distance:23
TEMT6000:260,LDR:628,Distance:23
TEMT6000:259,LDR:629,Distance:23
TEMT6000:259,LDR:628,Distance:23
TEMT6000:259,LDR:628,Distance:23
TEMT6000:259,LDR:628,Distance:23
TEMT6000:259,LDR:628,Distance:24
TEMT6000:259,LDR:628,Distance:24
TEMT6000:258,LDR:627,Distance:24
TEMT6000:257,LDR:628,Distance:24
TEMT6000:257,LDR:628,Distance:24
TEMT6000:258,LDR:628,Distance:24
TEMT6000:257,LDR:627,Distance:25
TEMT6000:258,LDR:627,Distance:25
TEMT6000:256,LDR:628,Distance:25
TEMT6000:257,LDR:626,Distance:25
TEMT6000:255,LDR:627,Distance:25
TEMT6000:257,LDR:626,Distance:25
TEMT6000:256,LDR:627,Distance:25
TEMT6000:256,LDR:626,Distance:25
TEMT6000:256,LDR:626,Distance:25
TEMT6000:255,LDR:627,Distance:25
TEMT6000:255,LDR:626,Distance:26
TEMT6000:256,LDR:626,Distance:25
TEMT6000:256,LDR:626,Distance:25
TEMT6000:256,LDR:626,Distance:26
TEMT6000:256,LDR:626,Distance:25
TEMT6000:255,LDR:626,Distance:25
TEMT6000:255,LDR:626,Distance:26
TEMT6000:255,LDR:626,Distance:26
TEMT6000:256,LDR:626,Distance:26
TEMT6000:255,LDR:626,Distance:25
TEMT6000:254,LDR:627,Distance:26
TEMT6000:254,LDR:627,Distance:26
TEMT6000:254,LDR:626,Distance:25
TEMT6000:253,LDR:626,Distance:25
TEMT6000:254,LDR:626,Distance:25
TEMT6000:254,LDR:626,Distance:25
TEMT6000:252,LDR:626,Distance:25
TEMT6000:252,LDR:626,Distance:25
TEMT6000:254,LDR:625,Distance:25
TEMT6000:253,LDR:625,Distance:25
TEMT6000:252,LDR:625,Distance:25
TEMT6000:252,LDR:625,Distance:25
TEMT6000:251,LDR:625,Distance:26
TEMT6000:251,LDR:625,Distance:25
TEMT6000:251,LDR:625,Distance:25
TEMT6000:251,LDR:625,Distance:25
TEMT6000:252,LDR:624,Distance:25
TEMT6000:252,LDR:624,Distance:25
TEMT6000:251,LDR:624,Distance:25
TEMT6000:252,LDR:624,Distance:25
TEMT6000:251,LDR:624,Distance:25
TEMT6000:250,LDR:624,Distance:26
TEMT6000:249,LDR:624,Distance:26
TEMT6000:250,LDR:623,Distance:25
TEMT6000:250,LDR:624,Distance:25
TEMT6000:249,LDR:623,Distance:25
TEMT6000:250,LDR:623,Distance:26
TEMT6000:249,LDR:623,Distance:25
TEMT6000:249,LDR:623,Distance:25
TEMT6000:249,LDR:623,Distance:25
TEMT6000:249,LDR:623,Distance:25
TEMT6000:248,LDR:624,Distance:25
TEMT6000:249,LDR:624,Distance:25
TEMT6000:248,LDR:624,Distance:25
TEMT6000:249,LDR:623,Distance:25
TEMT6000:249,LDR:623,Distance:25
TEMT6000:248,LDR:624,Distance:25
TEMT6000:248,LDR:623,Distance:25
TEMT6000:249,LDR:623,Distance:25
TEMT6000:249,LDR:624,Distance:25
TEMT6000:249,LDR:624,Distance:25
TEMT6000:250,LDR:623,Distance:25
TEMT6000:249,LDR:623,Distance:25
TEMT6000:250,LDR:622,Distance:25
TEMT6000:249,LDR:623,Distance:25
TEMT6000:249,LDR:623,Distance:25
TEMT6000:250,LDR:624,Distance:25
TEMT6000:249,LDR:623,Distance:25
TEMT6000:250,LDR:623,Distance:25
TEMT6000:249,LDR:624,Distance:25
TEMT6000:249,LDR:623,Distance:25
TEMT6000:249,LDR:622,Distance:25
TEMT6000:250,LDR:624,Distance:25
TEMT6000:248,LDR:623,Distance:24
TEMT6000:248,LDR:623,Distance:24
TEMT6000:248,LDR:623,Distance:24
TEMT6000:249,LDR:622,Distance:24
TEMT6000:249,LDR:622,Distance:24
TEMT6000:247,LDR:622,Distance:24
TEMT6000:248,LDR:622,Distance:24
TEMT6000:249,LDR:622,Distance:25
TEMT6000:248,LDR:622,Distance:26
TEMT6000:247,LDR:622,Distance:26
TEMT6000:247,LDR:621,Distance:26
TEMT6000:247,LDR:621,Distance:26
TEMT6000:246,LDR:622,Distance:26
TEMT6000:247,LDR:621,Distance:26
TEMT6000:247,LDR:622,Distance:26
TEMT6000:246,LDR:622,Distance:27
TEMT6000:248,LDR:621,Distance:27
TEMT6000:247,LDR:622,Distance:26
TEMT6000:248,LDR:621,Distance:26
TEMT6000:248,LDR:621,Distance:26
TEMT6000:247,LDR:622,Distance:26
TEMT6000:247,LDR:621,Distance:26
TEMT6000:247,LDR:621,Distance:26
TEMT6000:247,LDR:622,Distance:25
TEMT6000:246,LDR:622,Distance:24
TEMT6000:246,LDR:621,Distance:25
TEMT6000:246,LDR:622,Distance:24
TEMT6000:247,LDR:621,Distance:24
TEMT6000:247,LDR:622,Distance:24
TEMT6000:246,LDR:621,Distance:25
TEMT6000:246,LDR:621,Distance:25
TEMT6000:245,LDR:622,Distance:25
TEMT6000:246,LDR:621,Distance:25
TEMT6000:245,LDR:621,Distance:25
TEMT6000:245,LDR:621,Distance:25
TEMT6000:245,LDR:621,Distance:25
TEMT6000:245,LDR:622,Distance:25
TEMT6000:246,LDR:621,Distance:25
TEMT6000:246,LDR:621,Distance:25
TEMT6000:245,LDR:621,Distance:25
TEMT6000:246,LDR:621,Distance:25
TEMT6000:246,LDR:620,Distance:25
TEMT6000:245,LDR:621,Distance:25
TEMT6000:245,LDR:620,Distance:25
TEMT6000:245,LDR:620,Distance:25
TEMT6000:244,LDR:621,Distance:25
TEMT6000:245,LDR:620,Distance:25
TEMT6000:245,LDR:620,Distance:25
TEMT6000:245,LDR:619,Distance:25
TEMT6000:244,LDR:619,Distance:25
TEMT6000:244,LDR:620,Distance:26
TEMT6000:244,LDR:620,Distance:26
TEMT6000:243,LDR:620,Distance:27
TEMT6000:244,LDR:620,Distance:26
TEMT6000:245,LDR:620,Distance:27
TEMT6000:243,LDR:620,Distance:27
TEMT6000:244,LDR:619,Distance:27
TEMT6000:244,LDR:619,Distance:27
TEMT6000:243,LDR:620,Distance:27
TEMT6000:244,LDR:620,Distance:27
TEMT6000:243,LDR:620,Distance:26
TEMT6000:244,LDR:619,Distance:26
TEMT6000:244,LDR:618,Distance:26
TEMT6000:243,LDR:620,Distance:26
TEMT6000:244,LDR:620,Distance:27
TEMT6000:243,LDR:618,Distance:27
TEMT6000:242,LDR:619,Distance:27
TEMT6000:243,LDR:619,Distance:27
TEMT6000:242,LDR:619,Distance:27
TEMT6000:242,LDR:618,Distance:27
TEMT6000:243,LDR:619,Distance:27
TEMT6000:242,LDR:618,Distance:27
TEMT6000:241,LDR:618,Distance:27
TEMT6000:242,LDR:618,Distance:27
TEMT6000:243,LDR:618,Distance:28
TEMT6000:242,LDR:619,Distance:27
TEMT6000:241,LDR:619,Distance:28
TEMT6000:242,LDR:619,Distance:27
TEMT6000:242,LDR:618,Distance:27
TEMT6000:242,LDR:618,Distance:27
TEMT6000:243,LDR:618,Distance:28
TEMT6000:243,LDR:619,Distance:27
TEMT6000:242,LDR:618,Distance:27
TEMT6000:242,LDR:618,Distance:27
TEMT6000:242,LDR:618,Distance:28
TEMT6000:242,LDR:618,Distance:27
TEMT6000:242,LDR:618,Distance:27
TEMT6000:242,LDR:618,Distance:27
TEMT6000:241,LDR:618,Distance:27
TEMT6000:242,LDR:618,Distance:28
TEMT6000:241,LDR:618,Distance:27
TEMT6000:242,LDR:617,Distance:27
TEMT6000:241,LDR:618,Distance:27
TEMT6000:242,LDR:618,Distance:28
TEMT6000:241,LDR:618,Distance:28
TEMT6000:242,LDR:617,Distance:27
TEMT6000:242,LDR:618,Distance:27
TEMT6000:241,LDR:617,Distance:27
TEMT6000:241,LDR:617,Distance:27
TEMT6000:241,LDR:618,Distance:27
TEMT6000:241,LDR:616,Distance:27
TEMT6000:240,LDR:617,Distance:27
TEMT6000:241,LDR:617,Distance:27
TEMT6000:240,LDR:617,Distance:27
TEMT6000:240,LDR:617,Distance:28
TEMT6000:241,LDR:617,Distance:28
TEMT6000:240,LDR:617,Distance:27
TEMT6000:240,LDR:617,Distance:27
TEMT6000:240,LDR:616,Distance:27
TEMT6000:240,LDR:617,Distance:28
TEMT6000:240,LDR:616,Distance:28
TEMT6000:239,LDR:617,Distance:27
TEMT6000:239,LDR:617,Distance:27
TEMT6000:241,LDR:617,Distance:27
TEMT6000:239,LDR:616,Distance:28
TEMT6000:240,LDR:616,Distance:28
TEMT6000:240,LDR:616,Distance:27
TEMT6000:239,LDR:616,Distance:28
TEMT6000:239,LDR:617,Distance:28
TEMT6000:239,LDR:616,Distance:28
TEMT6000:239,LDR:617,Distance:28
TEMT6000:239,LDR:616,Distance:28
TEMT6000:239,LDR:616,Distance:28
TEMT6000:239,LDR:616,Distance:28
TEMT6000:238,LDR:616,Distance:28
TEMT6000:238,LDR:616,Distance:28
TEMT6000:239,LDR:615,Distance:28
TEMT6000:237,LDR:616,Distance:28
TEMT6000:238,LDR:616,Distance:28
TEMT6000:238,LDR:616,Distance:28
TEMT6000:238,LDR:615,Distance:28
TEMT6000:239,LDR:615,Distance:28
TEMT6000:238,LDR:616,Distance:28
TEMT6000:239,LDR:614,Distance:28
TEMT6000:237,LDR:616,Distance:28
TEMT6000:238,LDR:616,Distance:28
TEMT6000:237,LDR:615,Distance:28
TEMT6000:239,LDR:616,Distance:28
TEMT6000:238,LDR:614,Distance:27
TEMT6000:237,LDR:615,Distance:28
TEMT6000:237,LDR:615,Distance:28
TEMT6000:237,LDR:615,Distance:28
TEMT6000:238,LDR:614,Distance:28
TEMT6000:237,LDR:615,Distance:28
TEMT6000:238,LDR:614,Distance:28
TEMT6000:238,LDR:614,Distance:28
TEMT6000:237,LDR:615,Distance:28
TEMT6000:237,LDR:614,Distance:28
TEMT6000:238,LDR:615,Distance:28
TEMT6000:236,LDR:615,Distance:28
TEMT6000:236,LDR:615,Distance:28
TEMT6000:237,LDR:615,Distance:28
TEMT6000:237,LDR:614,Distance:28
TEMT6000:237,LDR:614,Distance:28
TEMT6000:238,LDR:614,Distance:28
TEMT6000:237,LDR:615,Distance:28
TEMT6000:237,LDR:615,Distance:28
TEMT6000:238,LDR:615,Distance:28
TEMT6000:238,LDR:614,Distance:28
TEMT6000:237,LDR:615,Distance:28
TEMT6000:237,LDR:615,Distance:28
TEMT6000:237,LDR:615,Distance:28
TEMT6000:238,LDR:614,Distance:28
TEMT6000:238,LDR:614,Distance:28
TEMT6000:237,LDR:615,Distance:28
TEMT6000:238,LDR:614,Distance:28
TEMT6000:238,LDR:614,Distance:28
TEMT6000:238,LDR:615,Distance:28
TEMT6000:237,LDR:614,Distance:28
TEMT6000:238,LDR:614,Distance:28
TEMT6000:238,LDR:614,Distance:28
TEMT6000:238,LDR:614,Distance:28
TEMT6000:237,LDR:614,Distance:28
TEMT6000:237,LDR:615,Distance:28
TEMT6000:237,LDR:615,Distance:28
TEMT6000:237,LDR:614,Distance:28
TEMT6000:237,LDR:615,Distance:29
TEMT6000:237,LDR:614,Distance:28
TEMT6000:237,LDR:614,Distance:28
TEMT6000:237,LDR:614,Distance:28
TEMT6000:238,LDR:614,Distance:28
TEMT6000:237,LDR:614,Distance:28
TEMT6000:236,LDR:614,Distance:28
TEMT6000:237,LDR:614,Distance:28
TEMT6000:237,LDR:614,Distance:27
TEMT6000:236,LDR:614,Distance:28
TEMT6000:236,LDR:615,Distance:28
TEMT6000:236,LDR:614,Distance:28
TEMT6000:235,LDR:614,Distance:28
TEMT6000:236,LDR:614,Distance:28
TEMT6000:237,LDR:614,Distance:27
TEMT6000:236,LDR:614,Distance:27
TEMT6000:236,LDR:614,Distance:28
TEMT6000:236,LDR:614,Distance:27
TEMT6000:236,LDR:613,Distance:28
TEMT6000:235,LDR:614,Distance:27
TEMT6000:236,LDR:613,Distance:27
TEMT6000:235,LDR:613,Distance:27
TEMT6000:235,LDR:612,Distance:27
TEMT6000:236,LDR:612,Distance:27
TEMT6000:234,LDR:613,Distance:27
TEMT6000:233,LDR:613,Distance:27
TEMT6000:235,LDR:612,Distance:27
TEMT6000:235,LDR:613,Distance:28
TEMT6000:233,LDR:613,Distance:27
TEMT6000:234,LDR:613,Distance:28
TEMT6000:235,LDR:612,Distance:28
TEMT6000:234,LDR:612,Distance:28
TEMT6000:234,LDR:613,Distance:28
TEMT6000:234,LDR:613,Distance:28
TEMT6000:233,LDR:613,Distance:28
TEMT6000:233,LDR:612,Distance:27
TEMT6000:234,LDR:612,Distance:28
TEMT6000:234,LDR:612,Distance:28
TEMT6000:233,LDR:612,Distance:28
TEMT6000:234,LDR:611,Distance:28
TEMT6000:234,LDR:611,Distance:28
TEMT6000:233,LDR:611,Distance:29
TEMT6000:233,LDR:612,Distance:29
TEMT6000:234,LDR:612,Distance:28
TEMT6000:233,LDR:611,Distance:29
TEMT6000:233,LDR:611,Distance:29
TEMT6000:234,LDR:611,Distance:29
TEMT6000:232,LDR:612,Distance:29
TEMT6000:232,LDR:612,Distance:29
TEMT6000:233,LDR:612,Distance:29
TEMT6000:232,LDR:611,Distance:29
TEMT6000:233,LDR:612,Distance:29
TEMT6000:234,LDR:612,Distance:29
TEMT6000:233,LDR:611,Distance:28
TEMT6000:233,LDR:611,Distance:28
TEMT6000:233,LDR:611,Distance:29
TEMT6000:234,LDR:611,Distance:29
TEMT6000:233,LDR:611,Distance:29
TEMT6000:233,LDR:612,Distance:29
TEMT6000:233,LDR:611,Distance:29
TEMT6000:232,LDR:612,Distance:29
TEMT6000:234,LDR:611,Distance:29
TEMT6000:233,LDR:612,Distance:29
TEMT6000:233,LDR:612,Distance:28
TEMT6000:234,LDR:611,Distance:29
TEMT6000:234,LDR:611,Distance:29
TEMT6000:233,LDR:612,Distance:29
TEMT6000:232,LDR:611,Distance:29
TEMT6000:233,LDR:611,Distance:28
TEMT6000:231,LDR:611,Distance:28
TEMT6000:232,LDR:610,Distance:28
TEMT6000:231,LDR:611,Distance:28
TEMT6000:231,LDR:611,Distance:28
TEMT6000:231,LDR:611,Distance:29
TEMT6000:232,LDR:610,Distance:28
TEMT6000:231,LDR:611,Distance:29
TEMT6000:230,LDR:610,Distance:28
TEMT6000:232,LDR:610,Distance:28
TEMT6000:232,LDR:610,Distance:28
TEMT6000:230,LDR:610,Distance:29
TEMT6000:231,LDR:611,Distance:29
TEMT6000:231,LDR:610,Distance:29
TEMT6000:231,LDR:610,Distance:29
TEMT6000:231,LDR:610,Distance:29
TEMT6000:231,LDR:610,Distance:29
TEMT6000:229,LDR:610,Distance:29
TEMT6000:231,LDR:609,Distance:29
TEMT6000:231,LDR:610,Distance:29
TEMT6000:230,LDR:609,Distance:30
TEMT6000:231,LDR:609,Distance:29
TEMT6000:229,LDR:610,Distance:29
TEMT6000:229,LDR:610,Distance:29
TEMT6000:230,LDR:609,Distance:29
TEMT6000:231,LDR:609,Distance:30
TEMT6000:229,LDR:610,Distance:29
TEMT6000:229,LDR:609,Distance:29
TEMT6000:230,LDR:609,Distance:30
TEMT6000:228,LDR:609,Distance:30
TEMT6000:229,LDR:608,Distance:30
TEMT6000:229,LDR:608,Distance:29
TEMT6000:228,LDR:609,Distance:30
TEMT6000:229,LDR:609,Distance:30
TEMT6000:229,LDR:609,Distance:30
TEMT6000:228,LDR:609,Distance:30
TEMT6000:229,LDR:608,Distance:30
TEMT6000:228,LDR:609,Distance:30
TEMT6000:229,LDR:608,Distance:30
TEMT6000:228,LDR:608,Distance:30
TEMT6000:228,LDR:608,Distance:30
TEMT6000:228,LDR:609,Distance:30
TEMT6000:227,LDR:609,Distance:30
TEMT6000:229,LDR:608,Distance:30
TEMT6000:227,LDR:608,Distance:30
TEMT6000:228,LDR:608,Distance:30
TEMT6000:228,LDR:608,Distance:30
TEMT6000:227,LDR:608,Distance:30
TEMT6000:227,LDR:608,Distance:30
TEMT6000:227,LDR:608,Distance:29
TEMT6000:228,LDR:607,Distance:29
TEMT6000:227,LDR:607,Distance:30
TEMT6000:226,LDR:608,Distance:29
TEMT6000:226,LDR:608,Distance:30
TEMT6000:227,LDR:607,Distance:29
TEMT6000:227,LDR:608,Distance:29
TEMT6000:227,LDR:607,Distance:29
TEMT6000:226,LDR:607,Distance:30
TEMT6000:228,LDR:606,Distance:29
TEMT6000:226,LDR:607,Distance:30
TEMT6000:227,LDR:607,Distance:30
TEMT6000:225,LDR:607,Distance:30
TEMT6000:227,LDR:606,Distance:30
TEMT6000:225,LDR:607,Distance:30
TEMT6000:226,LDR:606,Distance:30
TEMT6000:226,LDR:606,Distance:30
TEMT6000:226,LDR:606,Distance:30
TEMT6000:225,LDR:607,Distance:30
TEMT6000:227,LDR:606,Distance:30
TEMT6000:225,LDR:607,Distance:30
TEMT6000:225,LDR:606,Distance:30
TEMT6000:224,LDR:607,Distance:30
TEMT6000:225,LDR:607,Distance:30
TEMT6000:225,LDR:606,Distance:30
TEMT6000:226,LDR:605,Distance:30
TEMT6000:225,LDR:606,Distance:30
TEMT6000:225,LDR:606,Distance:30
TEMT6000:226,LDR:605,Distance:30
TEMT6000:224,LDR:606,Distance:30
TEMT6000:224,LDR:606,Distance:30
TEMT6000:225,LDR:606,Distance:29
TEMT6000:224,LDR:606,Distance:30
TEMT6000:225,LDR:605,Distance:29
TEMT6000:225,LDR:605,Distance:29
TEMT6000:225,LDR:605,Distance:30
TEMT6000:224,LDR:605,Distance:29
TEMT6000:224,LDR:605,Distance:29
TEMT6000:223,LDR:606,Distance:29
TEMT6000:224,LDR:605,Distance:30
TEMT6000:224,LDR:605,Distance:30
TEMT6000:225,LDR:606,Distance:30
TEMT6000:224,LDR:605,Distance:30
TEMT6000:223,LDR:606,Distance:30
TEMT6000:224,LDR:605,Distance:30
TEMT6000:223,LDR:605,Distance:30
TEMT6000:223,LDR:605,Distance:30
TEMT6000:225,LDR:605,Distance:30
TEMT6000:224,LDR:606,Distance:30
TEMT6000:224,LDR:605,Distance:30
TEMT6000:224,LDR:605,Distance:30
TEMT6000:223,LDR:605,Distance:30
TEMT6000:224,LDR:604,Distance:30
TEMT6000:224,LDR:606,Distance:30
TEMT6000:224,LDR:605,Distance:30
TEMT6000:223,LDR:605,Distance:30
TEMT6000:224,LDR:604,Distance:30
TEMT6000:224,LDR:605,Distance:31
TEMT6000:223,LDR:604,Distance:31
TEMT6000:222,LDR:605,Distance:31
TEMT6000:224,LDR:604,Distance:31
TEMT6000:222,LDR:605,Distance:31
TEMT6000:222,LDR:605,Distance:31
TEMT6000:222,LDR:605,Distance:31
TEMT6000:222,LDR:605,Distance:31
TEMT6000:223,LDR:604,Distance:31
TEMT6000:223,LDR:604,Distance:31
TEMT6000:222,LDR:604,Distance:31
TEMT6000:223,LDR:604,Distance:31
TEMT6000:223,LDR:604,Distance:31
TEMT6000:222,LDR:604,Distance:31
TEMT6000:222,LDR:604,Distance:31
TEMT6000:222,LDR:605,Distance:31
TEMT6000:222,LDR:605,Distance:31
TEMT6000:223,LDR:604,Distance:31
TEMT6000:223,LDR:604,Distance:31
TEMT6000:222,LDR:604,Distance:32
TEMT6000:222,LDR:604,Distance:31
TEMT6000:222,LDR:604,Distance:32
TEMT6000:222,LDR:604,Distance:32
TEMT6000:222,LDR:604,Distance:31
TEMT6000:222,LDR:604,Distance:32
TEMT6000:221,LDR:604,Distance:31
TEMT6000:222,LDR:603,Distance:31
TEMT6000:222,LDR:603,Distance:31
TEMT6000:221,LDR:603,Distance:31
TEMT6000:221,LDR:603,Distance:31
TEMT6000:221,LDR:603,Distance:31
TEMT6000:219,LDR:603,Distance:31
TEMT6000:221,LDR:603,Distance:31
TEMT6000:221,LDR:603,Distance:31
TEMT6000:220,LDR:603,Distance:31
TEMT6000:220,LDR:602,Distance:31
TEMT6000:221,LDR:602,Distance:31
TEMT6000:220,LDR:601,Distance:31
TEMT6000:219,LDR:603,Distance:31
TEMT6000:220,LDR:601,Distance:31
TEMT6000:218,LDR:602,Distance:31
TEMT6000:220,LDR:602,Distance:31
TEMT6000:219,LDR:602,Distance:32
TEMT6000:219,LDR:602,Distance:31
TEMT6000:219,LDR:601,Distance:31
TEMT6000:219,LDR:601,Distance:32
TEMT6000:217,LDR:602,Distance:32
TEMT6000:218,LDR:601,Distance:32
TEMT6000:218,LDR:601,Distance:32
TEMT6000:217,LDR:601,Distance:32
TEMT6000:217,LDR:601,Distance:32
TEMT6000:217,LDR:601,Distance:32
TEMT6000:218,LDR:600,Distance:32
TEMT6000:218,LDR:600,Distance:32
TEMT6000:218,LDR:600,Distance:32
TEMT6000:217,LDR:600,Distance:32
TEMT6000:217,LDR:601,Distance:32
TEMT6000:218,LDR:600,Distance:32
TEMT6000:216,LDR:600,Distance:32
TEMT6000:217,LDR:600,Distance:32
TEMT6000:217,LDR:600,Distance:32
TEMT6000:218,LDR:599,Distance:32
TEMT6000:218,LDR:600,Distance:32
TEMT6000:218,LDR:600,Distance:32
TEMT6000:216,LDR:600,Distance:32
TEMT6000:217,LDR:600,Distance:32
TEMT6000:217,LDR:600,Distance:32
TEMT6000:217,LDR:600,Distance:32
TEMT6000:218,LDR:600,Distance:32
TEMT6000:218,LDR:600,Distance:32
TEMT6000:217,LDR:600,Distance:32
TEMT6000:217,LDR:600,Distance:32
TEMT6000:217,LDR:600,Distance:32
TEMT6000:216,LDR:600,Distance:32
TEMT6000:217,LDR:600,Distance:32
TEMT6000:217,LDR:600,Distance:29
TEMT6000:217,LDR:600,Distance:29
TEMT6000:216,LDR:600,Distance:28
TEMT6000:217,LDR:600,Distance:28
TEMT6000:217,LDR:599,Distance:29
TEMT6000:217,LDR:599,Distance:29
TEMT6000:217,LDR:599,Distance:29
TEMT6000:217,LDR:599,Distance:29
TEMT6000:215,LDR:599,Distance:29
TEMT6000:217,LDR:599,Distance:29
TEMT6000:216,LDR:599,Distance:33
TEMT6000:216,LDR:599,Distance:32
TEMT6000:215,LDR:599,Distance:29
TEMT6000:215,LDR:599,Distance:29
TEMT6000:215,LDR:599,Distance:32
TEMT6000:216,LDR:599,Distance:33
TEMT6000:215,LDR:598,Distance:32
TEMT6000:215,LDR:598,Distance:30
TEMT6000:215,LDR:598,Distance:29
TEMT6000:215,LDR:598,Distance:29
TEMT6000:215,LDR:598,Distance:29
TEMT6000:215,LDR:599,Distance:30
TEMT6000:214,LDR:598,Distance:29
TEMT6000:215,LDR:598,Distance:29
TEMT6000:214,LDR:598,Distance:29
TEMT6000:214,LDR:597,Distance:29
TEMT6000:213,LDR:597,Distance:30
TEMT6000:213,LDR:597,Distance:33
TEMT6000:214,LDR:597,Distance:33
TEMT6000:212,LDR:598,Distance:30
TEMT6000:213,LDR:597,Distance:30
TEMT6000:212,LDR:598,Distance:29
TEMT6000:213,LDR:597,Distance:30
TEMT6000:213,LDR:597,Distance:29
TEMT6000:213,LDR:597,Distance:29
TEMT6000:213,LDR:597,Distance:29
TEMT6000:213,LDR:596,Distance:29
TEMT6000:213,LDR:596,Distance:29
TEMT6000:213,LDR:597,Distance:29
TEMT6000:212,LDR:597,Distance:29
TEMT6000:213,LDR:596,Distance:29
TEMT6000:213,LDR:597,Distance:29
TEMT6000:213,LDR:597,Distance:29
TEMT6000:213,LDR:597,Distance:29
TEMT6000:213,LDR:596,Distance:29
TEMT6000:213,LDR:596,Distance:29
TEMT6000:212,LDR:597,Distance:29
TEMT6000:213,LDR:597,Distance:29
TEMT6000:212,LDR:597,Distance:29
TEMT6000:212,LDR:597,Distance:29
TEMT6000:212,LDR:597,Distance:29
TEMT6000:212,LDR:597,Distance:30
TEMT6000:213,LDR:596,Distance:30
TEMT6000:212,LDR:597,Distance:30
TEMT6000:212,LDR:596,Distance:29
TEMT6000:212,LDR:597,Distance:29
TEMT6000:213,LDR:596,Distance:29
TEMT6000:212,LDR:596,Distance:29
TEMT6000:211,LDR:597,Distance:29
TEMT6000:211,LDR:596,Distance:29
TEMT6000:212,LDR:596,Distance:29
TEMT6000:211,LDR:596,Distance:29
TEMT6000:212,LDR:596,Distance:29
TEMT6000:211,LDR:596,Distance:29
TEMT6000:212,LDR:595,Distance:29
TEMT6000:211,LDR:596,Distance:30
TEMT6000:210,LDR:596,Distance:29
TEMT6000:211,LDR:595,Distance:29
TEMT6000:211,LDR:596,Distance:29
TEMT6000:211,LDR:595,Distance:29
TEMT6000:210,LDR:596,Distance:29
TEMT6000:211,LDR:596,Distance:29
TEMT6000:211,LDR:595,Distance:28
TEMT6000:210,LDR:594,Distance:28
TEMT6000:211,LDR:595,Distance:29
TEMT6000:210,LDR:595,Distance:28
TEMT6000:210,LDR:595,Distance:29
TEMT6000:210,LDR:595,Distance:29
TEMT6000:210,LDR:595,Distance:29
TEMT6000:210,LDR:594,Distance:29
TEMT6000:210,LDR:594,Distance:29
TEMT6000:210,LDR:595,Distance:29
TEMT6000:210,LDR:595,Distance:29
TEMT6000:209,LDR:595,Distance:29
TEMT6000:209,LDR:595,Distance:29
TEMT6000:210,LDR:595,Distance:29
TEMT6000:209,LDR:595,Distance:29
TEMT6000:210,LDR:595,Distance:29
TEMT6000:210,LDR:595,Distance:29
TEMT6000:210,LDR:594,Distance:29
TEMT6000:211,LDR:595,Distance:29
TEMT6000:211,LDR:595,Distance:29
TEMT6000:210,LDR:595,Distance:29
TEMT6000:210,LDR:595,Distance:29
TEMT6000:210,LDR:596,Distance:29
TEMT6000:210,LDR:595,Distance:29
TEMT6000:211,LDR:595,Distance:29
TEMT6000:211,LDR:595,Distance:29
TEMT6000:210,LDR:595,Distance:29
TEMT6000:210,LDR:594,Distance:29
TEMT6000:209,LDR:595,Distance:29
TEMT6000:210,LDR:595,Distance:29
TEMT6000:210,LDR:595,Distance:29
TEMT6000:210,LDR:595,Distance:29
TEMT6000:210,LDR:595,Distance:29
TEMT6000:210,LDR:594,Distance:29
TEMT6000:210,LDR:594,Distance:29
TEMT6000:209,LDR:595,Distance:29
TEMT6000:209,LDR:595,Distance:29
TEMT6000:209,LDR:595,Distance:29
TEMT6000:210,LDR:594,Distance:29
TEMT6000:209,LDR:594,Distance:29
TEMT6000:209,LDR:595,Distance:29
TEMT6000:209,LDR:594,Distance:29
TEMT6000:209,LDR:593,Distance:29
TEMT6000:209,LDR:594,Distance:29
TEMT6000:208,LDR:594,Distance:29
TEMT6000:210,LDR:593,Distance:29
TEMT6000:210,LDR:594,Distance:29
TEMT6000:208,LDR:594,Distance:29
TEMT6000:209,LDR:593,Distance:29
TEMT6000:209,LDR:593,Distance:29
TEMT6000:208,LDR:594,Distance:29
TEMT6000:208,LDR:594,Distance:29
TEMT6000:208,LDR:593,Distance:29
TEMT6000:208,LDR:593,Distance:29
TEMT6000:208,LDR:594,Distance:29
TEMT6000:208,LDR:592,Distance:29
TEMT6000:208,LDR:593,Distance:29
TEMT6000:207,LDR:593,Distance:29
TEMT6000:208,LDR:593,Distance:30
TEMT6000:209,LDR:593,Distance:30
TEMT6000:208,LDR:593,Distance:30
TEMT6000:207,LDR:593,Distance:30
TEMT6000:208,LDR:593,Distance:29
TEMT6000:208,LDR:592,Distance:29
TEMT6000:208,LDR:592,Distance:29
TEMT6000:208,LDR:592,Distance:30
TEMT6000:207,LDR:593,Distance:30
TEMT6000:207,LDR:593,Distance:30
TEMT6000:207,LDR:593,Distance:30
TEMT6000:208,LDR:593,Distance:30
TEMT6000:207,LDR:593,Distance:30
TEMT6000:208,LDR:592,Distance:30
TEMT6000:208,LDR:593,Distance:30
TEMT6000:208,LDR:592,Distance:30
TEMT6000:208,LDR:592,Distance:30
TEMT6000:207,LDR:592,Distance:30
TEMT6000:207,LDR:592,Distance:30
TEMT6000:207,LDR:592,Distance:29
TEMT6000:207,LDR:592,Distance:29
TEMT6000:207,LDR:592,Distance:29
TEMT6000:206,LDR:591,Distance:29
TEMT6000:205,LDR:592,Distance:29
TEMT6000:205,LDR:592,Distance:29
TEMT6000:206,LDR:591,Distance:29
TEMT6000:206,LDR:592,Distance:30
TEMT6000:206,LDR:591,Distance:30
TEMT6000:206,LDR:591,Distance:30
TEMT6000:205,LDR:591,Distance:31
TEMT6000:205,LDR:591,Distance:30
TEMT6000:206,LDR:591,Distance:30
TEMT6000:205,LDR:591,Distance:30
TEMT6000:205,LDR:591,Distance:30
TEMT6000:205,LDR:590,Distance:30
TEMT6000:205,LDR:591,Distance:30
TEMT6000:205,LDR:591,Distance:29
TEMT6000:204,LDR:590,Distance:30
TEMT6000:203,LDR:591,Distance:29
TEMT6000:205,LDR:590,Distance:30
TEMT6000:204,LDR:590,Distance:30
TEMT6000:204,LDR:590,Distance:30
TEMT6000:204,LDR:590,Distance:30
TEMT6000:204,LDR:589,Distance:30
TEMT6000:204,LDR:590,Distance:30
TEMT6000:205,LDR:590,Distance:30
TEMT6000:203,LDR:590,Distance:30
TEMT6000:203,LDR:590,Distance:30
TEMT6000:204,LDR:589,Distance:30
TEMT6000:204,LDR:589,Distance:31
TEMT6000:203,LDR:589,Distance:30
TEMT6000:203,LDR:590,Distance:30
TEMT6000:203,LDR:590,Distance:30
TEMT6000:203,LDR:589,Distance:30
TEMT6000:203,LDR:590,Distance:30
TEMT6000:203,LDR:589,Distance:30
TEMT6000:203,LDR:589,Distance:30
TEMT6000:204,LDR:588,Distance:30
TEMT6000:203,LDR:589,Distance:30
TEMT6000:202,LDR:589,Distance:30
TEMT6000:203,LDR:590,Distance:30
TEMT6000:202,LDR:589,Distance:30
TEMT6000:202,LDR:589,Distance:30
TEMT6000:203,LDR:589,Distance:30
TEMT6000:202,LDR:589,Distance:30
TEMT6000:202,LDR:588,Distance:30
TEMT6000:202,LDR:589,Distance:30
TEMT6000:201,LDR:589,Distance:31
TEMT6000:202,LDR:588,Distance:30
TEMT6000:203,LDR:588,Distance:30
TEMT6000:201,LDR:588,Distance:30
TEMT6000:201,LDR:588,Distance:30
TEMT6000:202,LDR:588,Distance:31
TEMT6000:202,LDR:588,Distance:30
TEMT6000:201,LDR:588,Distance:30
TEMT6000:202,LDR:587,Distance:31
TEMT6000:202,LDR:587,Distance:30
TEMT6000:201,LDR:588,Distance:30
TEMT6000:201,LDR:587,Distance:30
TEMT6000:201,LDR:587,Distance:30
TEMT6000:201,LDR:587,Distance:30
TEMT6000:201,LDR:587,Distance:31
TEMT6000:201,LDR:587,Distance:30
TEMT6000:199,LDR:588,Distance:30
TEMT6000:201,LDR:586,Distance:30
TEMT6000:201,LDR:587,Distance:30
TEMT6000:199,LDR:587,Distance:30
TEMT6000:201,LDR:587,Distance:30
TEMT6000:200,LDR:587,Distance:30
TEMT6000:200,LDR:587,Distance:30
TEMT6000:201,LDR:587,Distance:31
TEMT6000:201,LDR:587,Distance:30
TEMT6000:201,LDR:587,Distance:30
TEMT6000:200,LDR:587,Distance:30
TEMT6000:201,LDR:587,Distance:30
TEMT6000:200,LDR:587,Distance:31
TEMT6000:200,LDR:586,Distance:31
TEMT6000:200,LDR:587,Distance:31
TEMT6000:200,LDR:586,Distance:32
TEMT6000:200,LDR:586,Distance:32
TEMT6000:199,LDR:587,Distance:32
TEMT6000:199,LDR:586,Distance:32
TEMT6000:200,LDR:586,Distance:32
TEMT6000:199,LDR:587,Distance:32
TEMT6000:200,LDR:587,Distance:32
TEMT6000:199,LDR:586,Distance:32
TEMT6000:200,LDR:586,Distance:32
TEMT6000:199,LDR:587,Distance:32
TEMT6000:200,LDR:586,Distance:32
TEMT6000:200,LDR:586,Distance:32
TEMT6000:200,LDR:587,Distance:32
TEMT6000:200,LDR:587,Distance:31
TEMT6000:200,LDR:586,Distance:31
TEMT6000:199,LDR:587,Distance:31
TEMT6000:200,LDR:586,Distance:31
TEMT6000:199,LDR:586,Distance:31
TEMT6000:198,LDR:587,Distance:31
TEMT6000:199,LDR:585,Distance:31
TEMT6000:199,LDR:586,Distance:31
TEMT6000:199,LDR:586,Distance:31
TEMT6000:199,LDR:586,Distance:31
TEMT6000:199,LDR:585,Distance:31
TEMT6000:199,LDR:586,Distance:31
TEMT6000:199,LDR:585,Distance:32
TEMT6000:199,LDR:585,Distance:32
TEMT6000:199,LDR:585,Distance:32
TEMT6000:199,LDR:586,Distance:32
TEMT6000:198,LDR:585,Distance:32
TEMT6000:198,LDR:586,Distance:32
TEMT6000:199,LDR:585,Distance:32
TEMT6000:199,LDR:584,Distance:31
TEMT6000:199,LDR:585,Distance:31
TEMT6000:198,LDR:585,Distance:31
TEMT6000:198,LDR:585,Distance:31
TEMT6000:198,LDR:585,Distance:31
TEMT6000:198,LDR:584,Distance:31
TEMT6000:198,LDR:584,Distance:32
TEMT6000:198,LDR:584,Distance:31
TEMT6000:197,LDR:584,Distance:32
TEMT6000:197,LDR:584,Distance:32
TEMT6000:196,LDR:585,Distance:32
TEMT6000:197,LDR:584,Distance:32
TEMT6000:197,LDR:583,Distance:32
TEMT6000:196,LDR:584,Distance:32
TEMT6000:197,LDR:583,Distance:32
TEMT6000:196,LDR:584,Distance:32
TEMT6000:197,LDR:583,Distance:32
TEMT6000:195,LDR:584,Distance:32
TEMT6000:197,LDR:583,Distance:32
TEMT6000:196,LDR:584,Distance:31
TEMT6000:195,LDR:584,Distance:32
TEMT6000:197,LDR:582,Distance:32
TEMT6000:196,LDR:583,Distance:32
TEMT6000:196,LDR:583,Distance:32
TEMT6000:196,LDR:582,Distance:32
TEMT6000:196,LDR:582,Distance:32
TEMT6000:195,LDR:583,Distance:33
TEMT6000:197,LDR:582,Distance:33
TEMT6000:196,LDR:582,Distance:33
TEMT6000:195,LDR:582,Distance:33
TEMT6000:196,LDR:583,Distance:37
TEMT6000:196,LDR:582,Distance:34
TEMT6000:196,LDR:582,Distance:33
TEMT6000:195,LDR:582,Distance:32
TEMT6000:195,LDR:581,Distance:33
TEMT6000:195,LDR:582,Distance:33
TEMT6000:195,LDR:582,Distance:33
TEMT6000:194,LDR:582,Distance:33
TEMT6000:195,LDR:581,Distance:33
TEMT6000:195,LDR:582,Distance:32
TEMT6000:196,LDR:581,Distance:33
TEMT6000:195,LDR:581,Distance:32
TEMT6000:196,LDR:581,Distance:32
TEMT6000:195,LDR:582,Distance:32
TEMT6000:194,LDR:582,Distance:33
TEMT6000:195,LDR:582,Distance:33
TEMT6000:195,LDR:582,Distance:33
TEMT6000:196,LDR:581,Distance:33
TEMT6000:195,LDR:581,Distance:33
TEMT6000:194,LDR:582,Distance:33
TEMT6000:196,LDR:581,Distance:34
TEMT6000:196,LDR:581,Distance:33
TEMT6000:194,LDR:582,Distance:33
TEMT6000:195,LDR:582,Distance:34
TEMT6000:195,LDR:581,Distance:37
TEMT6000:195,LDR:580,Distance:37
TEMT6000:195,LDR:581,Distance:37
TEMT6000:195,LDR:581,Distance:34
TEMT6000:195,LDR:581,Distance:33
TEMT6000:195,LDR:580,Distance:33
TEMT6000:193,LDR:581,Distance:33
TEMT6000:195,LDR:581,Distance:33
TEMT6000:193,LDR:581,Distance:33
TEMT6000:194,LDR:580,Distance:33
TEMT6000:194,LDR:580,Distance:34
TEMT6000:193,LDR:580,Distance:34
TEMT6000:193,LDR:581,Distance:34
TEMT6000:193,LDR:580,Distance:34
TEMT6000:193,LDR:580,Distance:34
TEMT6000:193,LDR:579,Distance:33
TEMT6000:193,LDR:579,Distance:33
TEMT6000:193,LDR:579,Distance:33
TEMT6000:192,LDR:580,Distance:32
TEMT6000:193,LDR:579,Distance:33
TEMT6000:193,LDR:579,Distance:33
TEMT6000:192,LDR:580,Distance:33
TEMT6000:193,LDR:580,Distance:33
TEMT6000:193,LDR:579,Distance:33
TEMT6000:192,LDR:580,Distance:34
TEMT6000:192,LDR:580,Distance:34
TEMT6000:192,LDR:580,Distance:34
TEMT6000:192,LDR:579,Distance:34
TEMT6000:192,LDR:579,Distance:34
TEMT6000:193,LDR:579,Distance:34
TEMT6000:192,LDR:579,Distance:34
TEMT6000:192,LDR:579,Distance:34
TEMT6000:193,LDR:580,Distance:34
TEMT6000:191,LDR:580,Distance:34
TEMT6000:193,LDR:579,Distance:34
TEMT6000:193,LDR:579,Distance:34
TEMT6000:193,LDR:580,Distance:34
TEMT6000:193,LDR:579,Distance:34
TEMT6000:192,LDR:580,Distance:34
TEMT6000:193,LDR:579,Distance:34
TEMT6000:193,LDR:579,Distance:34
TEMT6000:192,LDR:580,Distance:34
TEMT6000:191,LDR:580,Distance:34
TEMT6000:193,LDR:580,Distance:34
TEMT6000:192,LDR:580,Distance:34
TEMT6000:193,LDR:579,Distance:33
TEMT6000:193,LDR:579,Distance:34
TEMT6000:192,LDR:580,Distance:33
TEMT6000:192,LDR:579,Distance:33
TEMT6000:192,LDR:580,Distance:33
TEMT6000:192,LDR:579,Distance:33
TEMT6000:191,LDR:579,Distance:33
TEMT6000:192,LDR:579,Distance:33
TEMT6000:192,LDR:579,Distance:33
TEMT6000:191,LDR:579,Distance:34
TEMT6000:191,LDR:579,Distance:34
TEMT6000:191,LDR:579,Distance:34
TEMT6000:191,LDR:578,Distance:34
TEMT6000:192,LDR:578,Distance:34
TEMT6000:191,LDR:579,Distance:34
TEMT6000:191,LDR:579,Distance:34
TEMT6000:192,LDR:578,Distance:33
TEMT6000:190,LDR:579,Distance:33
TEMT6000:191,LDR:579,Distance:34
TEMT6000:193,LDR:579,Distance:33
TEMT6000:191,LDR:577,Distance:33
TEMT6000:190,LDR:578,Distance:34
TEMT6000:191,LDR:579,Distance:33
TEMT6000:191,LDR:578,Distance:34
TEMT6000:192,LDR:578,Distance:34
TEMT6000:191,LDR:579,Distance:34
TEMT6000:192,LDR:578,Distance:34
TEMT6000:191,LDR:578,Distance:35
TEMT6000:190,LDR:578,Distance:35
TEMT6000:190,LDR:579,Distance:34
TEMT6000:191,LDR:577,Distance:34
TEMT6000:191,LDR:578,Distance:35
TEMT6000:191,LDR:578,Distance:35
TEMT6000:191,LDR:578,Distance:34
TEMT6000:191,LDR:577,Distance:34
TEMT6000:190,LDR:578,Distance:34
TEMT6000:191,LDR:577,Distance:34
TEMT6000:191,LDR:577,Distance:35
TEMT6000:191,LDR:577,Distance:35
TEMT6000:190,LDR:577,Distance:35
TEMT6000:189,LDR:577,Distance:35
TEMT6000:190,LDR:576,Distance:35
TEMT6000:190,LDR:576,Distance:35
TEMT6000:189,LDR:577,Distance:35
TEMT6000:189,LDR:577,Distance:35
TEMT6000:190,LDR:576,Distance:34
TEMT6000:188,LDR:576,Distance:35
TEMT6000:189,LDR:575,Distance:35
TEMT6000:189,LDR:576,Distance:35
TEMT6000:189,LDR:575,Distance:35
TEMT6000:189,LDR:576,Distance:35
TEMT6000:189,LDR:575,Distance:35
TEMT6000:189,LDR:576,Distance:35
TEMT6000:189,LDR:576,Distance:35
TEMT6000:189,LDR:575,Distance:35
TEMT6000:188,LDR:576,Distance:35
TEMT6000:188,LDR:575,Distance:35
TEMT6000:187,LDR:575,Distance:35
TEMT6000:189,LDR:575,Distance:35
TEMT6000:189,LDR:575,Distance:36
TEMT6000:188,LDR:576,Distance:36
TEMT6000:188,LDR:575,Distance:36
TEMT6000:188,LDR:575,Distance:36
TEMT6000:188,LDR:575,Distance:37
TEMT6000:188,LDR:574,Distance:37
TEMT6000:188,LDR:574,Distance:37
TEMT6000:188,LDR:575,Distance:37
TEMT6000:188,LDR:575,Distance:37
TEMT6000:188,LDR:575,Distance:37
TEMT6000:188,LDR:574,Distance:37
TEMT6000:188,LDR:575,Distance:37
TEMT6000:187,LDR:575,Distance:37
TEMT6000:188,LDR:575,Distance:37
TEMT6000:187,LDR:574,Distance:39
TEMT6000:188,LDR:574,Distance:39
TEMT6000:188,LDR:575,Distance:40
TEMT6000:187,LDR:576,Distance:37
TEMT6000:189,LDR:575,Distance:39
TEMT6000:189,LDR:575,Distance:40
TEMT6000:188,LDR:576,Distance:40
TEMT6000:188,LDR:575,Distance:40
TEMT6000:189,LDR:575,Distance:40
TEMT6000:188,LDR:576,Distance:40
TEMT6000:189,LDR:575,Distance:40
TEMT6000:189,LDR:575,Distance:40
TEMT6000:188,LDR:576,Distance:40
TEMT6000:189,LDR:576,Distance:37
TEMT6000:189,LDR:575,Distance:37
TEMT6000:189,LDR:576,Distance:39
TEMT6000:189,LDR:575,Distance:39
TEMT6000:188,LDR:576,Distance:40
TEMT6000:188,LDR:576,Distance:40
TEMT6000:189,LDR:576,Distance:40
TEMT6000:189,LDR:575,Distance:40
TEMT6000:189,LDR:576,Distance:40
TEMT6000:188,LDR:576,Distance:40
TEMT6000:189,LDR:576,Distance:39
TEMT6000:189,LDR:576,Distance:39
TEMT6000:189,LDR:575,Distance:40
TEMT6000:189,LDR:576,Distance:39
TEMT6000:189,LDR:576,Distance:40
TEMT6000:189,LDR:575,Distance:40
TEMT6000:189,LDR:576,Distance:39
TEMT6000:188,LDR:576,Distance:40
TEMT6000:188,LDR:576,Distance:40
TEMT6000:189,LDR:575,Distance:37
TEMT6000:188,LDR:576,Distance:38
TEMT6000:189,LDR:575,Distance:37
TEMT6000:188,LDR:575,Distance:37
TEMT6000:187,LDR:576,Distance:40
TEMT6000:189,LDR:575,Distance:39
TEMT6000:188,LDR:575,Distance:40
TEMT6000:187,LDR:575,Distance:40
TEMT6000:188,LDR:575,Distance:40
TEMT6000:188,LDR:574,Distance:40
TEMT6000:187,LDR:574,Distance:40
TEMT6000:187,LDR:575,Distance:40
TEMT6000:188,LDR:575,Distance:40
TEMT6000:187,LDR:575,Distance:40
TEMT6000:187,LDR:575,Distance:39
TEMT6000:188,LDR:575,Distance:40
TEMT6000:187,LDR:574,Distance:39
TEMT6000:187,LDR:575,Distance:40
TEMT6000:188,LDR:575,Distance:39
TEMT6000:188,LDR:574,Distance:40
TEMT6000:188,LDR:575,Distance:40
TEMT6000:188,LDR:574,Distance:40
TEMT6000:188,LDR:574,Distance:40
TEMT6000:187,LDR:575,Distance:40
TEMT6000:188,LDR:575,Distance:40
TEMT6000:187,LDR:574,Distance:40
TEMT6000:187,LDR:575,Distance:40
TEMT6000:186,LDR:575,Distance:40
TEMT6000:188,LDR:575,Distance:40
TEMT6000:187,LDR:575,Distance:40
TEMT6000:188,LDR:574,Distance:40
TEMT6000:188,LDR:574,Distance:40
TEMT6000:187,LDR:574,Distance:40
TEMT6000:188,LDR:575,Distance:40
TEMT6000:188,LDR:574,Distance:40
TEMT6000:186,LDR:574,Distance:40
TEMT6000:188,LDR:573,Distance:40
TEMT6000:187,LDR:574,Distance:40
TEMT6000:187,LDR:574,Distance:38
TEMT6000:188,LDR:574,Distance:38
TEMT6000:187,LDR:574,Distance:39
TEMT6000:187,LDR:573,Distance:40
TEMT6000:187,LDR:574,Distance:38
TEMT6000:186,LDR:574,Distance:38
TEMT6000:187,LDR:574,Distance:39
TEMT6000:186,LDR:574,Distance:40
TEMT6000:186,LDR:573,Distance:38
TEMT6000:186,LDR:574,Distance:40
TEMT6000:185,LDR:573,Distance:41
TEMT6000:186,LDR:572,Distance:40
TEMT6000:186,LDR:574,Distance:40
TEMT6000:185,LDR:572,Distance:40
TEMT6000:185,LDR:573,Distance:40
TEMT6000:185,LDR:572,Distance:40
TEMT6000:184,LDR:573,Distance:41
TEMT6000:185,LDR:573,Distance:40
TEMT6000:184,LDR:573,Distance:40
TEMT6000:185,LDR:572,Distance:40
TEMT6000:185,LDR:572,Distance:40
TEMT6000:184,LDR:573,Distance:40
TEMT6000:185,LDR:573,Distance:40
TEMT6000:185,LDR:573,Distance:40
TEMT6000:185,LDR:573,Distance:40
TEMT6000:185,LDR:573,Distance:41
TEMT6000:185,LDR:573,Distance:40
TEMT6000:187,LDR:573,Distance:40
TEMT6000:187,LDR:574,Distance:40
TEMT6000:186,LDR:574,Distance:40
TEMT6000:187,LDR:574,Distance:40
TEMT6000:187,LDR:573,Distance:40
TEMT6000:187,LDR:574,Distance:40
TEMT6000:187,LDR:574,Distance:40
TEMT6000:187,LDR:574,Distance:39
TEMT6000:187,LDR:574,Distance:40
TEMT6000:186,LDR:575,Distance:40
TEMT6000:187,LDR:573,Distance:39
TEMT6000:187,LDR:574,Distance:40
TEMT6000:187,LDR:574,Distance:40
TEMT6000:187,LDR:575,Distance:40
TEMT6000:187,LDR:574,Distance:40
TEMT6000:187,LDR:573,Distance:40
TEMT6000:187,LDR:574,Distance:40
TEMT6000:188,LDR:573,Distance:40
TEMT6000:186,LDR:575,Distance:40
TEMT6000:187,LDR:574,Distance:40
TEMT6000:186,LDR:574,Distance:40
TEMT6000:187,LDR:574,Distance:40
TEMT6000:187,LDR:574,Distance:40
TEMT6000:187,LDR:574,Distance:40
TEMT6000:188,LDR:574,Distance:40
TEMT6000:186,LDR:574,Distance:40
TEMT6000:187,LDR:574,Distance:40
TEMT6000:188,LDR:574,Distance:41
TEMT6000:186,LDR:574,Distance:40
TEMT6000:187,LDR:574,Distance:41
TEMT6000:187,LDR:574,Distance:40
TEMT6000:188,LDR:573,Distance:41
TEMT6000:187,LDR:573,Distance:41
TEMT6000:186,LDR:573,Distance:40
TEMT6000:186,LDR:574,Distance:40
TEMT6000:186,LDR:574,Distance:40
TEMT6000:186,LDR:573,Distance:40
TEMT6000:186,LDR:573,Distance:38
TEMT6000:185,LDR:573,Distance:41
TEMT6000:186,LDR:574,Distance:41
TEMT6000:187,LDR:572,Distance:41
TEMT6000:187,LDR:572,Distance:41
TEMT6000:186,LDR:573,Distance:39
TEMT6000:186,LDR:573,Distance:41
TEMT6000:186,LDR:573,Distance:40
TEMT6000:187,LDR:573,Distance:41
TEMT6000:186,LDR:573,Distance:40
TEMT6000:186,LDR:572,Distance:40
TEMT6000:185,LDR:573,Distance:40
TEMT6000:186,LDR:573,Distance:40
TEMT6000:186,LDR:572,Distance:40
TEMT6000:186,LDR:572,Distance:41
TEMT6000:186,LDR:574,Distance:41
TEMT6000:185,LDR:573,Distance:41
TEMT6000:186,LDR:572,Distance:41
TEMT6000:186,LDR:573,Distance:41
TEMT6000:185,LDR:573,Distance:41
TEMT6000:185,LDR:573,Distance:42
TEMT6000:185,LDR:573,Distance:41
TEMT6000:184,LDR:573,Distance:41
TEMT6000:186,LDR:573,Distance:41
TEMT6000:185,LDR:572,Distance:41
TEMT6000:184,LDR:573,Distance:41
TEMT6000:185,LDR:572,Distance:41
TEMT6000:185,LDR:572,Distance:41
TEMT6000:184,LDR:573,Distance:41
TEMT6000:185,LDR:572,Distance:41
TEMT6000:185,LDR:572,Distance:41
TEMT6000:185,LDR:572,Distance:41
TEMT6000:185,LDR:571,Distance:41
TEMT6000:185,LDR:572,Distance:41
TEMT6000:184,LDR:572,Distance:41
TEMT6000:185,LDR:572,Distance:41
TEMT6000:184,LDR:572,Distance:41
TEMT6000:185,LDR:572,Distance:41
TEMT6000:185,LDR:572,Distance:41
TEMT6000:185,LDR:571,Distance:41
TEMT6000:184,LDR:572,Distance:40
TEMT6000:185,LDR:572,Distance:41
TEMT6000:184,LDR:571,Distance:40
TEMT6000:185,LDR:572,Distance:41
TEMT6000:185,LDR:572,Distance:41
TEMT6000:184,LDR:573,Distance:41
TEMT6000:184,LDR:573,Distance:41
TEMT6000:185,LDR:572,Distance:40
TEMT6000:184,LDR:572,Distance:40
TEMT6000:186,LDR:572,Distance:41
TEMT6000:184,LDR:573,Distance:41
TEMT6000:185,LDR:571,Distance:41
TEMT6000:186,LDR:572,Distance:41
TEMT6000:185,LDR:572,Distance:41
TEMT6000:185,LDR:572,Distance:41
TEMT6000:185,LDR:572,Distance:40
TEMT6000:185,LDR:572,Distance:40
TEMT6000:185,LDR:573,Distance:40
TEMT6000:185,LDR:572,Distance:40
TEMT6000:186,LDR:572,Distance:40
TEMT6000:185,LDR:573,Distance:40
TEMT6000:185,LDR:573,Distance:41
TEMT6000:186,LDR:572,Distance:40
TEMT6000:185,LDR:571,Distance:40
TEMT6000:186,LDR:572,Distance:40
TEMT6000:184,LDR:573,Distance:40
TEMT6000:184,LDR:572,Distance:40
TEMT6000:186,LDR:572,Distance:41
TEMT6000:185,LDR:572,Distance:41
TEMT6000:185,LDR:572,Distance:41
TEMT6000:184,LDR:572,Distance:41
TEMT6000:185,LDR:572,Distance:41
TEMT6000:186,LDR:572,Distance:41
TEMT6000:185,LDR:571,Distance:41
TEMT6000:184,LDR:572,Distance:39
TEMT6000:185,LDR:572,Distance:39
TEMT6000:185,LDR:572,Distance:39
TEMT6000:184,LDR:572,Distance:38
TEMT6000:185,LDR:571,Distance:39
TEMT6000:184,LDR:572,Distance:39
TEMT6000:185,LDR:571,Distance:39
TEMT6000:184,LDR:572,Distance:39
TEMT6000:185,LDR:571,Distance:41
TEMT6000:184,LDR:572,Distance:40
TEMT6000:184,LDR:572,Distance:42
TEMT6000:184,LDR:572,Distance:40
TEMT6000:184,LDR:572,Distance:39
TEMT6000:184,LDR:571,Distance:39
TEMT6000:184,LDR:571,Distance:39
TEMT6000:184,LDR:572,Distance:39
TEMT6000:183,LDR:572,Distance:38
TEMT6000:184,LDR:572,Distance:38
TEMT6000:184,LDR:572,Distance:38
TEMT6000:184,LDR:572,Distance:39
TEMT6000:184,LDR:572,Distance:39
TEMT6000:184,LDR:571,Distance:39
TEMT6000:184,LDR:572,Distance:38
TEMT6000:184,LDR:571,Distance:38
TEMT6000:184,LDR:571,Distance:39
TEMT6000:184,LDR:572,Distance:39
TEMT6000:184,LDR:571,Distance:39
TEMT6000:184,LDR:571,Distance:39
TEMT6000:184,LDR:571,Distance:39
TEMT6000:183,LDR:571,Distance:39
TEMT6000:184,LDR:570,Distance:40
TEMT6000:183,LDR:571,Distance:42
TEMT6000:183,LDR:571,Distance:40
TEMT6000:184,LDR:571,Distance:40
TEMT6000:184,LDR:570,Distance:41
TEMT6000:184,LDR:571,Distance:41
TEMT6000:184,LDR:571,Distance:42
TEMT6000:184,LDR:570,Distance:42
TEMT6000:183,LDR:571,Distance:42
TEMT6000:183,LDR:571,Distance:42
TEMT6000:183,LDR:571,Distance:42
TEMT6000:184,LDR:570,Distance:42
TEMT6000:183,LDR:571,Distance:42
TEMT6000:184,LDR:570,Distance:42
TEMT6000:184,LDR:570,Distance:41
TEMT6000:184,LDR:571,Distance:42
TEMT6000:184,LDR:570,Distance:42
TEMT6000:184,LDR:571,Distance:41
TEMT6000:184,LDR:571,Distance:42
TEMT6000:183,LDR:571,Distance:42
TEMT6000:184,LDR:570,Distance:42
TEMT6000:183,LDR:571,Distance:42
TEMT6000:183,LDR:571,Distance:41
TEMT6000:184,LDR:570,Distance:42
TEMT6000:183,LDR:571,Distance:42
TEMT6000:182,LDR:570,Distance:42
TEMT6000:183,LDR:570,Distance:42
TEMT6000:184,LDR:570,Distance:42
TEMT6000:183,LDR:570,Distance:42
TEMT6000:182,LDR:570,Distance:42
TEMT6000:183,LDR:571,Distance:42
TEMT6000:183,LDR:570,Distance:42
TEMT6000:183,LDR:569,Distance:40
TEMT6000:183,LDR:570,Distance:40
TEMT6000:183,LDR:569,Distance:43
TEMT6000:182,LDR:571,Distance:40
TEMT6000:183,LDR:570,Distance:43
TEMT6000:182,LDR:569,Distance:42
TEMT6000:182,LDR:569,Distance:42
TEMT6000:183,LDR:569,Distance:42
TEMT6000:183,LDR:569,Distance:43
TEMT6000:183,LDR:569,Distance:42
TEMT6000:182,LDR:570,Distance:42
TEMT6000:183,LDR:569,Distance:42
TEMT6000:182,LDR:569,Distance:43
TEMT6000:182,LDR:569,Distance:43
TEMT6000:182,LDR:569,Distance:40
TEMT6000:182,LDR:569,Distance:43
TEMT6000:183,LDR:569,Distance:40
TEMT6000:182,LDR:569,Distance:41
TEMT6000:182,LDR:568,Distance:43
TEMT6000:183,LDR:569,Distance:41
TEMT6000:182,LDR:569,Distance:43
TEMT6000:182,LDR:568,Distance:42
TEMT6000:181,LDR:569,Distance:43
TEMT6000:181,LDR:569,Distance:41
TEMT6000:183,LDR:568,Distance:42
TEMT6000:182,LDR:568,Distance:41
TEMT6000:182,LDR:569,Distance:43
TEMT6000:182,LDR:569,Distance:40
TEMT6000:181,LDR:568,Distance:40
TEMT6000:182,LDR:568,Distance:41
TEMT6000:181,LDR:569,Distance:40
TEMT6000:182,LDR:568,Distance:40
TEMT6000:182,LDR:568,Distance:40
TEMT6000:182,LDR:568,Distance:40
TEMT6000:181,LDR:569,Distance:42
TEMT6000:181,LDR:568,Distance:42
TEMT6000:181,LDR:568,Distance:43
TEMT6000:182,LDR:569,Distance:41
TEMT6000:181,LDR:568,Distance:41
TEMT6000:181,LDR:568,Distance:40
TEMT6000:181,LDR:569,Distance:43
TEMT6000:181,LDR:568,Distance:43
TEMT6000:182,LDR:568,Distance:43
TEMT6000:182,LDR:568,Distance:43
TEMT6000:182,LDR:568,Distance:40
TEMT6000:181,LDR:568,Distance:40
TEMT6000:182,LDR:568,Distance:40
TEMT6000:182,LDR:568,Distance:40
TEMT6000:181,LDR:568,Distance:40
TEMT6000:181,LDR:569,Distance:40
TEMT6000:182,LDR:568,Distance:40
TEMT6000:180,LDR:569,Distance:40
TEMT6000:182,LDR:568,Distance:40
TEMT6000:181,LDR:569,Distance:40
TEMT6000:181,LDR:568,Distance:41
TEMT6000:181,LDR:568,Distance:43
TEMT6000:181,LDR:568,Distance:43
TEMT6000:180,LDR:569,Distance:43
TEMT6000:181,LDR:568,Distance:44
TEMT6000:181,LDR:568,Distance:43
TEMT6000:181,LDR:568,Distance:43
TEMT6000:180,LDR:568,Distance:44
TEMT6000:180,LDR:568,Distance:41
TEMT6000:181,LDR:567,Distance:40
TEMT6000:180,LDR:567,Distance:41
TEMT6000:182,LDR:568,Distance:40
TEMT6000:181,LDR:567,Distance:41
TEMT6000:181,LDR:567,Distance:40
TEMT6000:180,LDR:568,Distance:40
TEMT6000:180,LDR:568,Distance:40
TEMT6000:181,LDR:568,Distance:40
TEMT6000:181,LDR:567,Distance:40
TEMT6000:180,LDR:568,Distance:40
TEMT6000:180,LDR:568,Distance:40
TEMT6000:180,LDR:567,Distance:41
TEMT6000:180,LDR:568,Distance:41
TEMT6000:181,LDR:567,Distance:41
TEMT6000:181,LDR:567,Distance:41
TEMT6000:181,LDR:567,Distance:42
TEMT6000:180,LDR:566,Distance:41
TEMT6000:179,LDR:568,Distance:40
TEMT6000:181,LDR:567,Distance:40
TEMT6000:180,LDR:566,Distance:41
TEMT6000:181,LDR:567,Distance:40
TEMT6000:179,LDR:568,Distance:41
TEMT6000:180,LDR:567,Distance:40
TEMT6000:179,LDR:567,Distance:40
TEMT6000:179,LDR:566,Distance:40
TEMT6000:180,LDR:567,Distance:40
TEMT6000:179,LDR:567,Distance:41
TEMT6000:179,LDR:567,Distance:40
TEMT6000:179,LDR:567,Distance:41
TEMT6000:180,LDR:566,Distance:41
TEMT6000:180,LDR:566,Distance:41
TEMT6000:180,LDR:566,Distance:41
TEMT6000:179,LDR:567,Distance:42
TEMT6000:179,LDR:566,Distance:41
TEMT6000:179,LDR:566,Distance:42
TEMT6000:179,LDR:567,Distance:41
TEMT6000:179,LDR:566,Distance:41
TEMT6000:179,LDR:567,Distance:41
TEMT6000:179,LDR:567,Distance:41
TEMT6000:179,LDR:567,Distance:41
TEMT6000:179,LDR:566,Distance:41
TEMT6000:179,LDR:567,Distance:41
TEMT6000:178,LDR:567,Distance:41
TEMT6000:180,LDR:566,Distance:41
TEMT6000:178,LDR:567,Distance:41
TEMT6000:179,LDR:567,Distance:41
TEMT6000:180,LDR:567,Distance:41
TEMT6000:179,LDR:566,Distance:41
TEMT6000:179,LDR:567,Distance:41
TEMT6000:180,LDR:566,Distance:42
TEMT6000:179,LDR:566,Distance:41
TEMT6000:179,LDR:567,Distance:41
TEMT6000:180,LDR:566,Distance:41
TEMT6000:179,LDR:567,Distance:41
TEMT6000:179,LDR:567,Distance:40
TEMT6000:180,LDR:566,Distance:41
TEMT6000:179,LDR:567,Distance:41
TEMT6000:179,LDR:566,Distance:40
TEMT6000:179,LDR:565,Distance:41
TEMT6000:179,LDR:566,Distance:41
TEMT6000:179,LDR:566,Distance:41
TEMT6000:180,LDR:565,Distance:41
TEMT6000:178,LDR:566,Distance:41
TEMT6000:178,LDR:566,Distance:41
TEMT6000:178,LDR:566,Distance:41
TEMT6000:178,LDR:566,Distance:42
TEMT6000:179,LDR:566,Distance:41
TEMT6000:179,LDR:566,Distance:41
TEMT6000:178,LDR:565,Distance:42
TEMT6000:179,LDR:565,Distance:41
TEMT6000:178,LDR:566,Distance:41
TEMT6000:178,LDR:565,Distance:40
TEMT6000:178,LDR:565,Distance:41
TEMT6000:178,LDR:565,Distance:40
TEMT6000:179,LDR:566,Distance:41
TEMT6000:178,LDR:566,Distance:41
TEMT6000:177,LDR:565,Distance:41
TEMT6000:179,LDR:565,Distance:41
TEMT6000:178,LDR:565,Distance:41
TEMT6000:178,LDR:565,Distance:41
TEMT6000:177,LDR:566,Distance:41
TEMT6000:178,LDR:565,Distance:42
TEMT6000:179,LDR:565,Distance:41
TEMT6000:177,LDR:565,Distance:42
TEMT6000:178,LDR:565,Distance:42
TEMT6000:178,LDR:565,Distance:41
TEMT6000:178,LDR:564,Distance:41
TEMT6000:177,LDR:565,Distance:41
TEMT6000:178,LDR:564,Distance:41
TEMT6000:177,LDR:565,Distance:42
TEMT6000:178,LDR:564,Distance:41
TEMT6000:178,LDR:565,Distance:42
TEMT6000:178,LDR:565,Distance:41
TEMT6000:177,LDR:565,Distance:41
TEMT6000:178,LDR:564,Distance:42
TEMT6000:178,LDR:564,Distance:41
TEMT6000:176,LDR:565,Distance:42
TEMT6000:177,LDR:565,Distance:42
TEMT6000:177,LDR:565,Distance:41
TEMT6000:176,LDR:564,Distance:42
TEMT6000:177,LDR:564,Distance:42
TEMT6000:177,LDR:564,Distance:42
TEMT6000:177,LDR:564,Distance:42
TEMT6000:177,LDR:565,Distance:42
TEMT6000:176,LDR:565,Distance:42
TEMT6000:178,LDR:564,Distance:42
TEMT6000:177,LDR:564,Distance:42
TEMT6000:177,LDR:565,Distance:42
TEMT6000:177,LDR:564,Distance:42
TEMT6000:177,LDR:564,Distance:42
TEMT6000:177,LDR:565,Distance:42
TEMT6000:177,LDR:565,Distance:42
TEMT6000:178,LDR:564,Distance:42
TEMT6000:176,LDR:565,Distance:42
TEMT6000:177,LDR:564,Distance:42
TEMT6000:177,LDR:564,Distance:42
TEMT6000:177,LDR:564,Distance:42
TEMT6000:178,LDR:565,Distance:41
TEMT6000:177,LDR:565,Distance:42
TEMT6000:177,LDR:565,Distance:42
TEMT6000:177,LDR:565,Distance:42
TEMT6000:177,LDR:564,Distance:42
TEMT6000:177,LDR:564,Distance:42
TEMT6000:176,LDR:565,Distance:42
TEMT6000:176,LDR:565,Distance:42
TEMT6000:177,LDR:564,Distance:42
TEMT6000:177,LDR:563,Distance:41
TEMT6000:176,LDR:564,Distance:41
TEMT6000:176,LDR:564,Distance:42
TEMT6000:176,LDR:564,Distance:41
TEMT6000:176,LDR:564,Distance:41
TEMT6000:176,LDR:564,Distance:41
TEMT6000:175,LDR:564,Distance:42
TEMT6000:177,LDR:564,Distance:42
TEMT6000:176,LDR:564,Distance:42
TEMT6000:176,LDR:563,Distance:42
TEMT6000:176,LDR:564,Distance:42
TEMT6000:177,LDR:563,Distance:43
TEMT6000:177,LDR:564,Distance:42
TEMT6000:176,LDR:564,Distance:42
TEMT6000:176,LDR:564,Distance:42
TEMT6000:176,LDR:564,Distance:43
TEMT6000:176,LDR:564,Distance:43
TEMT6000:177,LDR:563,Distance:42
TEMT6000:175,LDR:564,Distance:43
TEMT6000:176,LDR:563,Distance:42
TEMT6000:177,LDR:563,Distance:42
TEMT6000:176,LDR:564,Distance:42
TEMT6000:176,LDR:564,Distance:43
TEMT6000:175,LDR:564,Distance:43
TEMT6000:176,LDR:563,Distance:42
TEMT6000:175,LDR:564,Distance:43
TEMT6000:176,LDR:563,Distance:43
TEMT6000:176,LDR:563,Distance:43
TEMT6000:176,LDR:563,Distance:44
TEMT6000:175,LDR:564,Distance:43
TEMT6000:176,LDR:564,Distance:43
TEMT6000:176,LDR:563,Distance:42
TEMT6000:175,LDR:563,Distance:42
TEMT6000:176,LDR:563,Distance:42
TEMT6000:176,LDR:563,Distance:42
TEMT6000:176,LDR:562,Distance:43
TEMT6000:175,LDR:563,Distance:43
TEMT6000:176,LDR:563,Distance:43
TEMT6000:175,LDR:563,Distance:43
TEMT6000:175,LDR:563,Distance:43
TEMT6000:176,LDR:562,Distance:43
TEMT6000:175,LDR:563,Distance:43
TEMT6000:176,LDR:563,Distance:43
TEMT6000:176,LDR:562,Distance:43
TEMT6000:174,LDR:563,Distance:43
TEMT6000:175,LDR:563,Distance:43
TEMT6000:175,LDR:562,Distance:43
TEMT6000:175,LDR:563,Distance:43
TEMT6000:175,LDR:563,Distance:43
TEMT6000:175,LDR:562,Distance:43
TEMT6000:176,LDR:563,Distance:43
TEMT6000:175,LDR:563,Distance:43
TEMT6000:176,LDR:562,Distance:43
TEMT6000:175,LDR:563,Distance:43
TEMT6000:176,LDR:562,Distance:43
TEMT6000:176,LDR:563,Distance:43
TEMT6000:175,LDR:564,Distance:43
TEMT6000:176,LDR:563,Distance:43
TEMT6000:175,LDR:564,Distance:43
TEMT6000:176,LDR:563,Distance:44
TEMT6000:176,LDR:564,Distance:44
TEMT6000:176,LDR:563,Distance:43
TEMT6000:176,LDR:563,Distance:44
TEMT6000:175,LDR:563,Distance:43
TEMT6000:175,LDR:564,Distance:43
TEMT6000:175,LDR:563,Distance:43
TEMT6000:175,LDR:563,Distance:43
TEMT6000:176,LDR:563,Distance:43
TEMT6000:176,LDR:563,Distance:43
TEMT6000:175,LDR:562,Distance:43
TEMT6000:176,LDR:563,Distance:43
TEMT6000:174,LDR:563,Distance:43
TEMT6000:176,LDR:563,Distance:42
TEMT6000:175,LDR:562,Distance:43
TEMT6000:175,LDR:562,Distance:43
TEMT6000:175,LDR:563,Distance:43
TEMT6000:175,LDR:562,Distance:43
TEMT6000:176,LDR:563,Distance:43
TEMT6000:175,LDR:563,Distance:44
TEMT6000:175,LDR:562,Distance:43
TEMT6000:175,LDR:562,Distance:44
TEMT6000:175,LDR:563,Distance:43
TEMT6000:176,LDR:563,Distance:44
TEMT6000:176,LDR:562,Distance:44
TEMT6000:174,LDR:563,Distance:44
TEMT6000:175,LDR:562,Distance:44
TEMT6000:175,LDR:562,Distance:43
TEMT6000:175,LDR:562,Distance:44
TEMT6000:175,LDR:562,Distance:43
TEMT6000:174,LDR:562,Distance:43
TEMT6000:174,LDR:563,Distance:44
TEMT6000:175,LDR:562,Distance:44
TEMT6000:175,LDR:562,Distance:43
TEMT6000:175,LDR:562,Distance:43
TEMT6000:175,LDR:562,Distance:43
TEMT6000:175,LDR:562,Distance:43
TEMT6000:174,LDR:563,Distance:44
TEMT6000:174,LDR:562,Distance:43
TEMT6000:174,LDR:562,Distance:43
TEMT6000:174,LDR:562,Distance:43
TEMT6000:174,LDR:563,Distance:43
TEMT6000:174,LDR:561,Distance:44
TEMT6000:175,LDR:562,Distance:44
TEMT6000:174,LDR:562,Distance:44
TEMT6000:174,LDR:562,Distance:44
TEMT6000:175,LDR:561,Distance:44
TEMT6000:175,LDR:561,Distance:43
TEMT6000:175,LDR:561,Distance:43
TEMT6000:174,LDR:562,Distance:44
TEMT6000:174,LDR:562,Distance:44
TEMT6000:175,LDR:561,Distance:44
TEMT6000:173,LDR:562,Distance:45
TEMT6000:175,LDR:561,Distance:44
TEMT6000:173,LDR:562,Distance:44
TEMT6000:175,LDR:561,Distance:44
TEMT6000:175,LDR:561,Distance:44
TEMT6000:174,LDR:561,Distance:44
TEMT6000:174,LDR:561,Distance:44
TEMT6000:174,LDR:561,Distance:44
TEMT6000:175,LDR:561,Distance:45
TEMT6000:174,LDR:561,Distance:44
TEMT6000:174,LDR:561,Distance:44
TEMT6000:174,LDR:561,Distance:45
TEMT6000:173,LDR:561,Distance:45
TEMT6000:174,LDR:560,Distance:44
TEMT6000:173,LDR:561,Distance:44
TEMT6000:174,LDR:560,Distance:44
TEMT6000:174,LDR:561,Distance:44
TEMT6000:173,LDR:561,Distance:44
TEMT6000:174,LDR:560,Distance:44
TEMT6000:174,LDR:561,Distance:44
TEMT6000:173,LDR:561,Distance:44
TEMT6000:174,LDR:561,Distance:44
TEMT6000:173,LDR:561,Distance:44
TEMT6000:174,LDR:561,Distance:44
TEMT6000:173,LDR:561,Distance:44
TEMT6000:173,LDR:560,Distance:45
TEMT6000:174,LDR:560,Distance:45
TEMT6000:172,LDR:561,Distance:45
TEMT6000:173,LDR:561,Distance:46
TEMT6000:173,LDR:560,Distance:45
TEMT6000:172,LDR:560,Distance:45
TEMT6000:173,LDR:560,Distance:45
TEMT6000:173,LDR:560,Distance:44
TEMT6000:174,LDR:560,Distance:45
TEMT6000:173,LDR:560,Distance:45
TEMT6000:173,LDR:560,Distance:45
TEMT6000:173,LDR:560,Distance:45
TEMT6000:173,LDR:559,Distance:45
TEMT6000:173,LDR:560,Distance:45
TEMT6000:173,LDR:560,Distance:45
TEMT6000:173,LDR:561,Distance:46
TEMT6000:173,LDR:560,Distance:45
TEMT6000:172,LDR:560,Distance:45
TEMT6000:173,LDR:560,Distance:46
TEMT6000:172,LDR:560,Distance:45
TEMT6000:173,LDR:560,Distance:46
TEMT6000:173,LDR:559,Distance:45
TEMT6000:173,LDR:559,Distance:46
TEMT6000:173,LDR:559,Distance:45
TEMT6000:173,LDR:559,Distance:45
TEMT6000:173,LDR:560,Distance:46
TEMT6000:172,LDR:560,Distance:45
TEMT6000:173,LDR:560,Distance:45
TEMT6000:173,LDR:560,Distance:45
TEMT6000:173,LDR:559,Distance:46
TEMT6000:174,LDR:560,Distance:46
TEMT6000:173,LDR:560,Distance:45
TEMT6000:173,LDR:560,Distance:45
TEMT6000:174,LDR:560,Distance:45
TEMT6000:174,LDR:560,Distance:45
TEMT6000:174,LDR:560,Distance:46
TEMT6000:173,LDR:560,Distance:45
TEMT6000:174,LDR:560,Distance:45
TEMT6000:174,LDR:560,Distance:46
TEMT6000:173,LDR:561,Distance:45
TEMT6000:173,LDR:561,Distance:46
TEMT6000:173,LDR:560,Distance:45
TEMT6000:173,LDR:560,Distance:45
TEMT6000:172,LDR:561,Distance:45
TEMT6000:172,LDR:561,Distance:46
TEMT6000:173,LDR:560,Distance:45
TEMT6000:173,LDR:560,Distance:45
TEMT6000:174,LDR:560,Distance:45
TEMT6000:173,LDR:560,Distance:45
TEMT6000:173,LDR:560,Distance:45
TEMT6000:172,LDR:560,Distance:45
TEMT6000:172,LDR:560,Distance:46
TEMT6000:173,LDR:561,Distance:46
TEMT6000:173,LDR:561,Distance:46
TEMT6000:173,LDR:561,Distance:46
TEMT6000:173,LDR:561,Distance:46
TEMT6000:173,LDR:561,Distance:46
TEMT6000:174,LDR:560,Distance:46
TEMT6000:173,LDR:561,Distance:46
TEMT6000:174,LDR:561,Distance:46
TEMT6000:173,LDR:560,Distance:46
TEMT6000:173,LDR:561,Distance:46
TEMT6000:173,LDR:560,Distance:47
TEMT6000:173,LDR:560,Distance:47
TEMT6000:174,LDR:560,Distance:47
TEMT6000:173,LDR:559,Distance:47
TEMT6000:174,LDR:560,Distance:47
TEMT6000:173,LDR:560,Distance:47
TEMT6000:172,LDR:560,Distance:46
TEMT6000:172,LDR:560,Distance:46
TEMT6000:173,LDR:559,Distance:47
TEMT6000:172,LDR:560,Distance:48
TEMT6000:173,LDR:560,Distance:47
TEMT6000:173,LDR:559,Distance:47
TEMT6000:172,LDR:560,Distance:47
TEMT6000:172,LDR:560,Distance:47
TEMT6000:171,LDR:560,Distance:47
TEMT6000:173,LDR:559,Distance:47
TEMT6000:172,LDR:559,Distance:47
TEMT6000:172,LDR:559,Distance:47
TEMT6000:171,LDR:559,Distance:48
TEMT6000:173,LDR:559,Distance:48
TEMT6000:172,LDR:559,Distance:48
TEMT6000:172,LDR:559,Distance:48
TEMT6000:172,LDR:559,Distance:47
TEMT6000:173,LDR:559,Distance:47
TEMT6000:172,LDR:558,Distance:48
TEMT6000:171,LDR:559,Distance:47
TEMT6000:171,LDR:559,Distance:47
TEMT6000:172,LDR:558,Distance:47
TEMT6000:172,LDR:559,Distance:47
TEMT6000:172,LDR:558,Distance:47
TEMT6000:171,LDR:559,Distance:47
TEMT6000:171,LDR:558,Distance:47
TEMT6000:172,LDR:558,Distance:47
TEMT6000:171,LDR:559,Distance:48
TEMT6000:173,LDR:558,Distance:47
TEMT6000:171,LDR:559,Distance:47
TEMT6000:173,LDR:559,Distance:47
TEMT6000:171,LDR:559,Distance:47
TEMT6000:171,LDR:559,Distance:48
TEMT6000:172,LDR:559,Distance:48
TEMT6000:172,LDR:559,Distance:48
TEMT6000:171,LDR:559,Distance:48
TEMT6000:172,LDR:558,Distance:49
TEMT6000:171,LDR:558,Distance:48
TEMT6000:171,LDR:559,Distance:48
TEMT6000:172,LDR:558,Distance:48
TEMT6000:172,LDR:559,Distance:48
TEMT6000:171,LDR:558,Distance:47
TEMT6000:172,LDR:558,Distance:47
TEMT6000:172,LDR:558,Distance:47
TEMT6000:172,LDR:558,Distance:48
TEMT6000:172,LDR:558,Distance:47
TEMT6000:172,LDR:558,Distance:47
TEMT6000:172,LDR:558,Distance:48
TEMT6000:171,LDR:558,Distance:47
TEMT6000:171,LDR:559,Distance:48
TEMT6000:172,LDR:559,Distance:47
TEMT6000:171,LDR:557,Distance:48
TEMT6000:172,LDR:558,Distance:47
TEMT6000:171,LDR:558,Distance:48
TEMT6000:171,LDR:558,Distance:47
TEMT6000:171,LDR:557,Distance:48
TEMT6000:171,LDR:558,Distance:48
TEMT6000:171,LDR:558,Distance:48
TEMT6000:171,LDR:557,Distance:48
TEMT6000:171,LDR:558,Distance:47
TEMT6000:170,LDR:557,Distance:48
TEMT6000:170,LDR:558,Distance:48
TEMT6000:170,LDR:557,Distance:47
TEMT6000:170,LDR:557,Distance:48
TEMT6000:170,LDR:557,Distance:48
TEMT6000:170,LDR:557,Distance:47
TEMT6000:170,LDR:557,Distance:47
TEMT6000:170,LDR:557,Distance:47
TEMT6000:169,LDR:557,Distance:47
TEMT6000:170,LDR:557,Distance:47
TEMT6000:170,LDR:556,Distance:47
TEMT6000:171,LDR:557,Distance:47
TEMT6000:170,LDR:557,Distance:47
TEMT6000:171,LDR:557,Distance:47
TEMT6000:170,LDR:557,Distance:47
TEMT6000:170,LDR:557,Distance:47
TEMT6000:170,LDR:557,Distance:47
TEMT6000:171,LDR:557,Distance:47
TEMT6000:169,LDR:557,Distance:47
TEMT6000:170,LDR:556,Distance:47
TEMT6000:170,LDR:558,Distance:47
TEMT6000:170,LDR:557,Distance:47
TEMT6000:171,LDR:557,Distance:47
TEMT6000:170,LDR:558,Distance:48
TEMT6000:170,LDR:557,Distance:48
TEMT6000:171,LDR:557,Distance:47
TEMT6000:170,LDR:556,Distance:48
TEMT6000:170,LDR:557,Distance:48
TEMT6000:169,LDR:558,Distance:47
TEMT6000:171,LDR:557,Distance:47
TEMT6000:170,LDR:556,Distance:48
TEMT6000:171,LDR:557,Distance:49
TEMT6000:170,LDR:557,Distance:49
TEMT6000:171,LDR:556,Distance:48
TEMT6000:170,LDR:557,Distance:49
TEMT6000:170,LDR:557,Distance:49
TEMT6000:170,LDR:557,Distance:49
TEMT6000:169,LDR:557,Distance:49
TEMT6000:170,LDR:557,Distance:49
TEMT6000:169,LDR:557,Distance:49
TEMT6000:170,LDR:557,Distance:48
TEMT6000:170,LDR:556,Distance:49
TEMT6000:169,LDR:557,Distance:48
TEMT6000:170,LDR:558,Distance:48
TEMT6000:169,LDR:557,Distance:48
TEMT6000:170,LDR:557,Distance:49
TEMT6000:169,LDR:557,Distance:48
TEMT6000:169,LDR:557,Distance:48
TEMT6000:170,LDR:557,Distance:49
TEMT6000:172,LDR:557,Distance:49
TEMT6000:171,LDR:557,Distance:49
TEMT6000:170,LDR:557,Distance:49
TEMT6000:170,LDR:557,Distance:49
TEMT6000:170,LDR:556,Distance:49
TEMT6000:171,LDR:557,Distance:49
TEMT6000:169,LDR:557,Distance:49
TEMT6000:170,LDR:557,Distance:49
TEMT6000:170,LDR:557,Distance:50
TEMT6000:170,LDR:556,Distance:49
TEMT6000:170,LDR:557,Distance:50
TEMT6000:170,LDR:557,Distance:49
TEMT6000:170,LDR:556,Distance:49
TEMT6000:170,LDR:557,Distance:49
TEMT6000:170,LDR:556,Distance:50
TEMT6000:169,LDR:557,Distance:48
TEMT6000:170,LDR:556,Distance:49
TEMT6000:170,LDR:557,Distance:49
TEMT6000:170,LDR:556,Distance:49
TEMT6000:170,LDR:557,Distance:49
TEMT6000:170,LDR:556,Distance:49
TEMT6000:169,LDR:557,Distance:49
TEMT6000:171,LDR:556,Distance:49
TEMT6000:170,LDR:557,Distance:49
TEMT6000:170,LDR:556,Distance:49
TEMT6000:169,LDR:557,Distance:49
TEMT6000:170,LDR:556,Distance:49
TEMT6000:169,LDR:557,Distance:49
TEMT6000:170,LDR:557,Distance:49
TEMT6000:170,LDR:557,Distance:48
TEMT6000:170,LDR:556,Distance:48
TEMT6000:169,LDR:557,Distance:49
TEMT6000:170,LDR:556,Distance:49
TEMT6000:170,LDR:556,Distance:48
TEMT6000:170,LDR:556,Distance:48
TEMT6000:171,LDR:556,Distance:49
TEMT6000:170,LDR:556,Distance:48
TEMT6000:171,LDR:556,Distance:49
TEMT6000:169,LDR:557,Distance:48
TEMT6000:170,LDR:556,Distance:48
TEMT6000:170,LDR:556,Distance:49
TEMT6000:169,LDR:556,Distance:50
TEMT6000:170,LDR:556,Distance:49
TEMT6000:169,LDR:556,Distance:49
TEMT6000:170,LDR:556,Distance:49
TEMT6000:170,LDR:556,Distance:49
TEMT6000:170,LDR:556,Distance:49
TEMT6000:169,LDR:557,Distance:49
TEMT6000:170,LDR:556,Distance:49
TEMT6000:170,LDR:556,Distance:50
TEMT6000:169,LDR:556,Distance:49
TEMT6000:169,LDR:556,Distance:49
TEMT6000:169,LDR:555,Distance:49
TEMT6000:169,LDR:556,Distance:49
TEMT6000:168,LDR:556,Distance:50
TEMT6000:169,LDR:555,Distance:49
TEMT6000:169,LDR:555,Distance:49
TEMT6000:168,LDR:555,Distance:49
TEMT6000:168,LDR:556,Distance:49
TEMT6000:168,LDR:556,Distance:50
TEMT6000:169,LDR:555,Distance:49
TEMT6000:169,LDR:555,Distance:49
TEMT6000:169,LDR:555,Distance:49
TEMT6000:169,LDR:556,Distance:50
TEMT6000:170,LDR:555,Distance:50
TEMT6000:169,LDR:555,Distance:49
TEMT6000:169,LDR:555,Distance:49
TEMT6000:169,LDR:555,Distance:49
TEMT6000:169,LDR:555,Distance:50
TEMT6000:169,LDR:555,Distance:50
TEMT6000:169,LDR:555,Distance:50
TEMT6000:169,LDR:555,Distance:49
TEMT6000:169,LDR:555,Distance:49
TEMT6000:169,LDR:554,Distance:49
TEMT6000:168,LDR:556,Distance:50
TEMT6000:168,LDR:555,Distance:50
TEMT6000:168,LDR:555,Distance:50
TEMT6000:169,LDR:554,Distance:50
TEMT6000:168,LDR:555,Distance:50
TEMT6000:168,LDR:554,Distance:50
TEMT6000:169,LDR:554,Distance:51
TEMT6000:167,LDR:555,Distance:50
TEMT6000:168,LDR:555,Distance:51
TEMT6000:168,LDR:555,Distance:51
TEMT6000:169,LDR:555,Distance:51
TEMT6000:169,LDR:555,Distance:50
TEMT6000:168,LDR:555,Distance:50
TEMT6000:168,LDR:555,Distance:50
TEMT6000:169,LDR:555,Distance:50
TEMT6000:168,LDR:555,Distance:50
TEMT6000:168,LDR:555,Distance:50
TEMT6000:169,LDR:554,Distance:50
TEMT6000:169,LDR:555,Distance:50
TEMT6000:169,LDR:554,Distance:50
TEMT6000:169,LDR:555,Distance:50
TEMT6000:168,LDR:555,Distance:51
TEMT6000:167,LDR:555,Distance:50
TEMT6000:168,LDR:554,Distance:50
TEMT6000:167,LDR:555,Distance:50
TEMT6000:168,LDR:555,Distance:50
TEMT6000:167,LDR:554,Distance:50
TEMT6000:169,LDR:554,Distance:50
TEMT6000:168,LDR:555,Distance:50
TEMT6000:168,LDR:554,Distance:50
TEMT6000:168,LDR:554,Distance:50
TEMT6000:168,LDR:554,Distance:50
TEMT6000:168,LDR:555,Distance:50
TEMT6000:168,LDR:554,Distance:50
TEMT6000:168,LDR:555,Distance:50
TEMT6000:167,LDR:555,Distance:50
TEMT6000:169,LDR:554,Distance:50
TEMT6000:168,LDR:555,Distance:50
TEMT6000:168,LDR:555,Distance:51
TEMT6000:169,LDR:554,Distance:50
TEMT6000:168,LDR:554,Distance:50
TEMT6000:168,LDR:555,Distance:50
TEMT6000:168,LDR:555,Distance:50
TEMT6000:168,LDR:555,Distance:50
TEMT6000:169,LDR:554,Distance:50
TEMT6000:169,LDR:554,Distance:50
TEMT6000:169,LDR:554,Distance:50
TEMT6000:169,LDR:555,Distance:50
TEMT6000:169,LDR:554,Distance:50
TEMT6000:169,LDR:554,Distance:50
TEMT6000:168,LDR:555,Distance:50
TEMT6000:167,LDR:555,Distance:50
TEMT6000:168,LDR:554,Distance:50
TEMT6000:168,LDR:555,Distance:50
TEMT6000:168,LDR:555,Distance:50
TEMT6000:168,LDR:555,Distance:51
TEMT6000:168,LDR:555,Distance:51
TEMT6000:169,LDR:554,Distance:51
TEMT6000:168,LDR:555,Distance:51
TEMT6000:169,LDR:554,Distance:51
TEMT6000:169,LDR:554,Distance:51
TEMT6000:168,LDR:554,Distance:51
TEMT6000:169,LDR:554,Distance:51
TEMT6000:168,LDR:555,Distance:50
TEMT6000:167,LDR:555,Distance:51
TEMT6000:169,LDR:554,Distance:51
TEMT6000:169,LDR:554,Distance:51
TEMT6000:167,LDR:555,Distance:50
TEMT6000:169,LDR:554,Distance:50
TEMT6000:168,LDR:554,Distance:50
TEMT6000:169,LDR:554,Distance:51
TEMT6000:167,LDR:555,Distance:51
TEMT6000:168,LDR:555,Distance:51
TEMT6000:169,LDR:554,Distance:51
TEMT6000:168,LDR:555,Distance:51
TEMT6000:168,LDR:555,Distance:51
TEMT6000:168,LDR:554,Distance:51
TEMT6000:168,LDR:555,Distance:51
TEMT6000:169,LDR:554,Distance:51
TEMT6000:168,LDR:555,Distance:51
TEMT6000:168,LDR:554,Distance:51
TEMT6000:168,LDR:555,Distance:51
TEMT6000:168,LDR:555,Distance:52
TEMT6000:168,LDR:555,Distance:51
TEMT6000:168,LDR:555,Distance:52
TEMT6000:169,LDR:554,Distance:51
TEMT6000:168,LDR:555,Distance:51
TEMT6000:169,LDR:554,Distance:51
TEMT6000:169,LDR:555,Distance:51
TEMT6000:168,LDR:556,Distance:51
TEMT6000:169,LDR:555,Distance:51
TEMT6000:168,LDR:555,Distance:51
TEMT6000:170,LDR:555,Distance:51
TEMT6000:169,LDR:555,Distance:51
TEMT6000:169,LDR:554,Distance:51
TEMT6000:169,LDR:556,Distance:51
TEMT6000:170,LDR:555,Distance:51
TEMT6000:169,LDR:556,Distance:51
TEMT6000:169,LDR:555,Distance:51
TEMT6000:169,LDR:555,Distance:51
TEMT6000:169,LDR:554,Distance:51
TEMT6000:170,LDR:555,Distance:51
TEMT6000:170,LDR:554,Distance:51
TEMT6000:168,LDR:555,Distance:51
TEMT6000:170,LDR:555,Distance:51
TEMT6000:168,LDR:555,Distance:51
TEMT6000:169,LDR:555,Distance:51
TEMT6000:169,LDR:555,Distance:51
TEMT6000:169,LDR:555,Distance:51
TEMT6000:169,LDR:555,Distance:51
TEMT6000:169,LDR:556,Distance:51
TEMT6000:170,LDR:554,Distance:51
TEMT6000:169,LDR:555,Distance:50
TEMT6000:170,LDR:555,Distance:51
TEMT6000:169,LDR:555,Distance:50
TEMT6000:169,LDR:555,Distance:51
TEMT6000:169,LDR:555,Distance:51
TEMT6000:169,LDR:555,Distance:51
TEMT6000:169,LDR:555,Distance:51
TEMT6000:169,LDR:554,Distance:52
TEMT6000:168,LDR:555,Distance:51
TEMT6000:169,LDR:554,Distance:51
TEMT6000:168,LDR:555,Distance:51
TEMT6000:168,LDR:555,Distance:51
TEMT6000:168,LDR:555,Distance:51
TEMT6000:168,LDR:555,Distance:51
TEMT6000:168,LDR:555,Distance:51
TEMT6000:169,LDR:554,Distance:51
TEMT6000:170,LDR:555,Distance:52
TEMT6000:168,LDR:555,Distance:51
TEMT6000:169,LDR:554,Distance:51
TEMT6000:169,LDR:555,Distance:52
TEMT6000:169,LDR:555,Distance:52
TEMT6000:169,LDR:554,Distance:52
TEMT6000:169,LDR:554,Distance:52
TEMT6000:168,LDR:555,Distance:52
TEMT6000:169,LDR:554,Distance:52
TEMT6000:168,LDR:555,Distance:52
TEMT6000:169,LDR:555,Distance:52
TEMT6000:169,LDR:554,Distance:52
TEMT6000:169,LDR:555,Distance:52
TEMT6000:169,LDR:554,Distance:52
TEMT6000:168,LDR:555,Distance:52
TEMT6000:169,LDR:554,Distance:52
TEMT6000:169,LDR:554,Distance:52
TEMT6000:169,LDR:554,Distance:52
TEMT6000:169,LDR:554,Distance:52
TEMT6000:168,LDR:555,Distance:52
TEMT6000:168,LDR:555,Distance:52
TEMT6000:169,LDR:554,Distance:52
TEMT6000:168,LDR:555,Distance:52
TEMT6000:169,LDR:554,Distance:52
TEMT6000:168,LDR:555,Distance:52
TEMT6000:169,LDR:555,Distance:52
TEMT6000:169,LDR:554,Distance:52
TEMT6000:169,LDR:554,Distance:52
TEMT6000:169,LDR:554,Distance:52
TEMT6000:169,LDR:554,Distance:52
TEMT6000:170,LDR:555,Distance:52
TEMT6000:169,LDR:554,Distance:52
TEMT6000:169,LDR:555,Distance:52
TEMT6000:169,LDR:554,Distance:52
TEMT6000:169,LDR:554,Distance:52
TEMT6000:168,LDR:554,Distance:52
TEMT6000:169,LDR:554,Distance:51
TEMT6000:168,LDR:553,Distance:51
TEMT6000:169,LDR:554,Distance:52
TEMT6000:169,LDR:553,Distance:52
TEMT6000:169,LDR:554,Distance:51
TEMT6000:169,LDR:554,Distance:51
TEMT6000:169,LDR:554,Distance:51
TEMT6000:169,LDR:554,Distance:52
TEMT6000:168,LDR:554,Distance:52
TEMT6000:168,LDR:554,Distance:51
TEMT6000:168,LDR:554,Distance:52
TEMT6000:168,LDR:555,Distance:52
TEMT6000:169,LDR:554,Distance:52
TEMT6000:169,LDR:554,Distance:53
TEMT6000:170,LDR:554,Distance:53
TEMT6000:169,LDR:554,Distance:53
TEMT6000:167,LDR:554,Distance:52
TEMT6000:169,LDR:554,Distance:52
TEMT6000:168,LDR:555,Distance:52
TEMT6000:168,LDR:554,Distance:52
TEMT6000:168,LDR:554,Distance:52
TEMT6000:168,LDR:554,Distance:52
TEMT6000:167,LDR:554,Distance:52
TEMT6000:168,LDR:554,Distance:52
TEMT6000:168,LDR:554,Distance:52
TEMT6000:168,LDR:554,Distance:52
TEMT6000:168,LDR:554,Distance:52
TEMT6000:168,LDR:554,Distance:53
TEMT6000:167,LDR:554,Distance:53
TEMT6000:169,LDR:553,Distance:53
TEMT6000:169,LDR:553,Distance:53
TEMT6000:168,LDR:554,Distance:53
TEMT6000:167,LDR:554,Distance:53
TEMT6000:168,LDR:554,Distance:53
TEMT6000:167,LDR:554,Distance:53
TEMT6000:168,LDR:553,Distance:53
TEMT6000:168,LDR:554,Distance:53
TEMT6000:168,LDR:553,Distance:53
TEMT6000:167,LDR:554,Distance:53
TEMT6000:167,LDR:554,Distance:53
TEMT6000:168,LDR:553,Distance:53
TEMT6000:167,LDR:554,Distance:53
TEMT6000:168,LDR:554,Distance:53
TEMT6000:168,LDR:554,Distance:53
TEMT6000:168,LDR:553,Distance:53
TEMT6000:168,LDR:553,Distance:53
TEMT6000:167,LDR:554,Distance:53
TEMT6000:168,LDR:553,Distance:53
TEMT6000:167,LDR:553,Distance:52
TEMT6000:167,LDR:553,Distance:52
TEMT6000:167,LDR:553,Distance:52
TEMT6000:168,LDR:553,Distance:52
TEMT6000:167,LDR:553,Distance:52
TEMT6000:167,LDR:554,Distance:52
TEMT6000:168,LDR:553,Distance:53
TEMT6000:168,LDR:552,Distance:52
TEMT6000:167,LDR:553,Distance:53
TEMT6000:168,LDR:553,Distance:53
TEMT6000:167,LDR:553,Distance:53
TEMT6000:167,LDR:553,Distance:53
TEMT6000:167,LDR:553,Distance:53
TEMT6000:168,LDR:553,Distance:53
TEMT6000:167,LDR:553,Distance:54
TEMT6000:167,LDR:552,Distance:54
TEMT6000:168,LDR:552,Distance:53
TEMT6000:167,LDR:553,Distance:53
TEMT6000:168,LDR:552,Distance:53
TEMT6000:167,LDR:553,Distance:53
TEMT6000:168,LDR:553,Distance:53
TEMT6000:166,LDR:553,Distance:53
TEMT6000:167,LDR:553,Distance:53
TEMT6000:166,LDR:553,Distance:53
TEMT6000:167,LDR:552,Distance:52
TEMT6000:167,LDR:552,Distance:53
TEMT6000:166,LDR:553,Distance:53
TEMT6000:168,LDR:552,Distance:52
TEMT6000:167,LDR:553,Distance:53
TEMT6000:167,LDR:553,Distance:53
TEMT6000:167,LDR:553,Distance:54
TEMT6000:167,LDR:553,Distance:53
TEMT6000:167,LDR:552,Distance:53
TEMT6000:168,LDR:552,Distance:53
TEMT6000:166,LDR:553,Distance:53
TEMT6000:167,LDR:553,Distance:54
TEMT6000:167,LDR:552,Distance:54
TEMT6000:167,LDR:552,Distance:53
TEMT6000:168,LDR:552,Distance:53
TEMT6000:166,LDR:553,Distance:53
TEMT6000:166,LDR:552,Distance:54
TEMT6000:166,LDR:552,Distance:53
TEMT6000:166,LDR:553,Distance:53
TEMT6000:166,LDR:553,Distance:54
TEMT6000:166,LDR:553,Distance:53
TEMT6000:167,LDR:552,Distance:54
TEMT6000:167,LDR:553,Distance:54
TEMT6000:166,LDR:552,Distance:54
TEMT6000:166,LDR:553,Distance:53
TEMT6000:166,LDR:553,Distance:53
TEMT6000:167,LDR:552,Distance:54
TEMT6000:167,LDR:552,Distance:53
TEMT6000:166,LDR:552,Distance:53
TEMT6000:167,LDR:553,Distance:53
TEMT6000:167,LDR:553,Distance:53
TEMT6000:167,LDR:553,Distance:54
TEMT6000:167,LDR:552,Distance:54
TEMT6000:167,LDR:552,Distance:53
TEMT6000:167,LDR:553,Distance:53
TEMT6000:166,LDR:553,Distance:53
TEMT6000:166,LDR:553,Distance:53
TEMT6000:167,LDR:552,Distance:53
TEMT6000:166,LDR:552,Distance:54
TEMT6000:167,LDR:553,Distance:54
TEMT6000:167,LDR:552,Distance:53
TEMT6000:167,LDR:552,Distance:54
TEMT6000:168,LDR:552,Distance:54
TEMT6000:167,LDR:552,Distance:54
TEMT6000:168,LDR:552,Distance:54
TEMT6000:166,LDR:553,Distance:54
TEMT6000:167,LDR:552,Distance:54
TEMT6000:167,LDR:552,Distance:54
TEMT6000:168,LDR:552,Distance:54
TEMT6000:167,LDR:552,Distance:54
TEMT6000:167,LDR:553,Distance:54
TEMT6000:167,LDR:552,Distance:55
TEMT6000:167,LDR:552,Distance:53
TEMT6000:167,LDR:552,Distance:54
TEMT6000:166,LDR:553,Distance:54
TEMT6000:167,LDR:552,Distance:54
TEMT6000:166,LDR:552,Distance:54
TEMT6000:167,LDR:552,Distance:53
TEMT6000:167,LDR:551,Distance:53
TEMT6000:167,LDR:552,Distance:53
TEMT6000:166,LDR:552,Distance:54
TEMT6000:166,LDR:553,Distance:53
TEMT6000:167,LDR:552,Distance:54
TEMT6000:167,LDR:552,Distance:54
TEMT6000:166,LDR:552,Distance:54
TEMT6000:168,LDR:552,Distance:54
TEMT6000:167,LDR:553,Distance:54
TEMT6000:166,LDR:553,Distance:54
TEMT6000:167,LDR:553,Distance:54
TEMT6000:166,LDR:552,Distance:55
TEMT6000:166,LDR:552,Distance:54
TEMT6000:167,LDR:552,Distance:54
TEMT6000:167,LDR:552,Distance:55
TEMT6000:166,LDR:553,Distance:55
TEMT6000:167,LDR:552,Distance:54
TEMT6000:167,LDR:552,Distance:55
TEMT6000:167,LDR:553,Distance:54
TEMT6000:167,LDR:552,Distance:55
TEMT6000:167,LDR:552,Distance:54
TEMT6000:167,LDR:553,Distance:54
TEMT6000:168,LDR:552,Distance:54
TEMT6000:166,LDR:552,Distance:55
TEMT6000:168,LDR:553,Distance:54
TEMT6000:167,LDR:552,Distance:54
TEMT6000:167,LDR:552,Distance:54
TEMT6000:167,LDR:552,Distance:54
TEMT6000:167,LDR:551,Distance:54
TEMT6000:167,LDR:552,Distance:54
TEMT6000:168,LDR:552,Distance:54
TEMT6000:167,LDR:553,Distance:54
TEMT6000:167,LDR:552,Distance:54
TEMT6000:167,LDR:553,Distance:55
TEMT6000:167,LDR:552,Distance:54
TEMT6000:168,LDR:552,Distance:54
TEMT6000:166,LDR:552,Distance:54
TEMT6000:167,LDR:553,Distance:54
TEMT6000:167,LDR:552,Distance:54
TEMT6000:167,LDR:553,Distance:54
TEMT6000:167,LDR:552,Distance:55
TEMT6000:167,LDR:553,Distance:54
TEMT6000:166,LDR:552,Distance:54
TEMT6000:166,LDR:552,Distance:54
TEMT6000:167,LDR:552,Distance:54
TEMT6000:166,LDR:552,Distance:54
TEMT6000:167,LDR:552,Distance:54
TEMT6000:167,LDR:552,Distance:54
TEMT6000:167,LDR:552,Distance:54
TEMT6000:166,LDR:552,Distance:54
TEMT6000:167,LDR:552,Distance:54
TEMT6000:167,LDR:552,Distance:54
TEMT6000:167,LDR:552,Distance:54
TEMT6000:167,LDR:552,Distance:54
TEMT6000:167,LDR:551,Distance:55
TEMT6000:167,LDR:551,Distance:54
TEMT6000:167,LDR:551,Distance:54
TEMT6000:167,LDR:552,Distance:55
TEMT6000:167,LDR:552,Distance:54
TEMT6000:167,LDR:552,Distance:55
TEMT6000:167,LDR:552,Distance:54
TEMT6000:167,LDR:552,Distance:55
TEMT6000:166,LDR:552,Distance:55
TEMT6000:166,LDR:552,Distance:55
TEMT6000:167,LDR:551,Distance:56
TEMT6000:167,LDR:552,Distance:56
TEMT6000:167,LDR:552,Distance:55
TEMT6000:167,LDR:552,Distance:56
TEMT6000:168,LDR:552,Distance:55
TEMT6000:166,LDR:552,Distance:56
TEMT6000:166,LDR:552,Distance:55
TEMT6000:167,LDR:552,Distance:55
TEMT6000:167,LDR:552,Distance:55
TEMT6000:167,LDR:552,Distance:54
TEMT6000:166,LDR:552,Distance:55
TEMT6000:167,LDR:551,Distance:55
TEMT6000:166,LDR:552,Distance:55
TEMT6000:166,LDR:552,Distance:54
TEMT6000:167,LDR:551,Distance:54
TEMT6000:167,LDR:551,Distance:55
TEMT6000:167,LDR:552,Distance:55
TEMT6000:166,LDR:552,Distance:55
TEMT6000:167,LDR:551,Distance:55
TEMT6000:167,LDR:553,Distance:55
TEMT6000:166,LDR:552,Distance:55
TEMT6000:166,LDR:551,Distance:55
TEMT6000:165,LDR:552,Distance:55
TEMT6000:166,LDR:552,Distance:55
TEMT6000:167,LDR:551,Distance:55
TEMT6000:166,LDR:551,Distance:55
TEMT6000:167,LDR:551,Distance:55
TEMT6000:166,LDR:552,Distance:55
TEMT6000:167,LDR:551,Distance:55
TEMT6000:167,LDR:552,Distance:55
TEMT6000:167,LDR:552,Distance:55
TEMT6000:166,LDR:552,Distance:55
TEMT6000:167,LDR:552,Distance:56
TEMT6000:167,LDR:552,Distance:55
TEMT6000:166,LDR:552,Distance:55
TEMT6000:167,LDR:552,Distance:55
TEMT6000:166,LDR:552,Distance:55
TEMT6000:167,LDR:551,Distance:55
TEMT6000:167,LDR:552,Distance:55
TEMT6000:167,LDR:552,Distance:55
TEMT6000:166,LDR:552,Distance:55
TEMT6000:166,LDR:552,Distance:55
TEMT6000:167,LDR:551,Distance:54
TEMT6000:166,LDR:552,Distance:54
TEMT6000:165,LDR:552,Distance:54
TEMT6000:167,LDR:551,Distance:54
TEMT6000:166,LDR:551,Distance:54
TEMT6000:167,LDR:551,Distance:54
TEMT6000:166,LDR:551,Distance:54
TEMT6000:166,LDR:551,Distance:54
TEMT6000:167,LDR:552,Distance:54
TEMT6000:166,LDR:551,Distance:54
TEMT6000:167,LDR:552,Distance:54
TEMT6000:166,LDR:551,Distance:54
TEMT6000:167,LDR:552,Distance:55
TEMT6000:166,LDR:551,Distance:54
TEMT6000:167,LDR:551,Distance:54
TEMT6000:166,LDR:552,Distance:54
TEMT6000:166,LDR:552,Distance:54
TEMT6000:167,LDR:552,Distance:54
TEMT6000:166,LDR:551,Distance:55
TEMT6000:165,LDR:552,Distance:54
TEMT6000:167,LDR:552,Distance:54
TEMT6000:167,LDR:551,Distance:55
TEMT6000:166,LDR:552,Distance:55
TEMT6000:167,LDR:552,Distance:55
TEMT6000:166,LDR:551,Distance:55
TEMT6000:167,LDR:551,Distance:55
TEMT6000:166,LDR:551,Distance:54
TEMT6000:166,LDR:552,Distance:55
TEMT6000:165,LDR:552,Distance:55
TEMT6000:167,LDR:552,Distance:55
TEMT6000:167,LDR:551,Distance:55
TEMT6000:167,LDR:551,Distance:55
TEMT6000:166,LDR:552,Distance:55
TEMT6000:167,LDR:551,Distance:55
TEMT6000:166,LDR:552,Distance:55
TEMT6000:166,LDR:552,Distance:55
TEMT6000:165,LDR:552,Distance:55
TEMT6000:168,LDR:551,Distance:56
TEMT6000:167,LDR:552,Distance:55
TEMT6000:167,LDR:551,Distance:55
TEMT6000:166,LDR:552,Distance:55
TEMT6000:166,LDR:551,Distance:55
TEMT6000:167,LDR:551,Distance:55
TEMT6000:166,LDR:552,Distance:55
TEMT6000:167,LDR:551,Distance:55
TEMT6000:166,LDR:551,Distance:55
TEMT6000:166,LDR:552,Distance:55
TEMT6000:166,LDR:552,Distance:55
TEMT6000:166,LDR:552,Distance:55
TEMT6000:166,LDR:551,Distance:55
TEMT6000:166,LDR:551,Distance:55
TEMT6000:167,LDR:551,Distance:55
TEMT6000:167,LDR:552,Distance:55
TEMT6000:166,LDR:552,Distance:55
TEMT6000:166,LDR:552,Distance:56
TEMT6000:166,LDR:551,Distance:55
TEMT6000:166,LDR:552,Distance:55
TEMT6000:165,LDR:552,Distance:55
TEMT6000:165,LDR:552,Distance:56
TEMT6000:165,LDR:551,Distance:56
TEMT6000:166,LDR:551,Distance:56
TEMT6000:166,LDR:551,Distance:56
TEMT6000:166,LDR:551,Distance:56
TEMT6000:166,LDR:552,Distance:56
TEMT6000:166,LDR:551,Distance:56
TEMT6000:166,LDR:551,Distance:56
TEMT6000:166,LDR:551,Distance:56
TEMT6000:166,LDR:551,Distance:56
TEMT6000:165,LDR:551,Distance:56
TEMT6000:166,LDR:551,Distance:56
TEMT6000:166,LDR:552,Distance:56
TEMT6000:166,LDR:551,Distance:56
TEMT6000:165,LDR:551,Distance:56
TEMT6000:165,LDR:551,Distance:56
TEMT6000:167,LDR:551,Distance:55
TEMT6000:167,LDR:552,Distance:56
TEMT6000:166,LDR:552,Distance:55
TEMT6000:166,LDR:551,Distance:55
TEMT6000:166,LDR:551,Distance:55
TEMT6000:165,LDR:552,Distance:55
TEMT6000:166,LDR:551,Distance:56
TEMT6000:165,LDR:551,Distance:55
TEMT6000:166,LDR:551,Distance:55
TEMT6000:166,LDR:551,Distance:56
TEMT6000:166,LDR:551,Distance:55
TEMT6000:166,LDR:551,Distance:56
TEMT6000:166,LDR:552,Distance:56
TEMT6000:166,LDR:551,Distance:56
TEMT6000:166,LDR:552,Distance:55
TEMT6000:166,LDR:551,Distance:55
TEMT6000:165,LDR:552,Distance:56
TEMT6000:166,LDR:551,Distance:55
TEMT6000:167,LDR:552,Distance:56
TEMT6000:166,LDR:551,Distance:55
TEMT6000:166,LDR:551,Distance:55
TEMT6000:165,LDR:551,Distance:56
TEMT6000:166,LDR:551,Distance:56
TEMT6000:166,LDR:551,Distance:55
TEMT6000:167,LDR:550,Distance:55
TEMT6000:167,LDR:551,Distance:55
TEMT6000:166,LDR:551,Distance:55
TEMT6000:166,LDR:551,Distance:55
TEMT6000:165,LDR:551,Distance:56
TEMT6000:166,LDR:551,Distance:56
TEMT6000:166,LDR:550,Distance:55
TEMT6000:166,LDR:551,Distance:56
TEMT6000:166,LDR:552,Distance:56
TEMT6000:166,LDR:551,Distance:56
TEMT6000:166,LDR:550,Distance:55
TEMT6000:166,LDR:551,Distance:55
TEMT6000:165,LDR:550,Distance:55
TEMT6000:166,LDR:551,Distance:55
TEMT6000:165,LDR:551,Distance:55
TEMT6000:165,LDR:551,Distance:55
TEMT6000:165,LDR:550,Distance:55
TEMT6000:166,LDR:551,Distance:55
TEMT6000:166,LDR:551,Distance:55
TEMT6000:166,LDR:551,Distance:55
TEMT6000:166,LDR:550,Distance:55
TEMT6000:166,LDR:551,Distance:55
TEMT6000:166,LDR:551,Distance:55
TEMT6000:165,LDR:551,Distance:55
TEMT6000:166,LDR:552,Distance:56
TEMT6000:165,LDR:551,Distance:56
TEMT6000:166,LDR:552,Distance:55
TEMT6000:166,LDR:550,Distance:55
TEMT6000:166,LDR:551,Distance:55
TEMT6000:166,LDR:550,Distance:55
TEMT6000:166,LDR:551,Distance:55
TEMT6000:166,LDR:551,Distance:55
TEMT6000:165,LDR:551,Distance:56
TEMT6000:165,LDR:551,Distance:55
TEMT6000:165,LDR:551,Distance:56
TEMT6000:166,LDR:551,Distance:56
TEMT6000:166,LDR:551,Distance:56
TEMT6000:166,LDR:551,Distance:56
TEMT6000:166,LDR:551,Distance:56
TEMT6000:165,LDR:551,Distance:56
TEMT6000:166,LDR:550,Distance:56
TEMT6000:166,LDR:551,Distance:56
TEMT6000:165,LDR:551,Distance:56
TEMT6000:166,LDR:550,Distance:56
TEMT6000:166,LDR:551,Distance:56
TEMT6000:166,LDR:552,Distance:56
TEMT6000:164,LDR:551,Distance:56
TEMT6000:167,LDR:550,Distance:55
TEMT6000:164,LDR:551,Distance:56
TEMT6000:166,LDR:551,Distance:55
TEMT6000:166,LDR:551,Distance:55
TEMT6000:166,LDR:551,Distance:56
TEMT6000:164,LDR:551,Distance:56
TEMT6000:166,LDR:551,Distance:55
TEMT6000:165,LDR:550,Distance:56
TEMT6000:164,LDR:551,Distance:56
TEMT6000:165,LDR:550,Distance:57
TEMT6000:165,LDR:550,Distance:57
TEMT6000:164,LDR:550,Distance:56
TEMT6000:165,LDR:550,Distance:56
TEMT6000:165,LDR:550,Distance:56
TEMT6000:165,LDR:550,Distance:56
TEMT6000:165,LDR:550,Distance:56
TEMT6000:165,LDR:549,Distance:56
TEMT6000:164,LDR:551,Distance:57
TEMT6000:166,LDR:550,Distance:56
TEMT6000:165,LDR:550,Distance:57
TEMT6000:164,LDR:551,Distance:56
TEMT6000:165,LDR:550,Distance:56
TEMT6000:165,LDR:550,Distance:56
TEMT6000:164,LDR:550,Distance:57
TEMT6000:164,LDR:550,Distance:57
TEMT6000:164,LDR:551,Distance:57
TEMT6000:164,LDR:550,Distance:58
TEMT6000:165,LDR:550,Distance:57
TEMT6000:165,LDR:550,Distance:57
TEMT6000:165,LDR:550,Distance:57
TEMT6000:164,LDR:550,Distance:57
TEMT6000:165,LDR:549,Distance:57
TEMT6000:163,LDR:550,Distance:57
TEMT6000:165,LDR:551,Distance:57
TEMT6000:165,LDR:550,Distance:57
TEMT6000:165,LDR:550,Distance:57
TEMT6000:164,LDR:550,Distance:57
TEMT6000:165,LDR:550,Distance:57
TEMT6000:165,LDR:550,Distance:57
TEMT6000:165,LDR:550,Distance:57
TEMT6000:165,LDR:550,Distance:57
TEMT6000:165,LDR:550,Distance:57
TEMT6000:164,LDR:549,Distance:57
TEMT6000:165,LDR:549,Distance:57
TEMT6000:164,LDR:550,Distance:57
TEMT6000:166,LDR:549,Distance:57
TEMT6000:165,LDR:550,Distance:57
TEMT6000:164,LDR:550,Distance:57
TEMT6000:164,LDR:550,Distance:57
TEMT6000:165,LDR:550,Distance:57
TEMT6000:165,LDR:550,Distance:57
TEMT6000:165,LDR:550,Distance:57
TEMT6000:165,LDR:550,Distance:57
TEMT6000:165,LDR:550,Distance:57
TEMT6000:164,LDR:550,Distance:57
TEMT6000:165,LDR:550,Distance:57
TEMT6000:165,LDR:550,Distance:57
TEMT6000:164,LDR:550,Distance:57
TEMT6000:165,LDR:550,Distance:57
TEMT6000:165,LDR:550,Distance:58
TEMT6000:165,LDR:549,Distance:58
TEMT6000:165,LDR:549,Distance:58
TEMT6000:164,LDR:550,Distance:57
TEMT6000:164,LDR:550,Distance:58
TEMT6000:165,LDR:550,Distance:57
TEMT6000:164,LDR:549,Distance:58
TEMT6000:164,LDR:550,Distance:57
TEMT6000:163,LDR:550,Distance:57
TEMT6000:165,LDR:549,Distance:57
TEMT6000:163,LDR:550,Distance:57
TEMT6000:164,LDR:550,Distance:58
TEMT6000:164,LDR:549,Distance:57
TEMT6000:165,LDR:549,Distance:57
TEMT6000:164,LDR:550,Distance:57
TEMT6000:164,LDR:550,Distance:57
TEMT6000:165,LDR:550,Distance:57
TEMT6000:165,LDR:550,Distance:57
TEMT6000:165,LDR:550,Distance:57
TEMT6000:166,LDR:550,Distance:58
TEMT6000:164,LDR:550,Distance:57
TEMT6000:164,LDR:550,Distance:57
TEMT6000:165,LDR:549,Distance:57
TEMT6000:164,LDR:550,Distance:58
TEMT6000:163,LDR:550,Distance:58
TEMT6000:165,LDR:549,Distance:58
TEMT6000:164,LDR:550,Distance:57
TEMT6000:165,LDR:549,Distance:58
TEMT6000:164,LDR:549,Distance:58
TEMT6000:165,LDR:549,Distance:58
TEMT6000:165,LDR:550,Distance:58
TEMT6000:165,LDR:550,Distance:58
TEMT6000:165,LDR:550,Distance:58
TEMT6000:164,LDR:550,Distance:58
TEMT6000:163,LDR:550,Distance:58
TEMT6000:163,LDR:550,Distance:58
TEMT6000:165,LDR:549,Distance:58
TEMT6000:164,LDR:549,Distance:58
TEMT6000:165,LDR:549,Distance:58
TEMT6000:164,LDR:549,Distance:58
TEMT6000:165,LDR:550,Distance:57
TEMT6000:164,LDR:550,Distance:58
TEMT6000:164,LDR:550,Distance:57
TEMT6000:164,LDR:550,Distance:58
TEMT6000:164,LDR:550,Distance:57
TEMT6000:164,LDR:549,Distance:58
TEMT6000:166,LDR:550,Distance:57
TEMT6000:164,LDR:549,Distance:58
TEMT6000:165,LDR:550,Distance:58
TEMT6000:165,LDR:549,Distance:58
TEMT6000:165,LDR:549,Distance:58
TEMT6000:165,LDR:549,Distance:58
TEMT6000:165,LDR:549,Distance:58
TEMT6000:164,LDR:549,Distance:57
TEMT6000:164,LDR:550,Distance:58
TEMT6000:163,LDR:550,Distance:58
TEMT6000:164,LDR:550,Distance:58
TEMT6000:163,LDR:549,Distance:58
TEMT6000:165,LDR:550,Distance:58
TEMT6000:165,LDR:549,Distance:58
TEMT6000:165,LDR:549,Distance:58
TEMT6000:165,LDR:549,Distance:58
TEMT6000:164,LDR:550,Distance:58
TEMT6000:163,LDR:550,Distance:59
TEMT6000:164,LDR:549,Distance:58
TEMT6000:165,LDR:549,Distance:58
TEMT6000:165,LDR:549,Distance:58
TEMT6000:165,LDR:549,Distance:58
TEMT6000:165,LDR:549,Distance:58
TEMT6000:165,LDR:549,Distance:58
TEMT6000:164,LDR:549,Distance:58
TEMT6000:165,LDR:549,Distance:59
TEMT6000:164,LDR:550,Distance:58
TEMT6000:163,LDR:550,Distance:58
TEMT6000:164,LDR:550,Distance:58
TEMT6000:165,LDR:549,Distance:58
TEMT6000:164,LDR:549,Distance:58
TEMT6000:165,LDR:549,Distance:58
TEMT6000:164,LDR:549,Distance:57
TEMT6000:165,LDR:549,Distance:58
TEMT6000:163,LDR:549,Distance:58
TEMT6000:165,LDR:550,Distance:57
TEMT6000:165,LDR:549,Distance:57
TEMT6000:164,LDR:550,Distance:58
TEMT6000:164,LDR:549,Distance:57
TEMT6000:164,LDR:549,Distance:57
TEMT6000:163,LDR:549,Distance:57
TEMT6000:165,LDR:549,Distance:57
TEMT6000:164,LDR:549,Distance:58
TEMT6000:165,LDR:549,Distance:58
TEMT6000:164,LDR:549,Distance:59
TEMT6000:164,LDR:549,Distance:59
TEMT6000:163,LDR:549,Distance:58
TEMT6000:163,LDR:549,Distance:58
TEMT6000:164,LDR:549,Distance:58
TEMT6000:164,LDR:549,Distance:58
TEMT6000:165,LDR:549,Distance:58
TEMT6000:165,LDR:549,Distance:58
TEMT6000:163,LDR:549,Distance:59
TEMT6000:163,LDR:549,Distance:59
TEMT6000:163,LDR:549,Distance:59
TEMT6000:164,LDR:549,Distance:59
TEMT6000:164,LDR:549,Distance:58
TEMT6000:165,LDR:548,Distance:59
TEMT6000:164,LDR:548,Distance:59
TEMT6000:164,LDR:549,Distance:58
TEMT6000:164,LDR:549,Distance:58
TEMT6000:165,LDR:549,Distance:59
TEMT6000:164,LDR:549,Distance:59
TEMT6000:165,LDR:548,Distance:58
TEMT6000:164,LDR:549,Distance:58
TEMT6000:165,LDR:549,Distance:58
TEMT6000:165,LDR:549,Distance:58
TEMT6000:164,LDR:549,Distance:58
TEMT6000:165,LDR:549,Distance:58
TEMT6000:164,LDR:549,Distance:59
TEMT6000:165,LDR:550,Distance:59
TEMT6000:165,LDR:549,Distance:58
TEMT6000:164,LDR:550,Distance:59
TEMT6000:164,LDR:550,Distance:58
TEMT6000:165,LDR:549,Distance:58
TEMT6000:165,LDR:549,Distance:58
TEMT6000:165,LDR:549,Distance:58
TEMT6000:164,LDR:550,Distance:58
TEMT6000:164,LDR:549,Distance:58
TEMT6000:164,LDR:549,Distance:59
TEMT6000:165,LDR:550,Distance:59
TEMT6000:165,LDR:549,Distance:59
TEMT6000:165,LDR:549,Distance:59
TEMT6000:164,LDR:549,Distance:59
TEMT6000:164,LDR:549,Distance:59
TEMT6000:164,LDR:548,Distance:59
TEMT6000:164,LDR:550,Distance:59
TEMT6000:163,LDR:549,Distance:59
TEMT6000:164,LDR:549,Distance:59
TEMT6000:163,LDR:550,Distance:59
TEMT6000:164,LDR:549,Distance:59
TEMT6000:164,LDR:549,Distance:59
TEMT6000:164,LDR:549,Distance:59
TEMT6000:164,LDR:548,Distance:59
TEMT6000:165,LDR:548,Distance:59
TEMT6000:164,LDR:548,Distance:60
TEMT6000:165,LDR:549,Distance:59
TEMT6000:164,LDR:549,Distance:59
TEMT6000:165,LDR:549,Distance:59
TEMT6000:164,LDR:548,Distance:59
TEMT6000:164,LDR:549,Distance:59
TEMT6000:163,LDR:549,Distance:60
TEMT6000:164,LDR:548,Distance:59
TEMT6000:163,LDR:549,Distance:60
TEMT6000:163,LDR:549,Distance:59
TEMT6000:164,LDR:548,Distance:60
TEMT6000:165,LDR:548,Distance:61
TEMT6000:163,LDR:549,Distance:60
TEMT6000:164,LDR:548,Distance:61
TEMT6000:164,LDR:548,Distance:62
TEMT6000:164,LDR:549,Distance:61
TEMT6000:163,LDR:549,Distance:61
TEMT6000:164,LDR:548,Distance:62
TEMT6000:165,LDR:548,Distance:61
TEMT6000:164,LDR:548,Distance:61
TEMT6000:164,LDR:548,Distance:61
TEMT6000:164,LDR:548,Distance:61
TEMT6000:163,LDR:549,Distance:61
TEMT6000:163,LDR:549,Distance:61
TEMT6000:164,LDR:548,Distance:62
TEMT6000:164,LDR:549,Distance:61
TEMT6000:163,LDR:549,Distance:61
TEMT6000:164,LDR:548,Distance:62
TEMT6000:164,LDR:547,Distance:62
TEMT6000:164,LDR:548,Distance:61
TEMT6000:163,LDR:549,Distance:61
TEMT6000:164,LDR:548,Distance:61
TEMT6000:164,LDR:548,Distance:62
TEMT6000:163,LDR:549,Distance:61
TEMT6000:163,LDR:548,Distance:61
TEMT6000:165,LDR:548,Distance:62
TEMT6000:163,LDR:548,Distance:63
TEMT6000:164,LDR:548,Distance:61
TEMT6000:164,LDR:548,Distance:62
TEMT6000:164,LDR:548,Distance:62
TEMT6000:164,LDR:548,Distance:63
TEMT6000:164,LDR:548,Distance:62
TEMT6000:164,LDR:548,Distance:62
TEMT6000:164,LDR:548,Distance:62
TEMT6000:164,LDR:547,Distance:61
TEMT6000:164,LDR:548,Distance:61
TEMT6000:164,LDR:548,Distance:63
TEMT6000:163,LDR:548,Distance:61
TEMT6000:164,LDR:548,Distance:63
TEMT6000:164,LDR:548,Distance:63
TEMT6000:164,LDR:548,Distance:61
TEMT6000:163,LDR:548,Distance:62
TEMT6000:163,LDR:548,Distance:62
TEMT6000:162,LDR:548,Distance:62
TEMT6000:164,LDR:548,Distance:62
TEMT6000:164,LDR:547,Distance:61
TEMT6000:164,LDR:548,Distance:62
TEMT6000:163,LDR:548,Distance:63
TEMT6000:163,LDR:549,Distance:63
TEMT6000:163,LDR:548,Distance:61
TEMT6000:165,LDR:548,Distance:62
TEMT6000:164,LDR:548,Distance:61
TEMT6000:164,LDR:548,Distance:63
TEMT6000:164,LDR:548,Distance:62
TEMT6000:163,LDR:549,Distance:62
TEMT6000:163,LDR:548,Distance:62
TEMT6000:164,LDR:548,Distance:61
TEMT6000:163,LDR:549,Distance:61
TEMT6000:164,LDR:549,Distance:61
TEMT6000:164,LDR:549,Distance:61
TEMT6000:163,LDR:549,Distance:61
TEMT6000:164,LDR:548,Distance:61
TEMT6000:164,LDR:548,Distance:61
TEMT6000:164,LDR:548,Distance:61
TEMT6000:164,LDR:549,Distance:61
TEMT6000:164,LDR:548,Distance:61
TEMT6000:164,LDR:548,Distance:61
TEMT6000:164,LDR:549,Distance:62
TEMT6000:164,LDR:548,Distance:61
TEMT6000:164,LDR:547,Distance:61
TEMT6000:164,LDR:548,Distance:62
TEMT6000:164,LDR:548,Distance:61
TEMT6000:163,LDR:549,Distance:61
TEMT6000:164,LDR:548,Distance:61
TEMT6000:164,LDR:548,Distance:61
TEMT6000:164,LDR:548,Distance:61
TEMT6000:163,LDR:548,Distance:60
TEMT6000:164,LDR:548,Distance:60
TEMT6000:163,LDR:548,Distance:62
TEMT6000:164,LDR:547,Distance:61
TEMT6000:163,LDR:548,Distance:61
TEMT6000:164,LDR:548,Distance:61
TEMT6000:163,LDR:548,Distance:61
TEMT6000:163,LDR:548,Distance:61
TEMT6000:164,LDR:548,Distance:61
TEMT6000:163,LDR:548,Distance:61
TEMT6000:164,LDR:548,Distance:61
TEMT6000:163,LDR:547,Distance:61
TEMT6000:164,LDR:548,Distance:61
TEMT6000:164,LDR:547,Distance:61
TEMT6000:163,LDR:548,Distance:63
TEMT6000:163,LDR:548,Distance:62
TEMT6000:164,LDR:548,Distance:61
TEMT6000:163,LDR:548,Distance:62
TEMT6000:164,LDR:548,Distance:62
TEMT6000:164,LDR:548,Distance:62
TEMT6000:163,LDR:548,Distance:61
TEMT6000:164,LDR:547,Distance:61
TEMT6000:163,LDR:548,Distance:61
TEMT6000:164,LDR:548,Distance:61
TEMT6000:164,LDR:548,Distance:61
TEMT6000:163,LDR:548,Distance:61
TEMT6000:164,LDR:548,Distance:61
TEMT6000:164,LDR:548,Distance:61
TEMT6000:164,LDR:548,Distance:62
TEMT6000:164,LDR:548,Distance:61
TEMT6000:164,LDR:548,Distance:61
TEMT6000:164,LDR:548,Distance:61
TEMT6000:165,LDR:548,Distance:61
TEMT6000:164,LDR:548,Distance:62
TEMT6000:163,LDR:549,Distance:62
TEMT6000:164,LDR:548,Distance:62
TEMT6000:163,LDR:548,Distance:62
TEMT6000:165,LDR:548,Distance:63
TEMT6000:164,LDR:548,Distance:62
TEMT6000:164,LDR:548,Distance:62
TEMT6000:164,LDR:548,Distance:64
TEMT6000:164,LDR:549,Distance:63
TEMT6000:163,LDR:549,Distance:63
TEMT6000:164,LDR:549,Distance:63
TEMT6000:165,LDR:548,Distance:63
TEMT6000:164,LDR:548,Distance:63
TEMT6000:164,LDR:548,Distance:63
TEMT6000:164,LDR:549,Distance:62
TEMT6000:164,LDR:548,Distance:62
TEMT6000:165,LDR:548,Distance:63
TEMT6000:163,LDR:549,Distance:62
TEMT6000:164,LDR:548,Distance:62
TEMT6000:164,LDR:548,Distance:63
TEMT6000:165,LDR:548,Distance:63
TEMT6000:164,LDR:548,Distance:62
TEMT6000:165,LDR:548,Distance:62
TEMT6000:164,LDR:548,Distance:62
TEMT6000:164,LDR:548,Distance:62
TEMT6000:165,LDR:548,Distance:63
TEMT6000:164,LDR:548,Distance:63
TEMT6000:164,LDR:547,Distance:64
TEMT6000:163,LDR:548,Distance:64
TEMT6000:163,LDR:548,Distance:63
TEMT6000:164,LDR:547,Distance:63
TEMT6000:164,LDR:548,Distance:63
TEMT6000:164,LDR:547,Distance:63
TEMT6000:164,LDR:547,Distance:64
TEMT6000:164,LDR:547,Distance:62
TEMT6000:164,LDR:548,Distance:62
TEMT6000:164,LDR:548,Distance:63
TEMT6000:164,LDR:547,Distance:64
TEMT6000:164,LDR:547,Distance:64
TEMT6000:164,LDR:547,Distance:63
TEMT6000:164,LDR:548,Distance:63
TEMT6000:163,LDR:548,Distance:63
TEMT6000:163,LDR:548,Distance:64
TEMT6000:165,LDR:548,Distance:63
TEMT6000:163,LDR:548,Distance:64
TEMT6000:165,LDR:548,Distance:65
TEMT6000:164,LDR:547,Distance:63
TEMT6000:163,LDR:549,Distance:64
TEMT6000:164,LDR:548,Distance:64
TEMT6000:164,LDR:548,Distance:64
TEMT6000:163,LDR:548,Distance:64
TEMT6000:164,LDR:548,Distance:65
TEMT6000:165,LDR:548,Distance:65
TEMT6000:164,LDR:548,Distance:64
TEMT6000:164,LDR:547,Distance:65
TEMT6000:163,LDR:548,Distance:65
TEMT6000:165,LDR:548,Distance:65
TEMT6000:164,LDR:547,Distance:65
TEMT6000:164,LDR:548,Distance:64
TEMT6000:163,LDR:548,Distance:64
TEMT6000:164,LDR:548,Distance:64
TEMT6000:164,LDR:548,Distance:65
TEMT6000:164,LDR:548,Distance:64
TEMT6000:164,LDR:548,Distance:64
TEMT6000:164,LDR:547,Distance:65
TEMT6000:164,LDR:547,Distance:65
TEMT6000:165,LDR:547,Distance:65
TEMT6000:164,LDR:547,Distance:65
TEMT6000:164,LDR:547,Distance:65
TEMT6000:163,LDR:548,Distance:65
TEMT6000:164,LDR:547,Distance:65
TEMT6000:164,LDR:547,Distance:65
TEMT6000:163,LDR:548,Distance:65
TEMT6000:163,LDR:548,Distance:65
TEMT6000:164,LDR:547,Distance:65
TEMT6000:163,LDR:548,Distance:65
TEMT6000:163,LDR:548,Distance:65
TEMT6000:165,LDR:547,Distance:66
TEMT6000:163,LDR:548,Distance:65
TEMT6000:164,LDR:548,Distance:65
TEMT6000:164,LDR:547,Distance:65
TEMT6000:164,LDR:547,Distance:65
TEMT6000:163,LDR:548,Distance:64
TEMT6000:164,LDR:548,Distance:65
TEMT6000:163,LDR:548,Distance:65
TEMT6000:164,LDR:547,Distance:65
TEMT6000:163,LDR:548,Distance:65
TEMT6000:164,LDR:547,Distance:65
TEMT6000:163,LDR:547,Distance:65
TEMT6000:164,LDR:547,Distance:65
TEMT6000:163,LDR:548,Distance:65
TEMT6000:164,LDR:548,Distance:65
TEMT6000:164,LDR:548,Distance:64
TEMT6000:163,LDR:548,Distance:65
TEMT6000:164,LDR:548,Distance:65
TEMT6000:163,LDR:547,Distance:65
TEMT6000:163,LDR:548,Distance:65
TEMT6000:164,LDR:548,Distance:65
TEMT6000:165,LDR:547,Distance:65
TEMT6000:164,LDR:547,Distance:65
TEMT6000:164,LDR:547,Distance:65
TEMT6000:163,LDR:548,Distance:65
TEMT6000:164,LDR:547,Distance:65
TEMT6000:163,LDR:548,Distance:65
TEMT6000:164,LDR:547,Distance:65
TEMT6000:164,LDR:547,Distance:65
TEMT6000:163,LDR:548,Distance:65
TEMT6000:164,LDR:547,Distance:65
TEMT6000:164,LDR:547,Distance:65
TEMT6000:164,LDR:547,Distance:65
TEMT6000:162,LDR:548,Distance:64
TEMT6000:164,LDR:547,Distance:64
TEMT6000:163,LDR:547,Distance:64
TEMT6000:164,LDR:548,Distance:65
TEMT6000:164,LDR:547,Distance:65
TEMT6000:164,LDR:547,Distance:65
TEMT6000:164,LDR:547,Distance:65
TEMT6000:164,LDR:547,Distance:65
TEMT6000:163,LDR:548,Distance:65
TEMT6000:164,LDR:547,Distance:65
TEMT6000:163,LDR:547,Distance:65
TEMT6000:163,LDR:547,Distance:65
TEMT6000:163,LDR:547,Distance:65
TEMT6000:164,LDR:547,Distance:65
TEMT6000:164,LDR:547,Distance:65
TEMT6000:164,LDR:547,Distance:65
TEMT6000:164,LDR:547,Distance:65
TEMT6000:163,LDR:547,Distance:65
TEMT6000:163,LDR:548,Distance:66
TEMT6000:164,LDR:547,Distance:66
TEMT6000:164,LDR:547,Distance:66
TEMT6000:164,LDR:547,Distance:64
TEMT6000:164,LDR:547,Distance:66
TEMT6000:162,LDR:547,Distance:65
TEMT6000:163,LDR:547,Distance:65
TEMT6000:163,LDR:548,Distance:65
TEMT6000:164,LDR:547,Distance:65
TEMT6000:164,LDR:547,Distance:65
TEMT6000:162,LDR:547,Distance:65
TEMT6000:163,LDR:547,Distance:65
TEMT6000:163,LDR:547,Distance:65
TEMT6000:164,LDR:548,Distance:65
TEMT6000:164,LDR:547,Distance:66
TEMT6000:164,LDR:548,Distance:65
TEMT6000:163,LDR:547,Distance:66
TEMT6000:164,LDR:546,Distance:65
TEMT6000:163,LDR:546,Distance:65
TEMT6000:163,LDR:547,Distance:65
TEMT6000:163,LDR:547,Distance:65
TEMT6000:163,LDR:547,Distance:65
TEMT6000:163,LDR:547,Distance:65
TEMT6000:164,LDR:547,Distance:65
TEMT6000:163,LDR:547,Distance:65
TEMT6000:163,LDR:547,Distance:65
TEMT6000:163,LDR:547,Distance:65
TEMT6000:164,LDR:547,Distance:64
TEMT6000:164,LDR:547,Distance:65
TEMT6000:164,LDR:546,Distance:65
TEMT6000:164,LDR:548,Distance:65
TEMT6000:163,LDR:547,Distance:64
TEMT6000:163,LDR:547,Distance:65
TEMT6000:163,LDR:547,Distance:65
TEMT6000:164,LDR:547,Distance:65
TEMT6000:163,LDR:547,Distance:65
TEMT6000:163,LDR:548,Distance:65
TEMT6000:163,LDR:547,Distance:65
TEMT6000:164,LDR:547,Distance:65
TEMT6000:164,LDR:547,Distance:65
TEMT6000:164,LDR:547,Distance:65
TEMT6000:163,LDR:547,Distance:65
TEMT6000:164,LDR:547,Distance:64
TEMT6000:164,LDR:547,Distance:64
TEMT6000:164,LDR:547,Distance:65
TEMT6000:165,LDR:548,Distance:65
TEMT6000:164,LDR:547,Distance:65
TEMT6000:164,LDR:547,Distance:65
TEMT6000:164,LDR:548,Distance:64
TEMT6000:163,LDR:548,Distance:64
TEMT6000:164,LDR:548,Distance:65
TEMT6000:165,LDR:548,Distance:64
TEMT6000:163,LDR:548,Distance:64
TEMT6000:165,LDR:547,Distance:64
TEMT6000:163,LDR:548,Distance:63
TEMT6000:165,LDR:548,Distance:64
TEMT6000:164,LDR:547,Distance:63
TEMT6000:165,LDR:548,Distance:65
TEMT6000:164,LDR:548,Distance:64
TEMT6000:163,LDR:548,Distance:65
TEMT6000:165,LDR:547,Distance:65
TEMT6000:163,LDR:548,Distance:64
TEMT6000:164,LDR:547,Distance:64
TEMT6000:164,LDR:548,Distance:64
TEMT6000:165,LDR:548,Distance:64
TEMT6000:165,LDR:547,Distance:64
TEMT6000:165,LDR:548,Distance:64
TEMT6000:165,LDR:548,Distance:64
TEMT6000:165,LDR:547,Distance:64
TEMT6000:165,LDR:547,Distance:65
TEMT6000:165,LDR:548,Distance:66
TEMT6000:164,LDR:548,Distance:64
TEMT6000:164,LDR:548,Distance:64
TEMT6000:164,LDR:548,Distance:66
TEMT6000:164,LDR:547,Distance:64
TEMT6000:164,LDR:547,Distance:64
TEMT6000:164,LDR:548,Distance:64
TEMT6000:164,LDR:548,Distance:64
TEMT6000:164,LDR:547,Distance:66
TEMT6000:165,LDR:547,Distance:65
TEMT6000:164,LDR:547,Distance:64
TEMT6000:165,LDR:548,Distance:64
TEMT6000:164,LDR:548,Distance:64
TEMT6000:163,LDR:548,Distance:65
TEMT6000:165,LDR:547,Distance:64
TEMT6000:164,LDR:548,Distance:64
TEMT6000:164,LDR:548,Distance:64
TEMT6000:165,LDR:548,Distance:64
TEMT6000:165,LDR:548,Distance:64
TEMT6000:165,LDR:548,Distance:65
TEMT6000:165,LDR:548,Distance:65
TEMT6000:165,LDR:547,Distance:64
TEMT6000:163,LDR:548,Distance:66
TEMT6000:166,LDR:548,Distance:64
TEMT6000:165,LDR:547,Distance:66
TEMT6000:164,LDR:548,Distance:64
TEMT6000:164,LDR:548,Distance:66
TEMT6000:165,LDR:548,Distance:65
TEMT6000:164,LDR:548,Distance:64
TEMT6000:164,LDR:549,Distance:65
TEMT6000:165,LDR:548,Distance:65
TEMT6000:165,LDR:548,Distance:65
TEMT6000:165,LDR:548,Distance:65
TEMT6000:164,LDR:549,Distance:66
TEMT6000:166,LDR:548,Distance:66
TEMT6000:165,LDR:548,Distance:66
TEMT6000:165,LDR:549,Distance:64
TEMT6000:165,LDR:548,Distance:65
TEMT6000:164,LDR:549,Distance:66
TEMT6000:164,LDR:548,Distance:65
TEMT6000:165,LDR:548,Distance:65
TEMT6000:165,LDR:548,Distance:66
TEMT6000:165,LDR:549,Distance:65
TEMT6000:165,LDR:548,Distance:65
TEMT6000:164,LDR:548,Distance:65
TEMT6000:164,LDR:548,Distance:65
TEMT6000:165,LDR:547,Distance:66
TEMT6000:166,LDR:548,Distance:67
TEMT6000:164,LDR:548,Distance:66
TEMT6000:165,LDR:548,Distance:65
TEMT6000:165,LDR:548,Distance:65
TEMT6000:165,LDR:548,Distance:65
TEMT6000:165,LDR:548,Distance:65
TEMT6000:165,LDR:549,Distance:66
TEMT6000:164,LDR:548,Distance:66
TEMT6000:166,LDR:548,Distance:65
TEMT6000:165,LDR:548,Distance:65
TEMT6000:164,LDR:548,Distance:65
TEMT6000:165,LDR:547,Distance:64
TEMT6000:164,LDR:548,Distance:65
TEMT6000:165,LDR:548,Distance:65
TEMT6000:165,LDR:548,Distance:64
TEMT6000:164,LDR:548,Distance:64
TEMT6000:165,LDR:548,Distance:64
TEMT6000:165,LDR:547,Distance:64
TEMT6000:165,LDR:547,Distance:65
TEMT6000:165,LDR:548,Distance:64
TEMT6000:165,LDR:548,Distance:64
TEMT6000:165,LDR:548,Distance:65
TEMT6000:166,LDR:548,Distance:65
TEMT6000:166,LDR:548,Distance:65
TEMT6000:166,LDR:548,Distance:65
TEMT6000:166,LDR:548,Distance:66
TEMT6000:166,LDR:548,Distance:65
TEMT6000:166,LDR:548,Distance:65
TEMT6000:165,LDR:547,Distance:65
TEMT6000:166,LDR:548,Distance:66
TEMT6000:165,LDR:548,Distance:65
TEMT6000:166,LDR:548,Distance:65
TEMT6000:166,LDR:548,Distance:64
TEMT6000:165,LDR:548,Distance:65
TEMT6000:166,LDR:548,Distance:65
TEMT6000:165,LDR:548,Distance:65
TEMT6000:166,LDR:548,Distance:65
TEMT6000:166,LDR:547,Distance:65
TEMT6000:166,LDR:547,Distance:66
TEMT6000:165,LDR:548,Distance:65
TEMT6000:165,LDR:548,Distance:65
TEMT6000:165,LDR:548,Distance:65
TEMT6000:165,LDR:548,Distance:65
TEMT6000:166,LDR:547,Distance:65
TEMT6000:166,LDR:548,Distance:65
TEMT6000:164,LDR:548,Distance:66
TEMT6000:165,LDR:547,Distance:66
TEMT6000:165,LDR:547,Distance:64
TEMT6000:166,LDR:547,Distance:66
TEMT6000:164,LDR:547,Distance:66
TEMT6000:165,LDR:548,Distance:64
TEMT6000:165,LDR:547,Distance:65
TEMT6000:165,LDR:548,Distance:64
TEMT6000:165,LDR:548,Distance:65
TEMT6000:165,LDR:548,Distance:65
TEMT6000:165,LDR:547,Distance:65
TEMT6000:165,LDR:548,Distance:65
TEMT6000:165,LDR:548,Distance:65
TEMT6000:165,LDR:548,Distance:65
TEMT6000:166,LDR:547,Distance:64
TEMT6000:166,LDR:548,Distance:64
TEMT6000:166,LDR:548,Distance:64
TEMT6000:165,LDR:547,Distance:65
TEMT6000:166,LDR:548,Distance:64
TEMT6000:166,LDR:548,Distance:64
TEMT6000:166,LDR:548,Distance:64
TEMT6000:165,LDR:548,Distance:65
TEMT6000:165,LDR:548,Distance:64
TEMT6000:166,LDR:548,Distance:64
TEMT6000:166,LDR:548,Distance:64
TEMT6000:166,LDR:547,Distance:65
TEMT6000:166,LDR:547,Distance:65
TEMT6000:165,LDR:548,Distance:64
TEMT6000:165,LDR:548,Distance:64
TEMT6000:165,LDR:548,Distance:64
TEMT6000:166,LDR:547,Distance:64
TEMT6000:166,LDR:547,Distance:65
TEMT6000:164,LDR:548,Distance:64
TEMT6000:165,LDR:548,Distance:64
TEMT6000:165,LDR:548,Distance:64
TEMT6000:166,LDR:547,Distance:64
TEMT6000:166,LDR:546,Distance:65
TEMT6000:166,LDR:547,Distance:64
TEMT6000:166,LDR:545,Distance:64
TEMT6000:165,LDR:546,Distance:64
TEMT6000:165,LDR:545,Distance:64
TEMT6000:166,LDR:545,Distance:64
TEMT6000:165,LDR:546,Distance:65
TEMT6000:165,LDR:545,Distance:65
TEMT6000:165,LDR:545,Distance:64
TEMT6000:164,LDR:546,Distance:65
TEMT6000:165,LDR:545,Distance:65
TEMT6000:166,LDR:546,Distance:64
TEMT6000:166,LDR:545,Distance:65
TEMT6000:165,LDR:545,Distance:65
TEMT6000:166,LDR:545,Distance:65
TEMT6000:164,LDR:545,Distance:65
TEMT6000:165,LDR:546,Distance:66
TEMT6000:164,LDR:545,Distance:65
TEMT6000:165,LDR:546,Distance:65
TEMT6000:165,LDR:546,Distance:65
TEMT6000:165,LDR:546,Distance:66
TEMT6000:165,LDR:545,Distance:65
TEMT6000:165,LDR:545,Distance:66
TEMT6000:165,LDR:545,Distance:66
TEMT6000:164,LDR:546,Distance:66
TEMT6000:164,LDR:546,Distance:66
TEMT6000:165,LDR:546,Distance:65
TEMT6000:166,LDR:546,Distance:65
TEMT6000:165,LDR:546,Distance:65
TEMT6000:165,LDR:546,Distance:66
TEMT6000:166,LDR:546,Distance:66
TEMT6000:166,LDR:546,Distance:66
TEMT6000:166,LDR:546,Distance:65
TEMT6000:166,LDR:545,Distance:65
TEMT6000:166,LDR:545,Distance:65
TEMT6000:164,LDR:546,Distance:65
TEMT6000:165,LDR:545,Distance:66
TEMT6000:165,LDR:545,Distance:66
TEMT6000:164,LDR:546,Distance:65
TEMT6000:165,LDR:546,Distance:66
TEMT6000:165,LDR:545,Distance:65
TEMT6000:164,LDR:546,Distance:66
TEMT6000:165,LDR:546,Distance:66
TEMT6000:166,LDR:545,Distance:66
TEMT6000:165,LDR:546,Distance:66
TEMT6000:165,LDR:546,Distance:66
TEMT6000:166,LDR:546,Distance:66
TEMT6000:165,LDR:546,Distance:66
TEMT6000:167,LDR:545,Distance:66
TEMT6000:165,LDR:545,Distance:66
TEMT6000:165,LDR:545,Distance:66
TEMT6000:165,LDR:546,Distance:66
TEMT6000:166,LDR:546,Distance:66
TEMT6000:164,LDR:545,Distance:65
TEMT6000:165,LDR:545,Distance:66
TEMT6000:166,LDR:545,Distance:65
TEMT6000:164,LDR:545,Distance:65
TEMT6000:166,LDR:545,Distance:66
TEMT6000:166,LDR:545,Distance:65
TEMT6000:165,LDR:545,Distance:67
TEMT6000:164,LDR:545,Distance:65
TEMT6000:166,LDR:545,Distance:66
TEMT6000:164,LDR:545,Distance:66
TEMT6000:166,LDR:544,Distance:66
TEMT6000:164,LDR:545,Distance:66
TEMT6000:165,LDR:544,Distance:66
TEMT6000:166,LDR:545,Distance:66
TEMT6000:165,LDR:545,Distance:66
TEMT6000:165,LDR:544,Distance:67
TEMT6000:166,LDR:545,Distance:66
TEMT6000:166,LDR:545,Distance:67
TEMT6000:165,LDR:545,Distance:65
TEMT6000:165,LDR:545,Distance:65
TEMT6000:165,LDR:544,Distance:65
TEMT6000:165,LDR:545,Distance:66
TEMT6000:165,LDR:544,Distance:66
TEMT6000:166,LDR:545,Distance:66
TEMT6000:164,LDR:545,Distance:67
TEMT6000:166,LDR:545,Distance:67
TEMT6000:165,LDR:545,Distance:67
TEMT6000:166,LDR:545,Distance:66
TEMT6000:165,LDR:544,Distance:65
TEMT6000:165,LDR:545,Distance:65
TEMT6000:166,LDR:545,Distance:65
TEMT6000:165,LDR:545,Distance:65
TEMT6000:166,LDR:545,Distance:65
TEMT6000:165,LDR:545,Distance:65
TEMT6000:166,LDR:545,Distance:65
TEMT6000:165,LDR:544,Distance:65
TEMT6000:165,LDR:545,Distance:65
TEMT6000:165,LDR:544,Distance:65
TEMT6000:165,LDR:545,Distance:65
TEMT6000:165,LDR:544,Distance:66
TEMT6000:165,LDR:545,Distance:65
TEMT6000:165,LDR:544,Distance:65
TEMT6000:166,LDR:545,Distance:66
TEMT6000:165,LDR:544,Distance:65
TEMT6000:165,LDR:545,Distance:65
TEMT6000:166,LDR:545,Distance:66
TEMT6000:165,LDR:545,Distance:66
TEMT6000:165,LDR:545,Distance:66
TEMT6000:165,LDR:545,Distance:65
TEMT6000:165,LDR:545,Distance:66
TEMT6000:164,LDR:545,Distance:66
TEMT6000:165,LDR:545,Distance:66
TEMT6000:164,LDR:545,Distance:65
TEMT6000:165,LDR:545,Distance:66
TEMT6000:164,LDR:545,Distance:65
TEMT6000:165,LDR:544,Distance:66
TEMT6000:165,LDR:544,Distance:67
TEMT6000:166,LDR:544,Distance:66
TEMT6000:165,LDR:544,Distance:66
TEMT6000:165,LDR:545,Distance:67
TEMT6000:165,LDR:545,Distance:66
TEMT6000:165,LDR:544,Distance:66
TEMT6000:165,LDR:545,Distance:66
TEMT6000:166,LDR:544,Distance:66
TEMT6000:165,LDR:545,Distance:66
TEMT6000:165,LDR:545,Distance:67
TEMT6000:166,LDR:545,Distance:66
TEMT6000:165,LDR:544,Distance:66
TEMT6000:165,LDR:545,Distance:66
TEMT6000:165,LDR:545,Distance:66
TEMT6000:166,LDR:545,Distance:66
TEMT6000:166,LDR:545,Distance:66
TEMT6000:166,LDR:544,Distance:66
TEMT6000:165,LDR:545,Distance:66
TEMT6000:165,LDR:545,Distance:67
TEMT6000:165,LDR:545,Distance:66
TEMT6000:166,LDR:544,Distance:66
TEMT6000:166,LDR:544,Distance:66
TEMT6000:166,LDR:545,Distance:66
TEMT6000:166,LDR:545,Distance:66
TEMT6000:165,LDR:545,Distance:67
TEMT6000:165,LDR:545,Distance:66
TEMT6000:165,LDR:545,Distance:66
TEMT6000:167,LDR:545,Distance:66
TEMT6000:166,LDR:544,Distance:67
TEMT6000:166,LDR:545,Distance:66
TEMT6000:166,LDR:545,Distance:66
TEMT6000:165,LDR:545,Distance:66
TEMT6000:165,LDR:545,Distance:66
TEMT6000:166,LDR:544,Distance:66
TEMT6000:166,LDR:545,Distance:67
TEMT6000:165,LDR:545,Distance:66
TEMT6000:166,LDR:544,Distance:66
TEMT6000:165,LDR:544,Distance:66
TEMT6000:166,LDR:544,Distance:67
TEMT6000:166,LDR:544,Distance:67
TEMT6000:165,LDR:545,Distance:67
TEMT6000:165,LDR:544,Distance:66
TEMT6000:166,LDR:544,Distance:66
TEMT6000:165,LDR:545,Distance:66
TEMT6000:164,LDR:545,Distance:66
TEMT6000:166,LDR:544,Distance:67
TEMT6000:165,LDR:544,Distance:66
TEMT6000:166,LDR:544,Distance:67
TEMT6000:165,LDR:545,Distance:66
TEMT6000:165,LDR:544,Distance:67
TEMT6000:164,LDR:545,Distance:67
TEMT6000:165,LDR:545,Distance:66
TEMT6000:165,LDR:544,Distance:66
TEMT6000:166,LDR:545,Distance:67
TEMT6000:166,LDR:544,Distance:68
TEMT6000:165,LDR:544,Distance:67
TEMT6000:166,LDR:544,Distance:67
TEMT6000:165,LDR:545,Distance:66
TEMT6000:166,LDR:544,Distance:67
TEMT6000:166,LDR:545,Distance:67
TEMT6000:166,LDR:545,Distance:68
TEMT6000:166,LDR:545,Distance:66
TEMT6000:166,LDR:544,Distance:67
TEMT6000:166,LDR:544,Distance:66
TEMT6000:167,LDR:544,Distance:66
TEMT6000:166,LDR:544,Distance:66
TEMT6000:166,LDR:544,Distance:67
TEMT6000:166,LDR:544,Distance:66
TEMT6000:165,LDR:545,Distance:66
TEMT6000:166,LDR:544,Distance:66
TEMT6000:166,LDR:544,Distance:66
TEMT6000:166,LDR:544,Distance:67
TEMT6000:165,LDR:545,Distance:67
TEMT6000:166,LDR:544,Distance:66
TEMT6000:165,LDR:545,Distance:66
TEMT6000:165,LDR:545,Distance:67
TEMT6000:166,LDR:545,Distance:67
TEMT6000:166,LDR:544,Distance:66
TEMT6000:165,LDR:545,Distance:66
TEMT6000:165,LDR:545,Distance:66
TEMT6000:165,LDR:544,Distance:66
TEMT6000:165,LDR:544,Distance:66
TEMT6000:166,LDR:543,Distance:66
TEMT6000:166,LDR:544,Distance:66
TEMT6000:166,LDR:543,Distance:66
TEMT6000:166,LDR:544,Distance:67
TEMT6000:166,LDR:544,Distance:66
TEMT6000:165,LDR:544,Distance:67
TEMT6000:165,LDR:544,Distance:66
TEMT6000:165,LDR:543,Distance:66
TEMT6000:166,LDR:543,Distance:67
TEMT6000:166,LDR:544,Distance:67
TEMT6000:166,LDR:543,Distance:67
TEMT6000:166,LDR:543,Distance:66
TEMT6000:166,LDR:544,Distance:66
TEMT6000:166,LDR:544,Distance:66
TEMT6000:167,LDR:543,Distance:66
TEMT6000:165,LDR:543,Distance:67
TEMT6000:165,LDR:543,Distance:66
TEMT6000:165,LDR:543,Distance:67
TEMT6000:165,LDR:543,Distance:66
TEMT6000:165,LDR:542,Distance:66
TEMT6000:163,LDR:543,Distance:66
TEMT6000:165,LDR:542,Distance:66
TEMT6000:164,LDR:542,Distance:66
TEMT6000:165,LDR:543,Distance:66
TEMT6000:164,LDR:543,Distance:66
TEMT6000:164,LDR:542,Distance:66
TEMT6000:164,LDR:542,Distance:66
TEMT6000:163,LDR:543,Distance:67
TEMT6000:164,LDR:543,Distance:67
TEMT6000:165,LDR:543,Distance:67
TEMT6000:165,LDR:542,Distance:68
TEMT6000:165,LDR:543,Distance:68
TEMT6000:165,LDR:543,Distance:67
TEMT6000:164,LDR:543,Distance:67
TEMT6000:165,LDR:543,Distance:67
TEMT6000:165,LDR:542,Distance:67
TEMT6000:165,LDR:543,Distance:68
TEMT6000:164,LDR:543,Distance:68
TEMT6000:165,LDR:542,Distance:67
TEMT6000:165,LDR:543,Distance:67
TEMT6000:165,LDR:543,Distance:67
TEMT6000:165,LDR:543,Distance:67
TEMT6000:164,LDR:543,Distance:67
TEMT6000:166,LDR:543,Distance:68
TEMT6000:164,LDR:543,Distance:67
TEMT6000:165,LDR:543,Distance:67
TEMT6000:164,LDR:543,Distance:68
TEMT6000:165,LDR:543,Distance:67
TEMT6000:166,LDR:543,Distance:66
TEMT6000:165,LDR:543,Distance:68
TEMT6000:165,LDR:542,Distance:67
TEMT6000:164,LDR:544,Distance:67
TEMT6000:165,LDR:542,Distance:67
TEMT6000:165,LDR:543,Distance:68
TEMT6000:166,LDR:543,Distance:68
TEMT6000:166,LDR:543,Distance:67
TEMT6000:165,LDR:543,Distance:67
TEMT6000:165,LDR:543,Distance:67
TEMT6000:165,LDR:543,Distance:67
TEMT6000:165,LDR:543,Distance:67
TEMT6000:166,LDR:543,Distance:67
TEMT6000:165,LDR:543,Distance:67
TEMT6000:165,LDR:543,Distance:67
TEMT6000:164,LDR:543,Distance:67
TEMT6000:164,LDR:543,Distance:67
TEMT6000:165,LDR:543,Distance:67
TEMT6000:165,LDR:543,Distance:66
TEMT6000:165,LDR:543,Distance:66
TEMT6000:165,LDR:543,Distance:66
TEMT6000:166,LDR:542,Distance:67
TEMT6000:166,LDR:543,Distance:66
TEMT6000:166,LDR:543,Distance:67
TEMT6000:165,LDR:543,Distance:67
TEMT6000:164,LDR:543,Distance:67
TEMT6000:166,LDR:542,Distance:67
TEMT6000:165,LDR:543,Distance:67
TEMT6000:165,LDR:542,Distance:67
TEMT6000:165,LDR:542,Distance:67
TEMT6000:165,LDR:543,Distance:67
TEMT6000:164,LDR:543,Distance:67
TEMT6000:165,LDR:543,Distance:67
TEMT6000:165,LDR:543,Distance:68
TEMT6000:167,LDR:543,Distance:68
TEMT6000:166,LDR:544,Distance:68
TEMT6000:166,LDR:543,Distance:68
TEMT6000:167,LDR:542,Distance:67
TEMT6000:166,LDR:542,Distance:67
TEMT6000:165,LDR:543,Distance:67
TEMT6000:165,LDR:543,Distance:68
TEMT6000:166,LDR:542,Distance:68
TEMT6000:165,LDR:542,Distance:68
TEMT6000:166,LDR:542,Distance:68
TEMT6000:164,LDR:541,Distance:68
TEMT6000:165,LDR:541,Distance:68
TEMT6000:163,LDR:542,Distance:68
TEMT6000:164,LDR:542,Distance:68
TEMT6000:165,LDR:540,Distance:67
TEMT6000:163,LDR:541,Distance:67
TEMT6000:163,LDR:540,Distance:67
TEMT6000:163,LDR:541,Distance:67
TEMT6000:163,LDR:541,Distance:66
TEMT6000:162,LDR:541,Distance:66
TEMT6000:164,LDR:540,Distance:67
TEMT6000:163,LDR:540,Distance:68
TEMT6000:162,LDR:540,Distance:70
TEMT6000:162,LDR:540,Distance:67
TEMT6000:164,LDR:539,Distance:67
TEMT6000:164,LDR:539,Distance:67
TEMT6000:162,LDR:540,Distance:66
TEMT6000:162,LDR:540,Distance:66
TEMT6000:163,LDR:540,Distance:66
TEMT6000:163,LDR:540,Distance:66
TEMT6000:162,LDR:540,Distance:67
TEMT6000:163,LDR:539,Distance:69
TEMT6000:162,LDR:540,Distance:68
TEMT6000:163,LDR:540,Distance:67
TEMT6000:162,LDR:540,Distance:67
TEMT6000:164,LDR:539,Distance:67
TEMT6000:163,LDR:540,Distance:68
TEMT6000:164,LDR:539,Distance:68
TEMT6000:163,LDR:540,Distance:67
TEMT6000:162,LDR:540,Distance:66
TEMT6000:164,LDR:539,Distance:67
TEMT6000:163,LDR:540,Distance:68
TEMT6000:164,LDR:539,Distance:67
TEMT6000:163,LDR:540,Distance:69
TEMT6000:164,LDR:540,Distance:67
TEMT6000:163,LDR:539,Distance:67
TEMT6000:163,LDR:540,Distance:68
TEMT6000:163,LDR:541,Distance:67
TEMT6000:164,LDR:540,Distance:67
TEMT6000:164,LDR:540,Distance:67
TEMT6000:164,LDR:540,Distance:68
TEMT6000:163,LDR:541,Distance:68
TEMT6000:163,LDR:541,Distance:67
TEMT6000:164,LDR:540,Distance:68
TEMT6000:163,LDR:541,Distance:68
TEMT6000:163,LDR:542,Distance:68
TEMT6000:163,LDR:542,Distance:68
TEMT6000:163,LDR:542,Distance:67
TEMT6000:164,LDR:542,Distance:68
TEMT6000:166,LDR:542,Distance:67
TEMT6000:165,LDR:542,Distance:67
TEMT6000:165,LDR:543,Distance:68
TEMT6000:166,LDR:542,Distance:67
TEMT6000:165,LDR:542,Distance:67
TEMT6000:166,LDR:543,Distance:67
TEMT6000:166,LDR:543,Distance:67
TEMT6000:167,LDR:543,Distance:67
TEMT6000:166,LDR:543,Distance:67
TEMT6000:166,LDR:543,Distance:67
TEMT6000:166,LDR:543,Distance:67
TEMT6000:167,LDR:543,Distance:67
TEMT6000:166,LDR:543,Distance:67
TEMT6000:167,LDR:543,Distance:69
TEMT6000:167,LDR:543,Distance:69
TEMT6000:166,LDR:543,Distance:69
TEMT6000:166,LDR:543,Distance:69
TEMT6000:165,LDR:543,Distance:69
TEMT6000:166,LDR:543,Distance:69
TEMT6000:166,LDR:543,Distance:69
TEMT6000:166,LDR:543,Distance:69
TEMT6000:165,LDR:543,Distance:69
TEMT6000:166,LDR:544,Distance:70
TEMT6000:166,LDR:543,Distance:70
TEMT6000:166,LDR:543,Distance:69
TEMT6000:167,LDR:543,Distance:68
TEMT6000:167,LDR:543,Distance:68
TEMT6000:167,LDR:543,Distance:67
TEMT6000:167,LDR:542,Distance:67
TEMT6000:166,LDR:543,Distance:67
TEMT6000:165,LDR:543,Distance:66
TEMT6000:166,LDR:542,Distance:67
TEMT6000:167,LDR:543,Distance:67
TEMT6000:167,LDR:543,Distance:66
TEMT6000:166,LDR:543,Distance:66
TEMT6000:166,LDR:543,Distance:67
TEMT6000:167,LDR:543,Distance:66
TEMT6000:166,LDR:543,Distance:66
TEMT6000:167,LDR:543,Distance:66
TEMT6000:167,LDR:543,Distance:66
TEMT6000:167,LDR:543,Distance:66
TEMT6000:167,LDR:543,Distance:66
TEMT6000:167,LDR:544,Distance:67
TEMT6000:167,LDR:543,Distance:66
TEMT6000:167,LDR:544,Distance:66
TEMT6000:167,LDR:543,Distance:67
TEMT6000:167,LDR:544,Distance:67
TEMT6000:167,LDR:543,Distance:66
TEMT6000:167,LDR:543,Distance:66
TEMT6000:167,LDR:544,Distance:66
TEMT6000:167,LDR:543,Distance:66
TEMT6000:166,LDR:544,Distance:66
TEMT6000:166,LDR:543,Distance:66
TEMT6000:167,LDR:544,Distance:66
TEMT6000:166,LDR:544,Distance:67
TEMT6000:167,LDR:544,Distance:67
TEMT6000:167,LDR:543,Distance:66
TEMT6000:167,LDR:543,Distance:67
TEMT6000:167,LDR:543,Distance:67
TEMT6000:167,LDR:543,Distance:66
TEMT6000:167,LDR:543,Distance:67
TEMT6000:167,LDR:543,Distance:66
TEMT6000:168,LDR:543,Distance:67
TEMT6000:167,LDR:544,Distance:67
TEMT6000:167,LDR:544,Distance:67
TEMT6000:167,LDR:543,Distance:66
TEMT6000:168,LDR:544,Distance:66
TEMT6000:167,LDR:543,Distance:66
TEMT6000:166,LDR:544,Distance:67
TEMT6000:168,LDR:543,Distance:67
TEMT6000:167,LDR:544,Distance:67
TEMT6000:167,LDR:543,Distance:67
TEMT6000:167,LDR:543,Distance:66
TEMT6000:168,LDR:543,Distance:67
TEMT6000:167,LDR:543,Distance:67
TEMT6000:167,LDR:543,Distance:67
TEMT6000:167,LDR:543,Distance:67
TEMT6000:166,LDR:544,Distance:68
TEMT6000:167,LDR:543,Distance:67
TEMT6000:167,LDR:543,Distance:67
TEMT6000:168,LDR:542,Distance:66
TEMT6000:167,LDR:543,Distance:68
TEMT6000:168,LDR:543,Distance:67
TEMT6000:167,LDR:543,Distance:68
TEMT6000:166,LDR:543,Distance:67
TEMT6000:166,LDR:543,Distance:67
TEMT6000:168,LDR:543,Distance:67
TEMT6000:167,LDR:542,Distance:67
TEMT6000:168,LDR:543,Distance:67
TEMT6000:166,LDR:543,Distance:66
TEMT6000:167,LDR:543,Distance:67
TEMT6000:168,LDR:543,Distance:67
TEMT6000:167,LDR:544,Distance:67
TEMT6000:167,LDR:544,Distance:67
TEMT6000:168,LDR:543,Distance:67
TEMT6000:168,LDR:543,Distance:67
TEMT6000:168,LDR:543,Distance:67
TEMT6000:168,LDR:543,Distance:67
TEMT6000:168,LDR:543,Distance:67
TEMT6000:168,LDR:543,Distance:67
TEMT6000:168,LDR:543,Distance:67
TEMT6000:167,LDR:543,Distance:67
TEMT6000:167,LDR:544,Distance:67
TEMT6000:168,LDR:543,Distance:67
TEMT6000:168,LDR:543,Distance:67
TEMT6000:168,LDR:543,Distance:67
TEMT6000:168,LDR:543,Distance:67
TEMT6000:168,LDR:543,Distance:68
TEMT6000:168,LDR:544,Distance:68
TEMT6000:168,LDR:544,Distance:67
TEMT6000:168,LDR:544,Distance:67
TEMT6000:167,LDR:543,Distance:67
TEMT6000:168,LDR:543,Distance:67
TEMT6000:168,LDR:543,Distance:67
TEMT6000:167,LDR:544,Distance:67
TEMT6000:167,LDR:544,Distance:67
TEMT6000:169,LDR:544,Distance:67
TEMT6000:168,LDR:544,Distance:67
TEMT6000:167,LDR:544,Distance:67
TEMT6000:168,LDR:544,Distance:67
TEMT6000:168,LDR:543,Distance:67
TEMT6000:168,LDR:543,Distance:67
TEMT6000:168,LDR:543,Distance:68
TEMT6000:168,LDR:543,Distance:68
TEMT6000:168,LDR:543,Distance:68
TEMT6000:167,LDR:543,Distance:67
TEMT6000:167,LDR:543,Distance:67
TEMT6000:168,LDR:543,Distance:68
TEMT6000:168,LDR:543,Distance:67
TEMT6000:167,LDR:543,Distance:67
TEMT6000:167,LDR:543,Distance:67
TEMT6000:166,LDR:543,Distance:67
TEMT6000:168,LDR:543,Distance:67
TEMT6000:167,LDR:543,Distance:67
TEMT6000:168,LDR:543,Distance:67
TEMT6000:167,LDR:543,Distance:67
TEMT6000:168,LDR:543,Distance:67
TEMT6000:167,LDR:543,Distance:67
TEMT6000:168,LDR:543,Distance:67
TEMT6000:168,LDR:543,Distance:67
TEMT6000:168,LDR:543,Distance:67
TEMT6000:167,LDR:543,Distance:67
TEMT6000:168,LDR:543,Distance:67
TEMT6000:168,LDR:543,Distance:67
TEMT6000:167,LDR:543,Distance:67
TEMT6000:168,LDR:544,Distance:67
TEMT6000:168,LDR:543,Distance:67
TEMT6000:167,LDR:543,Distance:68
TEMT6000:167,LDR:544,Distance:68
TEMT6000:168,LDR:543,Distance:67
TEMT6000:168,LDR:543,Distance:67
TEMT6000:168,LDR:543,Distance:67
TEMT6000:168,LDR:543,Distance:67
TEMT6000:168,LDR:543,Distance:67
TEMT6000:168,LDR:543,Distance:67
TEMT6000:167,LDR:543,Distance:67
TEMT6000:168,LDR:543,Distance:67
TEMT6000:168,LDR:543,Distance:68
TEMT6000:169,LDR:543,Distance:67
TEMT6000:168,LDR:543,Distance:67
TEMT6000:167,LDR:544,Distance:67
TEMT6000:167,LDR:543,Distance:68
TEMT6000:168,LDR:543,Distance:67
TEMT6000:167,LDR:543,Distance:68
TEMT6000:168,LDR:542,Distance:67
TEMT6000:167,LDR:543,Distance:68
TEMT6000:167,LDR:543,Distance:67
TEMT6000:168,LDR:543,Distance:68
TEMT6000:167,LDR:543,Distance:68
TEMT6000:168,LDR:543,Distance:68
TEMT6000:167,LDR:543,Distance:68
TEMT6000:168,LDR:543,Distance:68
TEMT6000:168,LDR:543,Distance:68
TEMT6000:168,LDR:543,Distance:68
TEMT6000:167,LDR:544,Distance:68
TEMT6000:167,LDR:543,Distance:68
TEMT6000:168,LDR:543,Distance:68
TEMT6000:168,LDR:543,Distance:68
TEMT6000:168,LDR:543,Distance:69
TEMT6000:167,LDR:543,Distance:69
TEMT6000:168,LDR:543,Distance:68
TEMT6000:168,LDR:543,Distance:69
TEMT6000:168,LDR:543,Distance:68
TEMT6000:168,LDR:543,Distance:68
TEMT6000:168,LDR:542,Distance:68
TEMT6000:168,LDR:543,Distance:69
TEMT6000:167,LDR:543,Distance:69
TEMT6000:168,LDR:543,Distance:69
TEMT6000:167,LDR:543,Distance:68
TEMT6000:168,LDR:543,Distance:68
TEMT6000:168,LDR:543,Distance:69
TEMT6000:168,LDR:543,Distance:69
TEMT6000:167,LDR:543,Distance:68
TEMT6000:167,LDR:543,Distance:68
TEMT6000:168,LDR:543,Distance:68
TEMT6000:168,LDR:543,Distance:69
TEMT6000:167,LDR:543,Distance:68
TEMT6000:168,LDR:543,Distance:69
TEMT6000:168,LDR:543,Distance:68
TEMT6000:168,LDR:543,Distance:68
TEMT6000:168,LDR:543,Distance:69
TEMT6000:168,LDR:542,Distance:69
TEMT6000:168,LDR:543,Distance:69
TEMT6000:167,LDR:543,Distance:69
TEMT6000:167,LDR:543,Distance:68
TEMT6000:167,LDR:543,Distance:68
TEMT6000:167,LDR:543,Distance:69
TEMT6000:168,LDR:543,Distance:68
TEMT6000:167,LDR:543,Distance:68
TEMT6000:168,LDR:543,Distance:68
TEMT6000:168,LDR:542,Distance:68
TEMT6000:167,LDR:543,Distance:68
TEMT6000:168,LDR:543,Distance:68
TEMT6000:168,LDR:543,Distance:68
TEMT6000:167,LDR:543,Distance:68
TEMT6000:166,LDR:543,Distance:68
TEMT6000:168,LDR:543,Distance:68
TEMT6000:167,LDR:543,Distance:69
TEMT6000:168,LDR:543,Distance:68
TEMT6000:167,LDR:543,Distance:68
TEMT6000:167,LDR:543,Distance:68
TEMT6000:167,LDR:543,Distance:68
TEMT6000:167,LDR:543,Distance:68
TEMT6000:168,LDR:543,Distance:68
TEMT6000:168,LDR:543,Distance:68
TEMT6000:168,LDR:543,Distance:68
TEMT6000:167,LDR:543,Distance:68
TEMT6000:168,LDR:543,Distance:68
TEMT6000:168,LDR:543,Distance:68
TEMT6000:168,LDR:543,Distance:68
TEMT6000:168,LDR:543,Distance:69
TEMT6000:168,LDR:543,Distance:68
TEMT6000:168,LDR:543,Distance:68
TEMT6000:168,LDR:543,Distance:69
TEMT6000:168,LDR:543,Distance:69
TEMT6000:168,LDR:543,Distance:69
TEMT6000:169,LDR:543,Distance:69
TEMT6000:168,LDR:543,Distance:69
TEMT6000:168,LDR:543,Distance:69
TEMT6000:167,LDR:544,Distance:69
TEMT6000:168,LDR:542,Distance:68
TEMT6000:168,LDR:542,Distance:69
TEMT6000:168,LDR:543,Distance:69
TEMT6000:168,LDR:543,Distance:68
TEMT6000:168,LDR:542,Distance:70
TEMT6000:168,LDR:543,Distance:69
TEMT6000:168,LDR:543,Distance:69
TEMT6000:168,LDR:542,Distance:69
TEMT6000:167,LDR:543,Distance:69
TEMT6000:167,LDR:543,Distance:69
TEMT6000:168,LDR:543,Distance:69
TEMT6000:167,LDR:543,Distance:69
TEMT6000:168,LDR:543,Distance:69
TEMT6000:168,LDR:542,Distance:69
TEMT6000:168,LDR:542,Distance:69
TEMT6000:168,LDR:543,Distance:69
TEMT6000:168,LDR:543,Distance:69
TEMT6000:167,LDR:543,Distance:70
TEMT6000:167,LDR:543,Distance:69
TEMT6000:168,LDR:542,Distance:69
TEMT6000:168,LDR:543,Distance:69
TEMT6000:167,LDR:543,Distance:69
TEMT6000:167,LDR:543,Distance:69
TEMT6000:168,LDR:543,Distance:69
TEMT6000:167,LDR:543,Distance:69
TEMT6000:168,LDR:543,Distance:69
TEMT6000:168,LDR:543,Distance:69
TEMT6000:169,LDR:542,Distance:69
TEMT6000:167,LDR:543,Distance:69
TEMT6000:168,LDR:543,Distance:69
TEMT6000:168,LDR:543,Distance:70
TEMT6000:168,LDR:543,Distance:69
TEMT6000:168,LDR:543,Distance:69
TEMT6000:168,LDR:542,Distance:70
TEMT6000:169,LDR:543,Distance:70
TEMT6000:168,LDR:543,Distance:69
TEMT6000:168,LDR:543,Distance:69
TEMT6000:168,LDR:543,Distance:70
TEMT6000:168,LDR:543,Distance:69
TEMT6000:169,LDR:543,Distance:69
TEMT6000:167,LDR:544,Distance:69
TEMT6000:168,LDR:543,Distance:69
TEMT6000:169,LDR:543,Distance:69
TEMT6000:168,LDR:544,Distance:70
TEMT6000:169,LDR:543,Distance:70
TEMT6000:169,LDR:544,Distance:69
TEMT6000:169,LDR:543,Distance:70
TEMT6000:168,LDR:543,Distance:70
TEMT6000:168,LDR:544,Distance:69
TEMT6000:169,LDR:543,Distance:69
TEMT6000:169,LDR:543,Distance:69
TEMT6000:168,LDR:544,Distance:70
TEMT6000:169,LDR:544,Distance:69
TEMT6000:169,LDR:544,Distance:69
TEMT6000:170,LDR:543,Distance:70
TEMT6000:169,LDR:543,Distance:69
TEMT6000:168,LDR:544,Distance:69
TEMT6000:168,LDR:544,Distance:70
TEMT6000:168,LDR:543,Distance:69
TEMT6000:168,LDR:543,Distance:69
TEMT6000:168,LDR:543,Distance:69
TEMT6000:169,LDR:543,Distance:70
TEMT6000:169,LDR:543,Distance:70
TEMT6000:169,LDR:543,Distance:69
TEMT6000:169,LDR:543,Distance:69
TEMT6000:168,LDR:543,Distance:70
TEMT6000:168,LDR:543,Distance:69
TEMT6000:168,LDR:543,Distance:69
TEMT6000:168,LDR:543,Distance:69
TEMT6000:168,LDR:543,Distance:69
TEMT6000:168,LDR:543,Distance:69
TEMT6000:167,LDR:542,Distance:69
TEMT6000:168,LDR:542,Distance:69
TEMT6000:168,LDR:543,Distance:69
TEMT6000:167,LDR:543,Distance:69
TEMT6000:168,LDR:542,Distance:70
TEMT6000:168,LDR:542,Distance:69
TEMT6000:169,LDR:543,Distance:69
TEMT6000:168,LDR:542,Distance:69
TEMT6000:168,LDR:542,Distance:69
TEMT6000:167,LDR:542,Distance:70
TEMT6000:168,LDR:542,Distance:70
TEMT6000:168,LDR:542,Distance:69
TEMT6000:168,LDR:542,Distance:69
TEMT6000:168,LDR:542,Distance:69
TEMT6000:168,LDR:542,Distance:69
TEMT6000:168,LDR:543,Distance:69
TEMT6000:167,LDR:543,Distance:69
TEMT6000:167,LDR:543,Distance:70
TEMT6000:167,LDR:543,Distance:69
TEMT6000:168,LDR:542,Distance:69
TEMT6000:168,LDR:542,Distance:70
TEMT6000:168,LDR:542,Distance:70
TEMT6000:168,LDR:542,Distance:69
TEMT6000:167,LDR:542,Distance:69
TEMT6000:168,LDR:543,Distance:70
TEMT6000:168,LDR:543,Distance:70
TEMT6000:168,LDR:542,Distance:70
TEMT6000:167,LDR:543,Distance:70
TEMT6000:168,LDR:543,Distance:70
TEMT6000:168,LDR:543,Distance:69
TEMT6000:168,LDR:542,Distance:70
TEMT6000:168,LDR:543,Distance:70
TEMT6000:167,LDR:543,Distance:70
TEMT6000:168,LDR:543,Distance:70
TEMT6000:168,LDR:543,Distance:70
TEMT6000:168,LDR:543,Distance:70
TEMT6000:168,LDR:542,Distance:70
TEMT6000:167,LDR:543,Distance:71
TEMT6000:169,LDR:543,Distance:70
TEMT6000:168,LDR:542,Distance:70
TEMT6000:168,LDR:542,Distance:71
TEMT6000:167,LDR:542,Distance:70
TEMT6000:167,LDR:543,Distance:70
TEMT6000:168,LDR:542,Distance:70
TEMT6000:168,LDR:543,Distance:70
TEMT6000:169,LDR:542,Distance:70
TEMT6000:168,LDR:542,Distance:70
TEMT6000:168,LDR:543,Distance:70
TEMT6000:167,LDR:542,Distance:70
TEMT6000:167,LDR:543,Distance:70
TEMT6000:168,LDR:542,Distance:70
TEMT6000:168,LDR:543,Distance:71
TEMT6000:168,LDR:543,Distance:70
TEMT6000:168,LDR:543,Distance:70
TEMT6000:168,LDR:542,Distance:70
TEMT6000:168,LDR:542,Distance:70
TEMT6000:168,LDR:542,Distance:71
TEMT6000:168,LDR:542,Distance:70
TEMT6000:167,LDR:543,Distance:70
TEMT6000:166,LDR:542,Distance:69
TEMT6000:168,LDR:543,Distance:69
TEMT6000:167,LDR:543,Distance:70
TEMT6000:169,LDR:542,Distance:70
TEMT6000:169,LDR:542,Distance:70
TEMT6000:168,LDR:543,Distance:71
TEMT6000:168,LDR:542,Distance:69
TEMT6000:168,LDR:542,Distance:70
TEMT6000:168,LDR:543,Distance:70
TEMT6000:167,LDR:543,Distance:70
TEMT6000:168,LDR:543,Distance:70
TEMT6000:168,LDR:543,Distance:70
TEMT6000:168,LDR:542,Distance:70
TEMT6000:168,LDR:542,Distance:70
TEMT6000:168,LDR:542,Distance:70
TEMT6000:168,LDR:542,Distance:70
TEMT6000:167,LDR:542,Distance:71
TEMT6000:168,LDR:542,Distance:70
TEMT6000:167,LDR:542,Distance:70
TEMT6000:168,LDR:542,Distance:70
TEMT6000:168,LDR:542,Distance:70
TEMT6000:167,LDR:543,Distance:70
TEMT6000:168,LDR:542,Distance:70
TEMT6000:168,LDR:542,Distance:70
TEMT6000:169,LDR:542,Distance:70
TEMT6000:168,LDR:541,Distance:70
TEMT6000:168,LDR:542,Distance:70
TEMT6000:168,LDR:541,Distance:70
TEMT6000:168,LDR:542,Distance:70
TEMT6000:167,LDR:543,Distance:70
TEMT6000:167,LDR:542,Distance:71
TEMT6000:167,LDR:542,Distance:71
TEMT6000:167,LDR:542,Distance:71
TEMT6000:167,LDR:542,Distance:70
TEMT6000:168,LDR:541,Distance:70
TEMT6000:168,LDR:542,Distance:70
TEMT6000:167,LDR:542,Distance:70
TEMT6000:167,LDR:542,Distance:70
TEMT6000:168,LDR:542,Distance:70
TEMT6000:168,LDR:541,Distance:70
TEMT6000:168,LDR:542,Distance:70
TEMT6000:167,LDR:541,Distance:71
TEMT6000:168,LDR:541,Distance:70
TEMT6000:166,LDR:542,Distance:70
TEMT6000:167,LDR:542,Distance:71
TEMT6000:168,LDR:541,Distance:71
TEMT6000:168,LDR:542,Distance:72
TEMT6000:167,LDR:542,Distance:70
TEMT6000:167,LDR:542,Distance:70
TEMT6000:167,LDR:542,Distance:72
TEMT6000:168,LDR:541,Distance:71
TEMT6000:167,LDR:542,Distance:71
TEMT6000:167,LDR:541,Distance:71
TEMT6000:168,LDR:541,Distance:71
TEMT6000:168,LDR:541,Distance:70
TEMT6000:167,LDR:541,Distance:71
TEMT6000:168,LDR:541,Distance:71
TEMT6000:167,LDR:541,Distance:71
TEMT6000:168,LDR:541,Distance:71
TEMT6000:168,LDR:541,Distance:71
TEMT6000:167,LDR:541,Distance:71
TEMT6000:166,LDR:541,Distance:71
TEMT6000:167,LDR:541,Distance:71
TEMT6000:168,LDR:541,Distance:71
TEMT6000:168,LDR:541,Distance:71
TEMT6000:167,LDR:541,Distance:71
TEMT6000:166,LDR:542,Distance:71
TEMT6000:167,LDR:542,Distance:71
TEMT6000:167,LDR:541,Distance:71
TEMT6000:168,LDR:541,Distance:71
TEMT6000:167,LDR:542,Distance:71
TEMT6000:168,LDR:541,Distance:71
TEMT6000:168,LDR:541,Distance:71
TEMT6000:167,LDR:541,Distance:71
TEMT6000:168,LDR:541,Distance:72
TEMT6000:167,LDR:540,Distance:71
TEMT6000:167,LDR:541,Distance:71
TEMT6000:168,LDR:541,Distance:71
TEMT6000:167,LDR:542,Distance:71
TEMT6000:168,LDR:542,Distance:72
TEMT6000:167,LDR:542,Distance:71
TEMT6000:168,LDR:541,Distance:72
TEMT6000:167,LDR:541,Distance:71
TEMT6000:167,LDR:542,Distance:72
TEMT6000:167,LDR:541,Distance:71
TEMT6000:167,LDR:541,Distance:71
TEMT6000:167,LDR:541,Distance:72
TEMT6000:167,LDR:541,Distance:72
TEMT6000:167,LDR:541,Distance:72
TEMT6000:167,LDR:541,Distance:72
TEMT6000:167,LDR:541,Distance:71
TEMT6000:167,LDR:541,Distance:72
TEMT6000:167,LDR:542,Distance:71
TEMT6000:167,LDR:540,Distance:72
TEMT6000:167,LDR:541,Distance:72
TEMT6000:167,LDR:542,Distance:71
TEMT6000:168,LDR:540,Distance:71
TEMT6000:168,LDR:541,Distance:72
TEMT6000:167,LDR:541,Distance:71
TEMT6000:167,LDR:541,Distance:71
TEMT6000:167,LDR:540,Distance:72
TEMT6000:167,LDR:541,Distance:72
TEMT6000:167,LDR:541,Distance:72
TEMT6000:166,LDR:541,Distance:71
TEMT6000:168,LDR:541,Distance:72
TEMT6000:167,LDR:541,Distance:72
TEMT6000:168,LDR:541,Distance:72
TEMT6000:168,LDR:541,Distance:72
TEMT6000:167,LDR:541,Distance:72
TEMT6000:167,LDR:541,Distance:72
TEMT6000:167,LDR:541,Distance:72
TEMT6000:168,LDR:541,Distance:72
TEMT6000:168,LDR:541,Distance:72
TEMT6000:167,LDR:542,Distance:72
TEMT6000:167,LDR:541,Distance:72
TEMT6000:168,LDR:541,Distance:72
TEMT6000:166,LDR:542,Distance:72
TEMT6000:168,LDR:541,Distance:72
TEMT6000:167,LDR:542,Distance:73
TEMT6000:167,LDR:542,Distance:73
TEMT6000:167,LDR:542,Distance:72
TEMT6000:168,LDR:541,Distance:73
TEMT6000:168,LDR:541,Distance:73
TEMT6000:168,LDR:541,Distance:73
TEMT6000:166,LDR:541,Distance:72
TEMT6000:167,LDR:542,Distance:72
TEMT6000:168,LDR:540,Distance:72
TEMT6000:168,LDR:541,Distance:73
TEMT6000:168,LDR:541,Distance:73
TEMT6000:167,LDR:541,Distance:73
TEMT6000:168,LDR:541,Distance:73
TEMT6000:166,LDR:542,Distance:72
TEMT6000:168,LDR:541,Distance:73
TEMT6000:167,LDR:541,Distance:72
TEMT6000:167,LDR:542,Distance:73
TEMT6000:168,LDR:541,Distance:73
TEMT6000:168,LDR:541,Distance:72
TEMT6000:168,LDR:541,Distance:72
TEMT6000:167,LDR:540,Distance:72
TEMT6000:168,LDR:541,Distance:72
TEMT6000:167,LDR:541,Distance:74
TEMT6000:167,LDR:541,Distance:73
TEMT6000:168,LDR:540,Distance:72
TEMT6000:167,LDR:541,Distance:72
TEMT6000:168,LDR:541,Distance:72
TEMT6000:167,LDR:540,Distance:73
TEMT6000:167,LDR:541,Distance:72
TEMT6000:168,LDR:540,Distance:72
TEMT6000:167,LDR:541,Distance:72
TEMT6000:168,LDR:540,Distance:72
TEMT6000:167,LDR:541,Distance:72
TEMT6000:167,LDR:541,Distance:72
TEMT6000:167,LDR:541,Distance:73
TEMT6000:168,LDR:541,Distance:72
TEMT6000:168,LDR:541,Distance:72
TEMT6000:168,LDR:541,Distance:72
TEMT6000:168,LDR:541,Distance:72
TEMT6000:167,LDR:542,Distance:72
TEMT6000:168,LDR:541,Distance:72
TEMT6000:168,LDR:540,Distance:72
TEMT6000:167,LDR:541,Distance:73
TEMT6000:168,LDR:540,Distance:73
TEMT6000:167,LDR:541,Distance:72
TEMT6000:168,LDR:541,Distance:73
TEMT6000:168,LDR:541,Distance:73
TEMT6000:168,LDR:541,Distance:72
TEMT6000:167,LDR:541,Distance:72
TEMT6000:169,LDR:541,Distance:73
TEMT6000:167,LDR:541,Distance:74
TEMT6000:168,LDR:541,Distance:73
TEMT6000:167,LDR:541,Distance:73
TEMT6000:168,LDR:541,Distance:72
TEMT6000:167,LDR:541,Distance:73
TEMT6000:167,LDR:540,Distance:73
TEMT6000:168,LDR:540,Distance:73
TEMT6000:167,LDR:541,Distance:73
TEMT6000:167,LDR:540,Distance:73
TEMT6000:167,LDR:541,Distance:73
TEMT6000:167,LDR:541,Distance:72
TEMT6000:167,LDR:540,Distance:72
TEMT6000:166,LDR:540,Distance:72
TEMT6000:168,LDR:540,Distance:72
TEMT6000:167,LDR:540,Distance:72
TEMT6000:166,LDR:541,Distance:73
TEMT6000:166,LDR:541,Distance:72
TEMT6000:167,LDR:541,Distance:73
TEMT6000:167,LDR:541,Distance:73
TEMT6000:167,LDR:541,Distance:72
TEMT6000:168,LDR:541,Distance:72
TEMT6000:168,LDR:540,Distance:72
TEMT6000:168,LDR:541,Distance:73
TEMT6000:167,LDR:540,Distance:73
TEMT6000:168,LDR:541,Distance:72
TEMT6000:167,LDR:541,Distance:72
TEMT6000:167,LDR:540,Distance:72
TEMT6000:167,LDR:541,Distance:72
TEMT6000:167,LDR:540,Distance:73
TEMT6000:167,LDR:541,Distance:73
TEMT6000:168,LDR:540,Distance:72
TEMT6000:167,LDR:540,Distance:72
TEMT6000:168,LDR:540,Distance:72
TEMT6000:166,LDR:541,Distance:72
TEMT6000:168,LDR:540,Distance:72
TEMT6000:167,LDR:540,Distance:72
TEMT6000:168,LDR:540,Distance:73
TEMT6000:167,LDR:541,Distance:72
TEMT6000:168,LDR:541,Distance:72
TEMT6000:168,LDR:540,Distance:73
TEMT6000:167,LDR:540,Distance:72
TEMT6000:168,LDR:540,Distance:72
TEMT6000:168,LDR:541,Distance:72
TEMT6000:168,LDR:540,Distance:72
TEMT6000:168,LDR:541,Distance:73
TEMT6000:168,LDR:540,Distance:73
TEMT6000:167,LDR:540,Distance:73
TEMT6000:167,LDR:540,Distance:73
TEMT6000:168,LDR:540,Distance:72
TEMT6000:167,LDR:541,Distance:73
TEMT6000:168,LDR:540,Distance:72
TEMT6000:167,LDR:541,Distance:72
TEMT6000:167,LDR:541,Distance:73
TEMT6000:167,LDR:540,Distance:72
TEMT6000:168,LDR:540,Distance:72
TEMT6000:168,LDR:540,Distance:72
TEMT6000:167,LDR:540,Distance:73
TEMT6000:167,LDR:540,Distance:72
TEMT6000:168,LDR:540,Distance:73
TEMT6000:167,LDR:540,Distance:72
TEMT6000:167,LDR:541,Distance:72
TEMT6000:167,LDR:541,Distance:73
TEMT6000:168,LDR:540,Distance:72
TEMT6000:167,LDR:541,Distance:72
TEMT6000:167,LDR:540,Distance:72
TEMT6000:168,LDR:540,Distance:73
TEMT6000:167,LDR:540,Distance:73
TEMT6000:167,LDR:541,Distance:73
TEMT6000:167,LDR:540,Distance:73
TEMT6000:168,LDR:539,Distance:73
TEMT6000:167,LDR:540,Distance:74
TEMT6000:166,LDR:541,Distance:72
TEMT6000:167,LDR:540,Distance:73
TEMT6000:167,LDR:541,Distance:72
TEMT6000:167,LDR:540,Distance:72
TEMT6000:167,LDR:539,Distance:72
TEMT6000:168,LDR:540,Distance:72
TEMT6000:166,LDR:541,Distance:73
TEMT6000:167,LDR:541,Distance:74
TEMT6000:167,LDR:541,Distance:73
TEMT6000:167,LDR:540,Distance:73
TEMT6000:168,LDR:539,Distance:73
TEMT6000:167,LDR:539,Distance:72
TEMT6000:167,LDR:540,Distance:73
TEMT6000:167,LDR:539,Distance:74
TEMT6000:166,LDR:540,Distance:73
TEMT6000:166,LDR:540,Distance:73
TEMT6000:166,LDR:540,Distance:73
TEMT6000:166,LDR:540,Distance:73
TEMT6000:166,LDR:539,Distance:73
TEMT6000:167,LDR:540,Distance:73
TEMT6000:166,LDR:540,Distance:74
TEMT6000:166,LDR:540,Distance:73
TEMT6000:167,LDR:540,Distance:74
TEMT6000:167,LDR:539,Distance:73
TEMT6000:166,LDR:540,Distance:74
TEMT6000:166,LDR:540,Distance:73
TEMT6000:167,LDR:540,Distance:73
TEMT6000:166,LDR:540,Distance:73
TEMT6000:166,LDR:540,Distance:73
TEMT6000:167,LDR:540,Distance:74
TEMT6000:165,LDR:540,Distance:73
TEMT6000:167,LDR:540,Distance:73
TEMT6000:166,LDR:540,Distance:73
TEMT6000:167,LDR:539,Distance:73
TEMT6000:166,LDR:540,Distance:73
TEMT6000:167,LDR:539,Distance:73
TEMT6000:166,LDR:540,Distance:73
TEMT6000:165,LDR:540,Distance:73
TEMT6000:167,LDR:539,Distance:73
TEMT6000:166,LDR:539,Distance:73
TEMT6000:166,LDR:540,Distance:74
TEMT6000:166,LDR:540,Distance:74
TEMT6000:166,LDR:540,Distance:73
TEMT6000:167,LDR:540,Distance:74
TEMT6000:166,LDR:540,Distance:74
TEMT6000:166,LDR:539,Distance:74
TEMT6000:167,LDR:539,Distance:74
TEMT6000:166,LDR:539,Distance:75
TEMT6000:166,LDR:540,Distance:75
TEMT6000:166,LDR:539,Distance:74
TEMT6000:167,LDR:540,Distance:74
TEMT6000:165,LDR:539,Distance:74
TEMT6000:166,LDR:539,Distance:74
TEMT6000:167,LDR:539,Distance:75
TEMT6000:166,LDR:540,Distance:74
TEMT6000:166,LDR:540,Distance:74
TEMT6000:166,LDR:539,Distance:74
TEMT6000:166,LDR:540,Distance:75
TEMT6000:167,LDR:539,Distance:74
TEMT6000:166,LDR:540,Distance:74
TEMT6000:166,LDR:540,Distance:74
TEMT6000:166,LDR:539,Distance:74
TEMT6000:167,LDR:539,Distance:74
TEMT6000:166,LDR:539,Distance:74
TEMT6000:165,LDR:540,Distance:74
TEMT6000:166,LDR:540,Distance:74
TEMT6000:166,LDR:540,Distance:75
TEMT6000:167,LDR:539,Distance:74
TEMT6000:166,LDR:539,Distance:74
TEMT6000:165,LDR:540,Distance:74
TEMT6000:166,LDR:539,Distance:74
TEMT6000:166,LDR:539,Distance:74
TEMT6000:166,LDR:539,Distance:74
TEMT6000:165,LDR:539,Distance:74
TEMT6000:166,LDR:540,Distance:74
TEMT6000:165,LDR:540,Distance:74
TEMT6000:166,LDR:539,Distance:74
TEMT6000:166,LDR:539,Distance:74
TEMT6000:165,LDR:539,Distance:75
TEMT6000:167,LDR:539,Distance:75
TEMT6000:164,LDR:539,Distance:75
TEMT6000:165,LDR:540,Distance:74
TEMT6000:165,LDR:539,Distance:75
TEMT6000:165,LDR:539,Distance:74
TEMT6000:165,LDR:539,Distance:74
TEMT6000:166,LDR:539,Distance:74
TEMT6000:166,LDR:539,Distance:75
TEMT6000:165,LDR:540,Distance:74
TEMT6000:165,LDR:540,Distance:75
TEMT6000:165,LDR:539,Distance:74
TEMT6000:165,LDR:540,Distance:74
TEMT6000:166,LDR:539,Distance:74
TEMT6000:165,LDR:540,Distance:74
TEMT6000:166,LDR:539,Distance:75
TEMT6000:166,LDR:539,Distance:74
TEMT6000:165,LDR:539,Distance:74
TEMT6000:166,LDR:539,Distance:74
TEMT6000:165,LDR:539,Distance:74
TEMT6000:166,LDR:538,Distance:74
TEMT6000:166,LDR:539,Distance:75
TEMT6000:165,LDR:540,Distance:74
TEMT6000:165,LDR:539,Distance:74
TEMT6000:165,LDR:539,Distance:74
TEMT6000:166,LDR:539,Distance:74
TEMT6000:165,LDR:539,Distance:74
TEMT6000:165,LDR:539,Distance:74
TEMT6000:166,LDR:538,Distance:75
TEMT6000:165,LDR:539,Distance:75
TEMT6000:165,LDR:539,Distance:75
TEMT6000:165,LDR:538,Distance:75
TEMT6000:166,LDR:539,Distance:74
TEMT6000:166,LDR:538,Distance:74
TEMT6000:166,LDR:539,Distance:74
TEMT6000:166,LDR:539,Distance:74
TEMT6000:166,LDR:538,Distance:74
TEMT6000:166,LDR:538,Distance:74
TEMT6000:165,LDR:539,Distance:74
TEMT6000:165,LDR:539,Distance:74
TEMT6000:165,LDR:539,Distance:74
TEMT6000:165,LDR:539,Distance:74
TEMT6000:165,LDR:539,Distance:74
TEMT6000:166,LDR:539,Distance:74
TEMT6000:167,LDR:538,Distance:74
TEMT6000:166,LDR:538,Distance:74
TEMT6000:166,LDR:538,Distance:74
TEMT6000:166,LDR:539,Distance:74
TEMT6000:166,LDR:539,Distance:74
TEMT6000:165,LDR:539,Distance:75
TEMT6000:165,LDR:539,Distance:74
TEMT6000:165,LDR:539,Distance:74
TEMT6000:165,LDR:539,Distance:74
TEMT6000:165,LDR:539,Distance:74
TEMT6000:166,LDR:539,Distance:74
TEMT6000:165,LDR:539,Distance:74
TEMT6000:166,LDR:539,Distance:74
TEMT6000:166,LDR:539,Distance:74
TEMT6000:167,LDR:538,Distance:74
TEMT6000:167,LDR:539,Distance:74
TEMT6000:166,LDR:539,Distance:74
TEMT6000:166,LDR:539,Distance:75
TEMT6000:165,LDR:539,Distance:74
TEMT6000:166,LDR:539,Distance:75
TEMT6000:166,LDR:539,Distance:74
TEMT6000:166,LDR:539,Distance:74
TEMT6000:166,LDR:538,Distance:74
TEMT6000:166,LDR:539,Distance:74
TEMT6000:166,LDR:539,Distance:74
TEMT6000:167,LDR:539,Distance:74
TEMT6000:165,LDR:539,Distance:75
TEMT6000:166,LDR:539,Distance:74
TEMT6000:166,LDR:539,Distance:74
TEMT6000:166,LDR:539,Distance:74
TEMT6000:165,LDR:539,Distance:74
TEMT6000:166,LDR:538,Distance:74
TEMT6000:166,LDR:538,Distance:74
TEMT6000:165,LDR:539,Distance:74
TEMT6000:167,LDR:539,Distance:74
TEMT6000:165,LDR:539,Distance:74
TEMT6000:166,LDR:539,Distance:74
TEMT6000:166,LDR:539,Distance:74
TEMT6000:166,LDR:539,Distance:74
TEMT6000:165,LDR:539,Distance:74
TEMT6000:165,LDR:538,Distance:75
TEMT6000:166,LDR:539,Distance:75
TEMT6000:166,LDR:539,Distance:74
TEMT6000:166,LDR:538,Distance:75
TEMT6000:166,LDR:539,Distance:74
TEMT6000:166,LDR:538,Distance:75
TEMT6000:166,LDR:538,Distance:75
TEMT6000:166,LDR:539,Distance:74
TEMT6000:165,LDR:539,Distance:74
TEMT6000:166,LDR:538,Distance:74
TEMT6000:165,LDR:539,Distance:75
TEMT6000:166,LDR:539,Distance:75
TEMT6000:165,LDR:538,Distance:75
TEMT6000:166,LDR:539,Distance:75
TEMT6000:165,LDR:538,Distance:75
TEMT6000:166,LDR:538,Distance:75
TEMT6000:166,LDR:538,Distance:75
TEMT6000:165,LDR:539,Distance:74
TEMT6000:166,LDR:538,Distance:74
TEMT6000:165,LDR:539,Distance:74
TEMT6000:166,LDR:538,Distance:75
TEMT6000:165,LDR:538,Distance:74
TEMT6000:166,LDR:539,Distance:75
TEMT6000:166,LDR:539,Distance:75
TEMT6000:166,LDR:539,Distance:76
TEMT6000:166,LDR:539,Distance:75
TEMT6000:166,LDR:538,Distance:76
TEMT6000:165,LDR:540,Distance:75
TEMT6000:167,LDR:539,Distance:76
TEMT6000:165,LDR:539,Distance:75
TEMT6000:167,LDR:538,Distance:76
TEMT6000:167,LDR:538,Distance:74
TEMT6000:167,LDR:538,Distance:74
TEMT6000:166,LDR:538,Distance:74
TEMT6000:166,LDR:539,Distance:76
TEMT6000:165,LDR:539,Distance:75
TEMT6000:166,LDR:539,Distance:75
TEMT6000:166,LDR:538,Distance:75
TEMT6000:165,LDR:538,Distance:75
TEMT6000:166,LDR:538,Distance:75
TEMT6000:166,LDR:539,Distance:74
TEMT6000:165,LDR:539,Distance:75
TEMT6000:166,LDR:539,Distance:75
TEMT6000:165,LDR:539,Distance:75
TEMT6000:167,LDR:539,Distance:76
TEMT6000:167,LDR:540,Distance:75
TEMT6000:167,LDR:539,Distance:75
TEMT6000:167,LDR:539,Distance:74
TEMT6000:165,LDR:540,Distance:75
TEMT6000:167,LDR:539,Distance:75
TEMT6000:167,LDR:539,Distance:75
TEMT6000:166,LDR:539,Distance:75
TEMT6000:168,LDR:540,Distance:75
TEMT6000:167,LDR:539,Distance:75
TEMT6000:167,LDR:540,Distance:75
TEMT6000:167,LDR:540,Distance:75
TEMT6000:167,LDR:539,Distance:75
TEMT6000:167,LDR:539,Distance:75
TEMT6000:167,LDR:539,Distance:75
TEMT6000:167,LDR:540,Distance:75
TEMT6000:167,LDR:539,Distance:75
TEMT6000:167,LDR:540,Distance:75
TEMT6000:167,LDR:539,Distance:75
TEMT6000:167,LDR:539,Distance:76
TEMT6000:167,LDR:539,Distance:75
TEMT6000:167,LDR:539,Distance:75
TEMT6000:167,LDR:539,Distance:75
TEMT6000:166,LDR:540,Distance:76
TEMT6000:167,LDR:539,Distance:76
TEMT6000:168,LDR:540,Distance:75
TEMT6000:166,LDR:540,Distance:75
TEMT6000:167,LDR:540,Distance:75
TEMT6000:167,LDR:540,Distance:75
TEMT6000:167,LDR:540,Distance:75
TEMT6000:168,LDR:539,Distance:75
TEMT6000:167,LDR:539,Distance:75
TEMT6000:167,LDR:540,Distance:75
TEMT6000:168,LDR:540,Distance:75
TEMT6000:167,LDR:540,Distance:75
TEMT6000:167,LDR:540,Distance:75
TEMT6000:167,LDR:540,Distance:75
TEMT6000:168,LDR:540,Distance:75
TEMT6000:168,LDR:539,Distance:75
TEMT6000:168,LDR:539,Distance:75
TEMT6000:167,LDR:539,Distance:75
TEMT6000:168,LDR:540,Distance:75
TEMT6000:168,LDR:540,Distance:75
TEMT6000:167,LDR:540,Distance:75
TEMT6000:167,LDR:540,Distance:75
TEMT6000:168,LDR:539,Distance:76
TEMT6000:168,LDR:539,Distance:76
TEMT6000:168,LDR:540,Distance:75
TEMT6000:168,LDR:539,Distance:75
TEMT6000:169,LDR:540,Distance:75
TEMT6000:167,LDR:540,Distance:76
TEMT6000:168,LDR:540,Distance:75
TEMT6000:168,LDR:539,Distance:75
TEMT6000:168,LDR:539,Distance:76
TEMT6000:168,LDR:539,Distance:76
TEMT6000:168,LDR:539,Distance:75
TEMT6000:168,LDR:540,Distance:75
TEMT6000:167,LDR:541,Distance:75
TEMT6000:168,LDR:540,Distance:75
TEMT6000:168,LDR:539,Distance:76
TEMT6000:168,LDR:540,Distance:75
TEMT6000:168,LDR:540,Distance:76
TEMT6000:167,LDR:540,Distance:76
TEMT6000:168,LDR:539,Distance:76
TEMT6000:167,LDR:540,Distance:76
TEMT6000:168,LDR:539,Distance:75
TEMT6000:168,LDR:540,Distance:76
TEMT6000:168,LDR:539,Distance:75
TEMT6000:167,LDR:540,Distance:76
TEMT6000:168,LDR:539,Distance:76
TEMT6000:168,LDR:539,Distance:76
TEMT6000:168,LDR:540,Distance:75
TEMT6000:167,LDR:540,Distance:75
TEMT6000:168,LDR:540,Distance:77
TEMT6000:167,LDR:539,Distance:76
TEMT6000:167,LDR:540,Distance:76
TEMT6000:167,LDR:540,Distance:76
TEMT6000:166,LDR:540,Distance:76
TEMT6000:167,LDR:540,Distance:76
TEMT6000:167,LDR:540,Distance:76
TEMT6000:166,LDR:540,Distance:76
TEMT6000:167,LDR:540,Distance:76
TEMT6000:166,LDR:540,Distance:76
TEMT6000:168,LDR:539,Distance:76
TEMT6000:167,LDR:539,Distance:76
TEMT6000:167,LDR:540,Distance:76
TEMT6000:167,LDR:540,Distance:76
TEMT6000:166,LDR:540,Distance:76
TEMT6000:167,LDR:540,Distance:76
TEMT6000:167,LDR:540,Distance:76
TEMT6000:167,LDR:540,Distance:76
TEMT6000:168,LDR:540,Distance:76
TEMT6000:167,LDR:539,Distance:76
TEMT6000:168,LDR:539,Distance:76
TEMT6000:167,LDR:539,Distance:76
TEMT6000:168,LDR:539,Distance:77
TEMT6000:168,LDR:539,Distance:76
TEMT6000:166,LDR:540,Distance:76
TEMT6000:167,LDR:540,Distance:76
TEMT6000:166,LDR:540,Distance:76
TEMT6000:168,LDR:539,Distance:76
TEMT6000:168,LDR:540,Distance:76
TEMT6000:167,LDR:540,Distance:76
TEMT6000:168,LDR:539,Distance:76
TEMT6000:167,LDR:540,Distance:76
TEMT6000:168,LDR:539,Distance:77
TEMT6000:167,LDR:540,Distance:76
TEMT6000:167,LDR:540,Distance:75
TEMT6000:167,LDR:540,Distance:76
TEMT6000:168,LDR:540,Distance:76
TEMT6000:167,LDR:539,Distance:76
TEMT6000:168,LDR:540,Distance:77
TEMT6000:168,LDR:540,Distance:77
TEMT6000:167,LDR:540,Distance:76
TEMT6000:167,LDR:540,Distance:77
TEMT6000:167,LDR:540,Distance:76
TEMT6000:166,LDR:540,Distance:76
TEMT6000:168,LDR:540,Distance:76
TEMT6000:167,LDR:539,Distance:76
TEMT6000:167,LDR:539,Distance:76
TEMT6000:168,LDR:540,Distance:76
TEMT6000:167,LDR:540,Distance:76
TEMT6000:168,LDR:539,Distance:76
TEMT6000:168,LDR:540,Distance:76
TEMT6000:167,LDR:540,Distance:76
TEMT6000:168,LDR:539,Distance:76
TEMT6000:167,LDR:539,Distance:76
TEMT6000:166,LDR:539,Distance:77
TEMT6000:167,LDR:539,Distance:76
TEMT6000:167,LDR:538,Distance:76
TEMT6000:166,LDR:539,Distance:76
TEMT6000:167,LDR:538,Distance:76
TEMT6000:167,LDR:539,Distance:77
TEMT6000:168,LDR:539,Distance:77
TEMT6000:168,LDR:539,Distance:76
TEMT6000:168,LDR:539,Distance:76
TEMT6000:167,LDR:539,Distance:77
TEMT6000:167,LDR:539,Distance:76
TEMT6000:167,LDR:540,Distance:76
TEMT6000:166,LDR:540,Distance:76
TEMT6000:166,LDR:539,Distance:76
TEMT6000:167,LDR:539,Distance:76
TEMT6000:168,LDR:539,Distance:76
TEMT6000:168,LDR:539,Distance:77
TEMT6000:167,LDR:539,Distance:77
TEMT6000:167,LDR:540,Distance:77
TEMT6000:166,LDR:540,Distance:76
TEMT6000:167,LDR:539,Distance:77
TEMT6000:166,LDR:539,Distance:76
TEMT6000:166,LDR:539,Distance:76
TEMT6000:167,LDR:538,Distance:76
TEMT6000:167,LDR:538,Distance:77
TEMT6000:167,LDR:539,Distance:77
TEMT6000:167,LDR:539,Distance:77
TEMT6000:166,LDR:540,Distance:77
TEMT6000:168,LDR:539,Distance:77
TEMT6000:167,LDR:539,Distance:76
TEMT6000:166,LDR:540,Distance:77
TEMT6000:165,LDR:539,Distance:76
TEMT6000:165,LDR:539,Distance:77
TEMT6000:166,LDR:539,Distance:77
TEMT6000:166,LDR:539,Distance:76
TEMT6000:167,LDR:540,Distance:76
TEMT6000:166,LDR:539,Distance:76
TEMT6000:167,LDR:540,Distance:76
TEMT6000:167,LDR:540,Distance:77
TEMT6000:166,LDR:540,Distance:76
TEMT6000:167,LDR:540,Distance:77
TEMT6000:167,LDR:539,Distance:77
TEMT6000:167,LDR:539,Distance:77
TEMT6000:168,LDR:539,Distance:76
TEMT6000:167,LDR:539,Distance:78
TEMT6000:168,LDR:539,Distance:77
TEMT6000:167,LDR:539,Distance:77
TEMT6000:167,LDR:539,Distance:77
TEMT6000:168,LDR:539,Distance:77
TEMT6000:167,LDR:539,Distance:77
TEMT6000:166,LDR:540,Distance:78
TEMT6000:167,LDR:538,Distance:77
TEMT6000:166,LDR:539,Distance:77
TEMT6000:166,LDR:539,Distance:77
TEMT6000:166,LDR:539,Distance:77
TEMT6000:167,LDR:539,Distance:77
TEMT6000:166,LDR:539,Distance:77
TEMT6000:166,LDR:539,Distance:78
TEMT6000:166,LDR:539,Distance:77
TEMT6000:166,LDR:538,Distance:77
TEMT6000:167,LDR:538,Distance:77
TEMT6000:165,LDR:539,Distance:77
TEMT6000:166,LDR:539,Distance:77
TEMT6000:166,LDR:539,Distance:77
TEMT6000:165,LDR:539,Distance:77
TEMT6000:166,LDR:538,Distance:77
TEMT6000:166,LDR:539,Distance:77
TEMT6000:165,LDR:539,Distance:77
TEMT6000:166,LDR:538,Distance:77
TEMT6000:165,LDR:539,Distance:77
TEMT6000:167,LDR:539,Distance:78
TEMT6000:166,LDR:539,Distance:78
TEMT6000:165,LDR:540,Distance:78
TEMT6000:167,LDR:539,Distance:77
TEMT6000:165,LDR:540,Distance:77
TEMT6000:166,LDR:540,Distance:78
TEMT6000:165,LDR:539,Distance:77
TEMT6000:165,LDR:540,Distance:77
TEMT6000:166,LDR:540,Distance:77
TEMT6000:165,LDR:540,Distance:77
TEMT6000:167,LDR:540,Distance:77
TEMT6000:166,LDR:539,Distance:77
TEMT6000:166,LDR:540,Distance:77
TEMT6000:167,LDR:539,Distance:77
TEMT6000:167,LDR:539,Distance:78
TEMT6000:167,LDR:539,Distance:78
TEMT6000:167,LDR:539,Distance:77
TEMT6000:167,LDR:539,Distance:77
TEMT6000:167,LDR:539,Distance:78
TEMT6000:168,LDR:539,Distance:77
TEMT6000:167,LDR:539,Distance:78
TEMT6000:168,LDR:539,Distance:78
TEMT6000:166,LDR:540,Distance:78
TEMT6000:167,LDR:539,Distance:78
TEMT6000:166,LDR:539,Distance:78
TEMT6000:167,LDR:540,Distance:78
TEMT6000:166,LDR:539,Distance:78
TEMT6000:167,LDR:539,Distance:78
TEMT6000:166,LDR:540,Distance:78
TEMT6000:166,LDR:540,Distance:78
TEMT6000:167,LDR:539,Distance:78
TEMT6000:166,LDR:539,Distance:78
TEMT6000:166,LDR:539,Distance:78
TEMT6000:166,LDR:539,Distance:78
TEMT6000:166,LDR:539,Distance:78
TEMT6000:165,LDR:539,Distance:78
TEMT6000:166,LDR:539,Distance:78
TEMT6000:166,LDR:539,Distance:78
TEMT6000:166,LDR:539,Distance:78
TEMT6000:166,LDR:539,Distance:78
TEMT6000:166,LDR:539,Distance:78
TEMT6000:166,LDR:539,Distance:78
TEMT6000:166,LDR:540,Distance:78
TEMT6000:167,LDR:539,Distance:78
TEMT6000:166,LDR:539,Distance:78
TEMT6000:166,LDR:540,Distance:78
TEMT6000:166,LDR:539,Distance:78
TEMT6000:165,LDR:540,Distance:78
TEMT6000:167,LDR:539,Distance:78
TEMT6000:166,LDR:540,Distance:79
TEMT6000:166,LDR:539,Distance:78
TEMT6000:166,LDR:540,Distance:79
TEMT6000:166,LDR:539,Distance:78
TEMT6000:166,LDR:540,Distance:77
TEMT6000:166,LDR:539,Distance:79
TEMT6000:167,LDR:539,Distance:77
TEMT6000:166,LDR:540,Distance:78
TEMT6000:166,LDR:539,Distance:77
TEMT6000:167,LDR:539,Distance:77
TEMT6000:166,LDR:539,Distance:78
TEMT6000:167,LDR:540,Distance:77
TEMT6000:167,LDR:540,Distance:77
TEMT6000:166,LDR:540,Distance:77
TEMT6000:167,LDR:540,Distance:77
TEMT6000:167,LDR:539,Distance:77
TEMT6000:166,LDR:540,Distance:77
TEMT6000:166,LDR:540,Distance:77
TEMT6000:165,LDR:540,Distance:77
TEMT6000:166,LDR:540,Distance:77
TEMT6000:165,LDR:540,Distance:77
TEMT6000:166,LDR:539,Distance:77
TEMT6000:166,LDR:539,Distance:78
TEMT6000:166,LDR:539,Distance:78
TEMT6000:167,LDR:539,Distance:78
TEMT6000:166,LDR:539,Distance:78
TEMT6000:166,LDR:540,Distance:78
TEMT6000:167,LDR:540,Distance:78
TEMT6000:165,LDR:540,Distance:78
TEMT6000:166,LDR:540,Distance:78
TEMT6000:166,LDR:540,Distance:77
TEMT6000:166,LDR:540,Distance:77
TEMT6000:166,LDR:540,Distance:77
TEMT6000:165,LDR:540,Distance:78
TEMT6000:166,LDR:540,Distance:77
TEMT6000:167,LDR:540,Distance:77
TEMT6000:166,LDR:539,Distance:78
TEMT6000:167,LDR:540,Distance:78
TEMT6000:167,LDR:539,Distance:78
TEMT6000:166,LDR:539,Distance:78
TEMT6000:166,LDR:540,Distance:78
TEMT6000:166,LDR:540,Distance:78
TEMT6000:166,LDR:540,Distance:78
TEMT6000:166,LDR:539,Distance:77
TEMT6000:165,LDR:540,Distance:77
TEMT6000:166,LDR:540,Distance:77
TEMT6000:166,LDR:540,Distance:77
TEMT6000:167,LDR:540,Distance:78
TEMT6000:166,LDR:540,Distance:78
TEMT6000:166,LDR:539,Distance:78
TEMT6000:166,LDR:540,Distance:78
TEMT6000:166,LDR:539,Distance:78
TEMT6000:166,LDR:540,Distance:78
TEMT6000:165,LDR:540,Distance:77
TEMT6000:165,LDR:540,Distance:77
TEMT6000:165,LDR:540,Distance:78
TEMT6000:165,LDR:540,Distance:78
TEMT6000:165,LDR:540,Distance:77
TEMT6000:165,LDR:541,Distance:78
TEMT6000:166,LDR:540,Distance:77
TEMT6000:167,LDR:540,Distance:78
TEMT6000:166,LDR:540,Distance:78
TEMT6000:167,LDR:540,Distance:78
TEMT6000:166,LDR:540,Distance:78
TEMT6000:166,LDR:540,Distance:78
TEMT6000:166,LDR:540,Distance:79
TEMT6000:166,LDR:539,Distance:78
TEMT6000:166,LDR:541,Distance:78
TEMT6000:168,LDR:540,Distance:78
TEMT6000:167,LDR:540,Distance:78
TEMT6000:167,LDR:540,Distance:78
TEMT6000:166,LDR:541,Distance:79
TEMT6000:166,LDR:540,Distance:78
TEMT6000:167,LDR:540,Distance:78
TEMT6000:166,LDR:540,Distance:78
TEMT6000:165,LDR:541,Distance:78
TEMT6000:165,LDR:540,Distance:78
TEMT6000:166,LDR:540,Distance:79
TEMT6000:166,LDR:540,Distance:78
TEMT6000:166,LDR:539,Distance:79
TEMT6000:167,LDR:540,Distance:78
TEMT6000:166,LDR:540,Distance:78
TEMT6000:165,LDR:540,Distance:78
TEMT6000:166,LDR:540,Distance:78
TEMT6000:166,LDR:540,Distance:78
TEMT6000:167,LDR:540,Distance:79
TEMT6000:168,LDR:541,Distance:79
TEMT6000:166,LDR:541,Distance:79
TEMT6000:167,LDR:540,Distance:79
TEMT6000:166,LDR:540,Distance:78
TEMT6000:166,LDR:541,Distance:78
TEMT6000:167,LDR:540,Distance:78
TEMT6000:166,LDR:539,Distance:78
TEMT6000:166,LDR:540,Distance:78
TEMT6000:166,LDR:540,Distance:78
TEMT6000:166,LDR:540,Distance:78
TEMT6000:165,LDR:540,Distance:79
TEMT6000:166,LDR:540,Distance:78
TEMT6000:166,LDR:540,Distance:78
TEMT6000:166,LDR:540,Distance:78
TEMT6000:165,LDR:540,Distance:78
TEMT6000:166,LDR:540,Distance:79
TEMT6000:166,LDR:539,Distance:78
TEMT6000:167,LDR:540,Distance:78
TEMT6000:166,LDR:541,Distance:78
TEMT6000:166,LDR:540,Distance:79
TEMT6000:166,LDR:541,Distance:79
TEMT6000:165,LDR:541,Distance:79
TEMT6000:165,LDR:540,Distance:78
TEMT6000:166,LDR:539,Distance:78
TEMT6000:166,LDR:540,Distance:78
TEMT6000:167,LDR:540,Distance:78
TEMT6000:166,LDR:539,Distance:78
TEMT6000:166,LDR:540,Distance:78
TEMT6000:166,LDR:540,Distance:78
TEMT6000:166,LDR:540,Distance:78
TEMT6000:166,LDR:540,Distance:78
TEMT6000:165,LDR:540,Distance:78
TEMT6000:165,LDR:541,Distance:79
TEMT6000:166,LDR:540,Distance:79
TEMT6000:166,LDR:540,Distance:79
TEMT6000:166,LDR:540,Distance:79
TEMT6000:166,LDR:540,Distance:79
TEMT6000:166,LDR:540,Distance:79
TEMT6000:166,LDR:540,Distance:79
TEMT6000:166,LDR:539,Distance:79
TEMT6000:166,LDR:540,Distance:79
TEMT6000:166,LDR:539,Distance:79
TEMT6000:166,LDR:540,Distance:79
TEMT6000:166,LDR:540,Distance:79
TEMT6000:166,LDR:539,Distance:79
TEMT6000:165,LDR:539,Distance:80
TEMT6000:166,LDR:540,Distance:79
TEMT6000:166,LDR:540,Distance:80
TEMT6000:166,LDR:540,Distance:80
TEMT6000:166,LDR:539,Distance:80
TEMT6000:166,LDR:539,Distance:79
TEMT6000:166,LDR:540,Distance:79
TEMT6000:164,LDR:540,Distance:79
TEMT6000:166,LDR:540,Distance:79
TEMT6000:165,LDR:540,Distance:79
TEMT6000:164,LDR:540,Distance:79
TEMT6000:165,LDR:539,Distance:79
TEMT6000:164,LDR:540,Distance:78
TEMT6000:165,LDR:540,Distance:79
TEMT6000:165,LDR:539,Distance:80
TEMT6000:163,LDR:540,Distance:80
TEMT6000:165,LDR:539,Distance:79
TEMT6000:165,LDR:540,Distance:79
TEMT6000:164,LDR:540,Distance:80
TEMT6000:165,LDR:540,Distance:79
TEMT6000:164,LDR:540,Distance:79
TEMT6000:165,LDR:539,Distance:79
TEMT6000:165,LDR:540,Distance:79
TEMT6000:165,LDR:539,Distance:79
TEMT6000:165,LDR:540,Distance:79
TEMT6000:165,LDR:539,Distance:79
TEMT6000:165,LDR:539,Distance:79
TEMT6000:165,LDR:539,Distance:79
TEMT6000:164,LDR:539,Distance:79
TEMT6000:165,LDR:540,Distance:79
TEMT6000:164,LDR:540,Distance:79
TEMT6000:165,LDR:539,Distance:80
TEMT6000:165,LDR:539,Distance:79
TEMT6000:164,LDR:540,Distance:80
TEMT6000:165,LDR:539,Distance:79
TEMT6000:165,LDR:539,Distance:79
TEMT6000:164,LDR:539,Distance:79
TEMT6000:164,LDR:540,Distance:80
TEMT6000:165,LDR:539,Distance:80
TEMT6000:164,LDR:540,Distance:80
TEMT6000:164,LDR:540,Distance:79
TEMT6000:163,LDR:540,Distance:79
TEMT6000:165,LDR:540,Distance:79
TEMT6000:165,LDR:540,Distance:80
TEMT6000:165,LDR:539,Distance:79
TEMT6000:165,LDR:539,Distance:79
TEMT6000:165,LDR:539,Distance:79
TEMT6000:165,LDR:539,Distance:79
TEMT6000:164,LDR:540,Distance:79
TEMT6000:163,LDR:540,Distance:80
TEMT6000:164,LDR:539,Distance:79
TEMT6000:165,LDR:539,Distance:80
TEMT6000:164,LDR:539,Distance:80
TEMT6000:164,LDR:540,Distance:79
TEMT6000:164,LDR:539,Distance:80
TEMT6000:165,LDR:539,Distance:80
TEMT6000:165,LDR:540,Distance:80
TEMT6000:164,LDR:540,Distance:79
TEMT6000:164,LDR:540,Distance:79
TEMT6000:165,LDR:539,Distance:81
TEMT6000:164,LDR:540,Distance:80
TEMT6000:164,LDR:540,Distance:79
TEMT6000:164,LDR:540,Distance:80
TEMT6000:166,LDR:540,Distance:80
TEMT6000:163,LDR:540,Distance:80
TEMT6000:164,LDR:540,Distance:79
TEMT6000:165,LDR:540,Distance:80
TEMT6000:164,LDR:539,Distance:79
TEMT6000:164,LDR:540,Distance:80
TEMT6000:164,LDR:540,Distance:80
TEMT6000:164,LDR:540,Distance:81
TEMT6000:165,LDR:539,Distance:80
TEMT6000:164,LDR:539,Distance:80
TEMT6000:164,LDR:540,Distance:80
TEMT6000:164,LDR:540,Distance:79
TEMT6000:164,LDR:540,Distance:79
TEMT6000:164,LDR:539,Distance:80
TEMT6000:165,LDR:539,Distance:80
TEMT6000:165,LDR:539,Distance:79
TEMT6000:165,LDR:539,Distance:80
TEMT6000:163,LDR:540,Distance:79
TEMT6000:163,LDR:540,Distance:79
TEMT6000:164,LDR:540,Distance:79
TEMT6000:164,LDR:539,Distance:80
TEMT6000:164,LDR:539,Distance:80
TEMT6000:165,LDR:539,Distance:80
TEMT6000:164,LDR:539,Distance:80
TEMT6000:165,LDR:539,Distance:80
TEMT6000:164,LDR:540,Distance:80
TEMT6000:163,LDR:540,Distance:80
TEMT6000:164,LDR:540,Distance:80
TEMT6000:164,LDR:539,Distance:80
TEMT6000:164,LDR:540,Distance:80
TEMT6000:163,LDR:540,Distance:80
TEMT6000:164,LDR:539,Distance:80
TEMT6000:163,LDR:540,Distance:80
TEMT6000:163,LDR:540,Distance:80
TEMT6000:163,LDR:540,Distance:80
TEMT6000:164,LDR:540,Distance:80
TEMT6000:164,LDR:540,Distance:80
TEMT6000:164,LDR:541,Distance:80
TEMT6000:164,LDR:540,Distance:80
TEMT6000:164,LDR:540,Distance:80
TEMT6000:164,LDR:540,Distance:80
TEMT6000:165,LDR:540,Distance:80
TEMT6000:165,LDR:540,Distance:80
TEMT6000:164,LDR:540,Distance:80
TEMT6000:163,LDR:540,Distance:80
