TEMT6000:1003,LDR:1021,Distance:6.89
TEMT6000:1005,LDR:1020,Distance:6.87
TEMT6000:1004,LDR:1021,Distance:6.89
TEMT6000:1002,LDR:1022,Distance:7.26
TEMT6000:1003,LDR:1020,Distance:7.34
TEMT6000:1003,LDR:1021,Distance:7.31
TEMT6000:1003,LDR:1022,Distance:7.01
TEMT6000:1004,LDR:1021,Distance:7.11
TEMT6000:1003,LDR:1021,Distance:6.97
TEMT6000:1003,LDR:1021,Distance:6.89
TEMT6000:1005,LDR:1020,Distance:6.89
TEMT6000:1003,LDR:1020,Distance:7.08
TEMT6000:1003,LDR:1019,Distance:6.94
TEMT6000:1003,LDR:1021,Distance:6.96
TEMT6000:1003,LDR:1021,Distance:6.96
TEMT6000:1003,LDR:1020,Distance:7.01
TEMT6000:1004,LDR:1021,Distance:6.95
TEMT6000:1003,LDR:1021,Distance:7.01
TEMT6000:1002,LDR:1019,Distance:6.99
TEMT6000:1005,LDR:1020,Distance:6.99
TEMT6000:1003,LDR:1021,Distance:6.96
TEMT6000:1003,LDR:1020,Distance:6.92
TEMT6000:1003,LDR:1021,Distance:7.19
TEMT6000:1004,LDR:1021,Distance:7.34
TEMT6000:1000,LDR:1019,Distance:6.97
TEMT6000:1003,LDR:1020,Distance:6.90
TEMT6000:1004,LDR:1019,Distance:6.96
TEMT6000:1003,LDR:1021,Distance:6.94
TEMT6000:1004,LDR:1021,Distance:6.96
TEMT6000:1004,LDR:1020,Distance:6.96
TEMT6000:1004,LDR:1021,Distance:6.96
TEMT6000:1004,LDR:1019,Distance:6.99
TEMT6000:1003,LDR:1020,Distance:6.97
TEMT6000:1003,LDR:1021,Distance:6.99
TEMT6000:1004,LDR:1021,Distance:6.94
TEMT6000:1003,LDR:1021,Distance:6.94
TEMT6000:1003,LDR:1020,Distance:6.94
TEMT6000:1003,LDR:1020,Distance:6.98
TEMT6000:1002,LDR:1020,Distance:6.99
TEMT6000:1003,LDR:1019,Distance:6.69
TEMT6000:1003,LDR:1021,Distance:7.04
TEMT6000:1002,LDR:1021,Distance:6.89
TEMT6000:1003,LDR:1020,Distance:6.85
TEMT6000:1002,LDR:1020,Distance:6.60
TEMT6000:1002,LDR:1020,Distance:6.57
TEMT6000:1001,LDR:1021,Distance:6.58
TEMT6000:1003,LDR:1020,Distance:6.72
TEMT6000:1000,LDR:1021,Distance:6.99
TEMT6000:999,LDR:1018,Distance:6.99
TEMT6000:1000,LDR:1020,Distance:6.99
TEMT6000:1003,LDR:1020,Distance:6.82
TEMT6000:1003,LDR:1020,Distance:6.58
TEMT6000:1002,LDR:1020,Distance:6.60
TEMT6000:1002,LDR:1021,Distance:6.56
TEMT6000:1003,LDR:1019,Distance:6.89
TEMT6000:1001,LDR:1020,Distance:6.79
TEMT6000:1003,LDR:1020,Distance:7.12
TEMT6000:1002,LDR:1021,Distance:7.17
TEMT6000:1002,LDR:1020,Distance:7.36
TEMT6000:1001,LDR:1021,Distance:7.56
TEMT6000:999,LDR:1020,Distance:7.68
TEMT6000:1001,LDR:1020,Distance:7.69
TEMT6000:1002,LDR:1021,Distance:7.70
TEMT6000:1001,LDR:1020,Distance:7.69
TEMT6000:1001,LDR:1020,Distance:7.70
TEMT6000:1000,LDR:1019,Distance:7.66
TEMT6000:1001,LDR:1021,Distance:7.36
TEMT6000:1001,LDR:1020,Distance:7.30
TEMT6000:1001,LDR:1018,Distance:7.37
TEMT6000:1001,LDR:1021,Distance:7.37
TEMT6000:1001,LDR:1020,Distance:7.36
TEMT6000:1000,LDR:1021,Distance:7.05
TEMT6000:997,LDR:1018,Distance:7.27
TEMT6000:903,LDR:1019,Distance:7.46
TEMT6000:861,LDR:1020,Distance:7.48
TEMT6000:931,LDR:1020,Distance:7.43
TEMT6000:984,LDR:1019,Distance:7.49
TEMT6000:933,LDR:1020,Distance:7.51
TEMT6000:994,LDR:1020,Distance:7.48
TEMT6000:917,LDR:1019,Distance:7.69
TEMT6000:931,LDR:1018,Distance:7.99
TEMT6000:901,LDR:1021,Distance:7.97
TEMT6000:931,LDR:1019,Distance:8.46
TEMT6000:946,LDR:1019,Distance:8.11
TEMT6000:950,LDR:1021,Distance:8.05
TEMT6000:975,LDR:1019,Distance:8.20
TEMT6000:933,LDR:1019,Distance:8.12
TEMT6000:981,LDR:1019,Distance:8.13
TEMT6000:985,LDR:1020,Distance:8.13
TEMT6000:975,LDR:1020,Distance:8.06
TEMT6000:969,LDR:1020,Distance:8.13
TEMT6000:911,LDR:1019,Distance:7.82
TEMT6000:925,LDR:1019,Distance:7.80
TEMT6000:987,LDR:1020,Distance:7.84
TEMT6000:977,LDR:1021,Distance:7.86
TEMT6000:993,LDR:1021,Distance:7.87
TEMT6000:908,LDR:1019,Distance:7.85
TEMT6000:943,LDR:1019,Distance:7.89
TEMT6000:936,LDR:1019,Distance:7.92
TEMT6000:907,LDR:1021,Distance:7.90
TEMT6000:881,LDR:1019,Distance:8.33
TEMT6000:959,LDR:1020,Distance:8.33
TEMT6000:932,LDR:1019,Distance:8.34
TEMT6000:982,LDR:1019,Distance:8.39
TEMT6000:986,LDR:1019,Distance:8.40
TEMT6000:993,LDR:1019,Distance:8.76
TEMT6000:990,LDR:1019,Distance:8.86
TEMT6000:990,LDR:1019,Distance:8.87
TEMT6000:989,LDR:1018,Distance:8.85
TEMT6000:987,LDR:1020,Distance:8.85
TEMT6000:990,LDR:1018,Distance:8.85
TEMT6000:994,LDR:1018,Distance:8.81
TEMT6000:959,LDR:1019,Distance:8.70
TEMT6000:968,LDR:1020,Distance:8.54
TEMT6000:969,LDR:1020,Distance:8.54
TEMT6000:976,LDR:1019,Distance:8.57
TEMT6000:841,LDR:1019,Distance:8.28
TEMT6000:985,LDR:1020,Distance:8.22
TEMT6000:989,LDR:1022,Distance:8.20
TEMT6000:929,LDR:1019,Distance:8.57
TEMT6000:948,LDR:1020,Distance:8.31
TEMT6000:951,LDR:1020,Distance:8.23
TEMT6000:963,LDR:1019,Distance:8.23
TEMT6000:920,LDR:1019,Distance:8.27
TEMT6000:977,LDR:1019,Distance:8.63
TEMT6000:987,LDR:1019,Distance:8.30
TEMT6000:907,LDR:1019,Distance:8.30
TEMT6000:885,LDR:1019,Distance:8.30
TEMT6000:903,LDR:1020,Distance:8.74
TEMT6000:884,LDR:1020,Distance:8.87
TEMT6000:979,LDR:1019,Distance:9.27
TEMT6000:980,LDR:1019,Distance:9.26
TEMT6000:980,LDR:1018,Distance:9.29
TEMT6000:985,LDR:1018,Distance:9.31
TEMT6000:978,LDR:1020,Distance:9.36
TEMT6000:980,LDR:1018,Distance:9.05
TEMT6000:984,LDR:1020,Distance:8.95
TEMT6000:982,LDR:1019,Distance:9.09
TEMT6000:987,LDR:1019,Distance:9.02
TEMT6000:983,LDR:1019,Distance:9.02
TEMT6000:979,LDR:1019,Distance:8.75
TEMT6000:977,LDR:1019,Distance:8.66
TEMT6000:977,LDR:1019,Distance:8.66
TEMT6000:937,LDR:1019,Distance:8.74
TEMT6000:944,LDR:1019,Distance:8.80
TEMT6000:977,LDR:1018,Distance:8.70
TEMT6000:914,LDR:1020,Distance:8.96
TEMT6000:969,LDR:1020,Distance:9.16
TEMT6000:976,LDR:1017,Distance:9.55
TEMT6000:954,LDR:1020,Distance:9.65
TEMT6000:918,LDR:1019,Distance:9.66
TEMT6000:948,LDR:1019,Distance:9.70
TEMT6000:906,LDR:1018,Distance:9.70
TEMT6000:964,LDR:1020,Distance:9.70
TEMT6000:959,LDR:1019,Distance:9.75
TEMT6000:934,LDR:1019,Distance:9.77
TEMT6000:935,LDR:1019,Distance:9.60
TEMT6000:940,LDR:1020,Distance:9.39
TEMT6000:942,LDR:1019,Distance:9.39
TEMT6000:934,LDR:1018,Distance:9.46
TEMT6000:925,LDR:1018,Distance:9.06
TEMT6000:921,LDR:1019,Distance:9.42
TEMT6000:916,LDR:1019,Distance:9.51
TEMT6000:912,LDR:1018,Distance:9.36
TEMT6000:900,LDR:1019,Distance:9.54
TEMT6000:890,LDR:1019,Distance:9.54
TEMT6000:890,LDR:1019,Distance:9.94
TEMT6000:882,LDR:1018,Distance:9.98
TEMT6000:879,LDR:1019,Distance:10.07
TEMT6000:872,LDR:1018,Distance:10.06
TEMT6000:871,LDR:1017,Distance:10.06
TEMT6000:857,LDR:1016,Distance:10.08
TEMT6000:856,LDR:1019,Distance:10.13
TEMT6000:851,LDR:1019,Distance:10.18
TEMT6000:845,LDR:1019,Distance:10.17
TEMT6000:845,LDR:1019,Distance:10.18
TEMT6000:845,LDR:1018,Distance:10.07
TEMT6000:837,LDR:1019,Distance:9.82
TEMT6000:836,LDR:1017,Distance:9.70
TEMT6000:829,LDR:1019,Distance:9.44
TEMT6000:824,LDR:1019,Distance:9.54
TEMT6000:815,LDR:1017,Distance:9.49
TEMT6000:801,LDR:1018,Distance:9.78
TEMT6000:799,LDR:1017,Distance:9.93
TEMT6000:784,LDR:1017,Distance:9.98
TEMT6000:782,LDR:1018,Distance:10.03
TEMT6000:769,LDR:1019,Distance:10.25
TEMT6000:778,LDR:1018,Distance:10.46
TEMT6000:775,LDR:1017,Distance:10.44
TEMT6000:792,LDR:1014,Distance:10.45
TEMT6000:772,LDR:1015,Distance:10.47
TEMT6000:770,LDR:1019,Distance:10.47
TEMT6000:765,LDR:1018,Distance:10.55
TEMT6000:763,LDR:1016,Distance:10.19
TEMT6000:758,LDR:1014,Distance:10.16
TEMT6000:753,LDR:1018,Distance:10.21
TEMT6000:744,LDR:1017,Distance:10.52
TEMT6000:742,LDR:1017,Distance:9.93
TEMT6000:735,LDR:1019,Distance:8.59
TEMT6000:724,LDR:1019,Distance:9.04
TEMT6000:720,LDR:1018,Distance:9.11
TEMT6000:720,LDR:1018,Distance:9.13
TEMT6000:721,LDR:1017,Distance:9.11
TEMT6000:716,LDR:1018,Distance:9.67
TEMT6000:713,LDR:1019,Distance:9.93
TEMT6000:711,LDR:1019,Distance:9.98
TEMT6000:708,LDR:1017,Distance:9.98
TEMT6000:704,LDR:1019,Distance:9.95
TEMT6000:705,LDR:1018,Distance:9.60
TEMT6000:708,LDR:1018,Distance:9.93
TEMT6000:690,LDR:1017,Distance:9.92
TEMT6000:696,LDR:1018,Distance:9.96
TEMT6000:704,LDR:1016,Distance:10.15
TEMT6000:689,LDR:1017,Distance:10.37
TEMT6000:690,LDR:1017,Distance:10.41
TEMT6000:688,LDR:1015,Distance:10.52
TEMT6000:689,LDR:1016,Distance:10.53
TEMT6000:691,LDR:1017,Distance:10.80
TEMT6000:689,LDR:1018,Distance:10.56
TEMT6000:685,LDR:1019,Distance:10.76
TEMT6000:680,LDR:1017,Distance:10.62
TEMT6000:671,LDR:1017,Distance:10.55
TEMT6000:672,LDR:1017,Distance:10.59
TEMT6000:666,LDR:1018,Distance:9.81
TEMT6000:645,LDR:1019,Distance:9.53
TEMT6000:645,LDR:1017,Distance:8.91
TEMT6000:634,LDR:1017,Distance:8.91
TEMT6000:636,LDR:1017,Distance:9.76
TEMT6000:620,LDR:1016,Distance:10.37
TEMT6000:609,LDR:1017,Distance:10.90
TEMT6000:612,LDR:1015,Distance:10.84
TEMT6000:614,LDR:1016,Distance:10.84
TEMT6000:606,LDR:1017,Distance:11.11
TEMT6000:612,LDR:1017,Distance:10.90
TEMT6000:615,LDR:1016,Distance:10.87
TEMT6000:609,LDR:1017,Distance:10.95
TEMT6000:600,LDR:1014,Distance:11.04
TEMT6000:596,LDR:1017,Distance:10.78
TEMT6000:600,LDR:1017,Distance:10.65
TEMT6000:576,LDR:1016,Distance:9.81
TEMT6000:591,LDR:1017,Distance:9.15
TEMT6000:587,LDR:1016,Distance:10.01
TEMT6000:581,LDR:1017,Distance:9.49
TEMT6000:575,LDR:1017,Distance:9.49
TEMT6000:579,LDR:1017,Distance:9.51
TEMT6000:576,LDR:1017,Distance:10.23
TEMT6000:568,LDR:1019,Distance:10.71
TEMT6000:555,LDR:1016,Distance:10.91
TEMT6000:555,LDR:1017,Distance:10.96
TEMT6000:554,LDR:1014,Distance:11.25
TEMT6000:551,LDR:1017,Distance:11.28
TEMT6000:549,LDR:1016,Distance:11.30
TEMT6000:547,LDR:1017,Distance:11.07
TEMT6000:542,LDR:1018,Distance:11.14
TEMT6000:528,LDR:1018,Distance:10.83
TEMT6000:538,LDR:1017,Distance:10.98
TEMT6000:537,LDR:1017,Distance:11.04
TEMT6000:535,LDR:1016,Distance:10.14
TEMT6000:533,LDR:1017,Distance:9.38
TEMT6000:527,LDR:1017,Distance:9.06
TEMT6000:527,LDR:1016,Distance:8.75
TEMT6000:525,LDR:1015,Distance:8.64
TEMT6000:523,LDR:1016,Distance:8.64
TEMT6000:517,LDR:1017,Distance:9.54
TEMT6000:514,LDR:1017,Distance:10.02
TEMT6000:515,LDR:1017,Distance:10.34
TEMT6000:502,LDR:1017,Distance:10.34
TEMT6000:507,LDR:1017,Distance:11.10
TEMT6000:492,LDR:1015,Distance:10.88
TEMT6000:505,LDR:1017,Distance:11.23
TEMT6000:499,LDR:1017,Distance:11.54
TEMT6000:498,LDR:1016,Distance:11.36
TEMT6000:488,LDR:1016,Distance:11.43
TEMT6000:497,LDR:1017,Distance:11.28
TEMT6000:495,LDR:1013,Distance:11.46
TEMT6000:492,LDR:1017,Distance:11.42
TEMT6000:487,LDR:1016,Distance:11.44
TEMT6000:486,LDR:1017,Distance:11.16
TEMT6000:486,LDR:1016,Distance:11.08
TEMT6000:485,LDR:1017,Distance:10.94
TEMT6000:483,LDR:1017,Distance:10.27
TEMT6000:480,LDR:1015,Distance:9.97
TEMT6000:478,LDR:1017,Distance:9.46
TEMT6000:477,LDR:1017,Distance:9.49
TEMT6000:479,LDR:1017,Distance:9.44
TEMT6000:477,LDR:1016,Distance:9.44
TEMT6000:476,LDR:1016,Distance:9.08
TEMT6000:473,LDR:1016,Distance:9.76
TEMT6000:469,LDR:1016,Distance:9.53
TEMT6000:468,LDR:1016,Distance:10.41
TEMT6000:468,LDR:1016,Distance:11.16
TEMT6000:464,LDR:1015,Distance:11.24
TEMT6000:461,LDR:1016,Distance:11.71
TEMT6000:455,LDR:1013,Distance:11.76
TEMT6000:452,LDR:1016,Distance:11.81
TEMT6000:448,LDR:1017,Distance:11.44
TEMT6000:445,LDR:1016,Distance:11.38
TEMT6000:443,LDR:1013,Distance:11.54
TEMT6000:440,LDR:1017,Distance:10.62
TEMT6000:435,LDR:1017,Distance:9.78
TEMT6000:431,LDR:1014,Distance:9.91
TEMT6000:430,LDR:1016,Distance:9.92
TEMT6000:430,LDR:1016,Distance:9.89
TEMT6000:430,LDR:1016,Distance:9.91
TEMT6000:428,LDR:1016,Distance:10.08
TEMT6000:426,LDR:1016,Distance:10.74
TEMT6000:427,LDR:1016,Distance:10.76
TEMT6000:422,LDR:1011,Distance:11.43
TEMT6000:419,LDR:1015,Distance:11.74
TEMT6000:419,LDR:1015,Distance:11.97
TEMT6000:417,LDR:1015,Distance:11.80
TEMT6000:407,LDR:1015,Distance:12.17
TEMT6000:403,LDR:1015,Distance:12.18
TEMT6000:407,LDR:1015,Distance:12.19
TEMT6000:411,LDR:1014,Distance:12.26
TEMT6000:405,LDR:1017,Distance:12.30
TEMT6000:409,LDR:1015,Distance:11.88
TEMT6000:404,LDR:1015,Distance:11.64
TEMT6000:400,LDR:1015,Distance:10.72
TEMT6000:399,LDR:1016,Distance:10.25
TEMT6000:398,LDR:1015,Distance:10.25
TEMT6000:400,LDR:1016,Distance:10.54
TEMT6000:396,LDR:1015,Distance:10.29
TEMT6000:393,LDR:1015,Distance:11.32
TEMT6000:387,LDR:1015,Distance:11.75
TEMT6000:387,LDR:1015,Distance:12.11
TEMT6000:383,LDR:1015,Distance:12.41
TEMT6000:381,LDR:1014,Distance:12.59
TEMT6000:381,LDR:1015,Distance:12.55
TEMT6000:377,LDR:1015,Distance:12.75
TEMT6000:375,LDR:1015,Distance:12.54
TEMT6000:376,LDR:1014,Distance:12.27
TEMT6000:372,LDR:1015,Distance:12.27
TEMT6000:369,LDR:1015,Distance:11.82
TEMT6000:368,LDR:1015,Distance:11.50
TEMT6000:365,LDR:1013,Distance:11.54
TEMT6000:367,LDR:1015,Distance:11.41
TEMT6000:363,LDR:1012,Distance:11.20
TEMT6000:361,LDR:1011,Distance:11.46
TEMT6000:364,LDR:1015,Distance:11.48
TEMT6000:363,LDR:1015,Distance:11.22
TEMT6000:360,LDR:1014,Distance:10.81
TEMT6000:361,LDR:1014,Distance:10.66
TEMT6000:360,LDR:1014,Distance:10.73
TEMT6000:359,LDR:1010,Distance:10.71
TEMT6000:360,LDR:1012,Distance:10.68
TEMT6000:357,LDR:1015,Distance:10.66
TEMT6000:356,LDR:1016,Distance:10.66
TEMT6000:357,LDR:1015,Distance:11.40
TEMT6000:352,LDR:1015,Distance:11.93
TEMT6000:350,LDR:1014,Distance:12.44
TEMT6000:345,LDR:1011,Distance:12.46
TEMT6000:347,LDR:1015,Distance:12.99
TEMT6000:344,LDR:1016,Distance:13.04
TEMT6000:345,LDR:1014,Distance:12.96
TEMT6000:342,LDR:1010,Distance:12.93
TEMT6000:339,LDR:1014,Distance:13.07
TEMT6000:342,LDR:1014,Distance:13.10
TEMT6000:339,LDR:1011,Distance:12.50
TEMT6000:336,LDR:1014,Distance:12.42
TEMT6000:334,LDR:1013,Distance:12.29
TEMT6000:335,LDR:1014,Distance:12.29
TEMT6000:334,LDR:1015,Distance:12.03
TEMT6000:333,LDR:1015,Distance:11.49
TEMT6000:331,LDR:1014,Distance:12.02
TEMT6000:326,LDR:1014,Distance:12.01
TEMT6000:330,LDR:1015,Distance:11.92
TEMT6000:324,LDR:1015,Distance:12.80
TEMT6000:324,LDR:1015,Distance:13.24
TEMT6000:321,LDR:1013,Distance:13.39
TEMT6000:323,LDR:1013,Distance:13.78
TEMT6000:322,LDR:1013,Distance:13.76
TEMT6000:321,LDR:1013,Distance:13.80
TEMT6000:320,LDR:1014,Distance:13.81
TEMT6000:318,LDR:1013,Distance:13.75
TEMT6000:316,LDR:1014,Distance:13.45
TEMT6000:316,LDR:1015,Distance:13.51
TEMT6000:310,LDR:1012,Distance:13.11
TEMT6000:311,LDR:1014,Distance:13.27
TEMT6000:307,LDR:1015,Distance:13.22
TEMT6000:306,LDR:1013,Distance:13.42
TEMT6000:304,LDR:1013,Distance:13.76
TEMT6000:300,LDR:1015,Distance:14.04
TEMT6000:289,LDR:1013,Distance:14.27
TEMT6000:294,LDR:1012,Distance:14.29
TEMT6000:293,LDR:1013,Distance:14.36
TEMT6000:291,LDR:1013,Distance:14.23
TEMT6000:287,LDR:1011,Distance:13.92
TEMT6000:286,LDR:1013,Distance:14.05
TEMT6000:290,LDR:1013,Distance:13.98
TEMT6000:289,LDR:1014,Distance:13.55
TEMT6000:287,LDR:1013,Distance:13.85
TEMT6000:286,LDR:1013,Distance:14.11
TEMT6000:284,LDR:1013,Distance:14.50
TEMT6000:283,LDR:1012,Distance:14.50
TEMT6000:284,LDR:1013,Distance:14.47
TEMT6000:282,LDR:1013,Distance:14.52
TEMT6000:279,LDR:1013,Distance:14.68
TEMT6000:277,LDR:1012,Distance:14.76
TEMT6000:275,LDR:1013,Distance:14.55
TEMT6000:274,LDR:1012,Distance:14.53
TEMT6000:272,LDR:1013,Distance:14.40
TEMT6000:272,LDR:1012,Distance:14.38
TEMT6000:270,LDR:1013,Distance:14.57
TEMT6000:269,LDR:1013,Distance:14.46
TEMT6000:267,LDR:1011,Distance:14.61
TEMT6000:269,LDR:1012,Distance:14.63
TEMT6000:263,LDR:1012,Distance:14.92
TEMT6000:264,LDR:1012,Distance:14.94
TEMT6000:264,LDR:1012,Distance:15.03
TEMT6000:263,LDR:1013,Distance:14.99
TEMT6000:261,LDR:1012,Distance:15.11
TEMT6000:259,LDR:1013,Distance:15.16
TEMT6000:255,LDR:1012,Distance:15.22
TEMT6000:257,LDR:1014,Distance:14.82
TEMT6000:256,LDR:1012,Distance:14.68
TEMT6000:253,LDR:1013,Distance:14.58
TEMT6000:253,LDR:1013,Distance:14.67
TEMT6000:252,LDR:1012,Distance:14.45
TEMT6000:250,LDR:1012,Distance:14.87
TEMT6000:248,LDR:1010,Distance:15.08
TEMT6000:247,LDR:1012,Distance:15.31
TEMT6000:246,LDR:1011,Distance:15.40
TEMT6000:246,LDR:1012,Distance:15.45
TEMT6000:244,LDR:1013,Distance:15.26
TEMT6000:242,LDR:1012,Distance:15.09
TEMT6000:243,LDR:1011,Distance:15.10
TEMT6000:238,LDR:1009,Distance:14.75
TEMT6000:238,LDR:1011,Distance:15.02
TEMT6000:239,LDR:1012,Distance:14.43
TEMT6000:237,LDR:1012,Distance:14.44
TEMT6000:234,LDR:1012,Distance:14.55
TEMT6000:233,LDR:1012,Distance:15.02
TEMT6000:232,LDR:1012,Distance:15.29
TEMT6000:231,LDR:1011,Distance:15.34
TEMT6000:230,LDR:1012,Distance:15.45
TEMT6000:230,LDR:1011,Distance:15.48
TEMT6000:229,LDR:1011,Distance:15.09
TEMT6000:229,LDR:1011,Distance:15.28
TEMT6000:224,LDR:1010,Distance:14.55
TEMT6000:224,LDR:1011,Distance:14.36
TEMT6000:223,LDR:1012,Distance:14.37
TEMT6000:224,LDR:1007,Distance:14.69
TEMT6000:223,LDR:1010,Distance:14.37
TEMT6000:223,LDR:1013,Distance:14.09
TEMT6000:223,LDR:1010,Distance:13.96
TEMT6000:225,LDR:1010,Distance:14.01
TEMT6000:222,LDR:1010,Distance:13.72
TEMT6000:221,LDR:1012,Distance:14.11
TEMT6000:222,LDR:1010,Distance:14.22
TEMT6000:221,LDR:1011,Distance:14.45
TEMT6000:218,LDR:1008,Distance:14.82
TEMT6000:212,LDR:1011,Distance:14.93
TEMT6000:221,LDR:1012,Distance:14.94
TEMT6000:215,LDR:1012,Distance:15.10
TEMT6000:215,LDR:1010,Distance:15.32
TEMT6000:217,LDR:1011,Distance:15.32
TEMT6000:215,LDR:1011,Distance:15.17
TEMT6000:212,LDR:1011,Distance:15.34
TEMT6000:209,LDR:1011,Distance:15.34
TEMT6000:208,LDR:1011,Distance:15.09
TEMT6000:208,LDR:1011,Distance:15.07
TEMT6000:211,LDR:1010,Distance:15.03
TEMT6000:211,LDR:1010,Distance:14.48
TEMT6000:210,LDR:1011,Distance:14.44
TEMT6000:206,LDR:1009,Distance:14.27
TEMT6000:207,LDR:1012,Distance:14.00
TEMT6000:204,LDR:1010,Distance:13.74
TEMT6000:208,LDR:1010,Distance:14.17
TEMT6000:205,LDR:1007,Distance:14.43
TEMT6000:200,LDR:1010,Distance:14.59
TEMT6000:205,LDR:1010,Distance:14.92
TEMT6000:204,LDR:1011,Distance:15.38
TEMT6000:201,LDR:1010,Distance:15.38
TEMT6000:200,LDR:1010,Distance:15.58
TEMT6000:192,LDR:1011,Distance:15.44
TEMT6000:197,LDR:1009,Distance:15.34
TEMT6000:198,LDR:1007,Distance:14.97
TEMT6000:198,LDR:1011,Distance:14.55
TEMT6000:198,LDR:1011,Distance:14.47
TEMT6000:191,LDR:1011,Distance:14.36
TEMT6000:192,LDR:1011,Distance:14.96
TEMT6000:185,LDR:1010,Distance:15.52
TEMT6000:198,LDR:1010,Distance:15.38
TEMT6000:189,LDR:1007,Distance:15.82
TEMT6000:191,LDR:1010,Distance:15.74
TEMT6000:189,LDR:1011,Distance:15.50
TEMT6000:189,LDR:1010,Distance:15.50
TEMT6000:184,LDR:1009,Distance:15.68
TEMT6000:181,LDR:1010,Distance:15.20
TEMT6000:186,LDR:1009,Distance:15.50
TEMT6000:180,LDR:1010,Distance:15.50
TEMT6000:181,LDR:1009,Distance:15.61
TEMT6000:181,LDR:1009,Distance:15.17
TEMT6000:178,LDR:1011,Distance:14.76
TEMT6000:186,LDR:1009,Distance:14.53
TEMT6000:184,LDR:1010,Distance:15.25
TEMT6000:185,LDR:1009,Distance:14.93
TEMT6000:182,LDR:1010,Distance:14.84
TEMT6000:185,LDR:1011,Distance:14.88
TEMT6000:184,LDR:1009,Distance:15.28
TEMT6000:179,LDR:1009,Distance:15.08
TEMT6000:184,LDR:1009,Distance:15.59
TEMT6000:182,LDR:1009,Distance:15.68
TEMT6000:183,LDR:1009,Distance:15.79
TEMT6000:182,LDR:1011,Distance:15.04
TEMT6000:183,LDR:1009,Distance:14.69
TEMT6000:181,LDR:1010,Distance:15.13
TEMT6000:179,LDR:1010,Distance:15.80
TEMT6000:179,LDR:1008,Distance:15.98
TEMT6000:178,LDR:1009,Distance:15.87
TEMT6000:178,LDR:1009,Distance:16.25
TEMT6000:178,LDR:1009,Distance:15.75
TEMT6000:178,LDR:1009,Distance:15.53
TEMT6000:177,LDR:1007,Distance:15.56
TEMT6000:176,LDR:1009,Distance:15.19
TEMT6000:175,LDR:1009,Distance:15.38
TEMT6000:175,LDR:1009,Distance:15.24
TEMT6000:173,LDR:1009,Distance:15.51
TEMT6000:172,LDR:1010,Distance:15.51
TEMT6000:170,LDR:1007,Distance:15.47
TEMT6000:171,LDR:1009,Distance:15.74
TEMT6000:170,LDR:1009,Distance:15.74
TEMT6000:170,LDR:1008,Distance:16.18
TEMT6000:170,LDR:1009,Distance:16.18
TEMT6000:167,LDR:1009,Distance:16.28
TEMT6000:170,LDR:1008,Distance:16.39
TEMT6000:168,LDR:1009,Distance:16.23
TEMT6000:168,LDR:1009,Distance:16.46
TEMT6000:166,LDR:1008,Distance:15.95
TEMT6000:165,LDR:1008,Distance:16.11
TEMT6000:165,LDR:1008,Distance:15.62
TEMT6000:164,LDR:1009,Distance:15.61
TEMT6000:164,LDR:1008,Distance:15.94
TEMT6000:155,LDR:1009,Distance:15.85
TEMT6000:154,LDR:1007,Distance:15.68
TEMT6000:156,LDR:1009,Distance:16.54
TEMT6000:162,LDR:1009,Distance:16.23
TEMT6000:162,LDR:1007,Distance:16.15
TEMT6000:158,LDR:1009,Distance:16.15
TEMT6000:162,LDR:1009,Distance:16.12
TEMT6000:160,LDR:1008,Distance:16.50
TEMT6000:161,LDR:1009,Distance:16.24
TEMT6000:160,LDR:1008,Distance:16.30
TEMT6000:161,LDR:1008,Distance:16.13
TEMT6000:162,LDR:1010,Distance:16.67
TEMT6000:159,LDR:1009,Distance:16.77
TEMT6000:159,LDR:1009,Distance:16.73
TEMT6000:158,LDR:1008,Distance:16.78
TEMT6000:157,LDR:1008,Distance:17.01
TEMT6000:155,LDR:1008,Distance:16.75
TEMT6000:158,LDR:1009,Distance:16.58
TEMT6000:157,LDR:1007,Distance:16.71
TEMT6000:157,LDR:1007,Distance:16.49
TEMT6000:156,LDR:1006,Distance:16.28
TEMT6000:155,LDR:1008,Distance:16.13
TEMT6000:150,LDR:1010,Distance:16.59
TEMT6000:153,LDR:1007,Distance:16.80
TEMT6000:148,LDR:1007,Distance:17.10
TEMT6000:152,LDR:1007,Distance:17.54
TEMT6000:148,LDR:1007,Distance:17.58
TEMT6000:150,LDR:1007,Distance:17.21
TEMT6000:144,LDR:1009,Distance:17.65
TEMT6000:147,LDR:1004,Distance:17.14
TEMT6000:147,LDR:1006,Distance:17.51
TEMT6000:162,LDR:1009,Distance:17.30
TEMT6000:148,LDR:1007,Distance:17.24
TEMT6000:147,LDR:1007,Distance:16.86
TEMT6000:148,LDR:1007,Distance:16.85
TEMT6000:147,LDR:1007,Distance:17.03
TEMT6000:147,LDR:1007,Distance:17.39
TEMT6000:148,LDR:1007,Distance:17.21
TEMT6000:144,LDR:1007,Distance:17.09
TEMT6000:145,LDR:1007,Distance:17.34
TEMT6000:149,LDR:1006,Distance:17.71
TEMT6000:143,LDR:1007,Distance:17.72
TEMT6000:144,LDR:1007,Distance:17.75
TEMT6000:140,LDR:1007,Distance:18.14
TEMT6000:137,LDR:1007,Distance:18.34
TEMT6000:142,LDR:1007,Distance:18.37
TEMT6000:143,LDR:1007,Distance:17.94
TEMT6000:142,LDR:1007,Distance:18.24
TEMT6000:140,LDR:1005,Distance:17.85
TEMT6000:140,LDR:1007,Distance:17.88
TEMT6000:140,LDR:1006,Distance:17.30
TEMT6000:139,LDR:1006,Distance:17.25
TEMT6000:136,LDR:1007,Distance:17.86
TEMT6000:138,LDR:1006,Distance:17.38
TEMT6000:137,LDR:1006,Distance:17.84
TEMT6000:136,LDR:1004,Distance:17.89
TEMT6000:136,LDR:1007,Distance:17.78
TEMT6000:137,LDR:1006,Distance:18.49
TEMT6000:137,LDR:1007,Distance:18.34
TEMT6000:135,LDR:1007,Distance:18.27
TEMT6000:135,LDR:1007,Distance:18.37
TEMT6000:135,LDR:1007,Distance:18.69
TEMT6000:137,LDR:1007,Distance:19.00
TEMT6000:135,LDR:1006,Distance:18.95
TEMT6000:135,LDR:1007,Distance:19.07
TEMT6000:130,LDR:1007,Distance:18.84
TEMT6000:130,LDR:1007,Distance:19.02
TEMT6000:131,LDR:1006,Distance:19.30
TEMT6000:128,LDR:1007,Distance:19.22
TEMT6000:132,LDR:1007,Distance:19.17
TEMT6000:128,LDR:1007,Distance:19.64
TEMT6000:127,LDR:1007,Distance:19.85
TEMT6000:127,LDR:1006,Distance:20.26
TEMT6000:127,LDR:1005,Distance:20.45
TEMT6000:125,LDR:1005,Distance:20.38
TEMT6000:129,LDR:1007,Distance:20.59
TEMT6000:128,LDR:1007,Distance:20.46
TEMT6000:129,LDR:1007,Distance:20.76
TEMT6000:129,LDR:1006,Distance:20.51
TEMT6000:128,LDR:1007,Distance:20.92
TEMT6000:127,LDR:1007,Distance:20.77
TEMT6000:127,LDR:1005,Distance:20.74
TEMT6000:126,LDR:1006,Distance:21.10
TEMT6000:126,LDR:1005,Distance:20.90
TEMT6000:122,LDR:1005,Distance:21.13
TEMT6000:125,LDR:1006,Distance:21.16
TEMT6000:126,LDR:1005,Distance:21.13
TEMT6000:124,LDR:1007,Distance:21.18
TEMT6000:126,LDR:1006,Distance:21.40
TEMT6000:123,LDR:1004,Distance:21.21
TEMT6000:124,LDR:1005,Distance:21.29
TEMT6000:125,LDR:1005,Distance:21.27
TEMT6000:125,LDR:1005,Distance:21.46
TEMT6000:123,LDR:1003,Distance:21.36
TEMT6000:122,LDR:1005,Distance:21.43
TEMT6000:123,LDR:1005,Distance:21.44
TEMT6000:120,LDR:1005,Distance:21.50
TEMT6000:120,LDR:1005,Distance:21.68
TEMT6000:121,LDR:1006,Distance:21.56
TEMT6000:119,LDR:1005,Distance:21.53
TEMT6000:118,LDR:1006,Distance:21.72
TEMT6000:118,LDR:1005,Distance:21.75
TEMT6000:120,LDR:1005,Distance:21.74
TEMT6000:119,LDR:1004,Distance:21.72
TEMT6000:118,LDR:1005,Distance:21.82
TEMT6000:112,LDR:1004,Distance:21.73
TEMT6000:105,LDR:1003,Distance:21.77
TEMT6000:115,LDR:1004,Distance:21.84
TEMT6000:114,LDR:1004,Distance:21.84
TEMT6000:114,LDR:1004,Distance:21.86
TEMT6000:114,LDR:1005,Distance:21.88
TEMT6000:114,LDR:1005,Distance:21.88
TEMT6000:115,LDR:1005,Distance:21.90
TEMT6000:112,LDR:1005,Distance:21.92
TEMT6000:116,LDR:1004,Distance:22.07
TEMT6000:115,LDR:1006,Distance:22.27
TEMT6000:114,LDR:1005,Distance:22.11
TEMT6000:115,LDR:1006,Distance:22.08
TEMT6000:114,LDR:1004,Distance:22.20
TEMT6000:112,LDR:1003,Distance:22.14
TEMT6000:114,LDR:1005,Distance:22.14
TEMT6000:113,LDR:1005,Distance:22.16
TEMT6000:113,LDR:1005,Distance:22.28
TEMT6000:110,LDR:1000,Distance:22.25
TEMT6000:112,LDR:1004,Distance:22.27
TEMT6000:110,LDR:1003,Distance:22.32
TEMT6000:110,LDR:1005,Distance:22.37
TEMT6000:111,LDR:1003,Distance:22.44
TEMT6000:109,LDR:1003,Distance:22.44
TEMT6000:110,LDR:1004,Distance:22.60
TEMT6000:109,LDR:1005,Distance:22.49
TEMT6000:109,LDR:1004,Distance:22.62
TEMT6000:105,LDR:1004,Distance:22.57
TEMT6000:107,LDR:1004,Distance:22.62
TEMT6000:104,LDR:1001,Distance:22.63
TEMT6000:107,LDR:1001,Distance:22.50
TEMT6000:106,LDR:1004,Distance:22.46
TEMT6000:106,LDR:1002,Distance:22.54
TEMT6000:104,LDR:1003,Distance:22.38
TEMT6000:105,LDR:1004,Distance:22.50
TEMT6000:103,LDR:1004,Distance:22.63
TEMT6000:103,LDR:1003,Distance:22.66
TEMT6000:105,LDR:1003,Distance:22.68
TEMT6000:104,LDR:1003,Distance:22.61
TEMT6000:105,LDR:1004,Distance:22.65
TEMT6000:103,LDR:1003,Distance:22.63
TEMT6000:102,LDR:1005,Distance:22.64
TEMT6000:103,LDR:1003,Distance:22.46
TEMT6000:101,LDR:1004,Distance:22.65
TEMT6000:104,LDR:1003,Distance:22.63
TEMT6000:100,LDR:1001,Distance:22.95
TEMT6000:104,LDR:1003,Distance:22.70
TEMT6000:103,LDR:1003,Distance:22.35
TEMT6000:100,LDR:1003,Distance:22.62
TEMT6000:99,LDR:1002,Distance:22.67
TEMT6000:101,LDR:1002,Distance:22.91
TEMT6000:102,LDR:1001,Distance:22.78
TEMT6000:100,LDR:1004,Distance:22.91
TEMT6000:98,LDR:1003,Distance:22.85
TEMT6000:99,LDR:1000,Distance:22.95
TEMT6000:100,LDR:1003,Distance:22.72
TEMT6000:100,LDR:1002,Distance:22.78
TEMT6000:100,LDR:1004,Distance:22.81
TEMT6000:100,LDR:1002,Distance:22.75
TEMT6000:99,LDR:1002,Distance:22.90
TEMT6000:99,LDR:1003,Distance:22.73
TEMT6000:99,LDR:1003,Distance:22.68
TEMT6000:99,LDR:1003,Distance:22.63
TEMT6000:98,LDR:1003,Distance:22.34
TEMT6000:97,LDR:1002,Distance:22.65
TEMT6000:99,LDR:1003,Distance:22.47
TEMT6000:97,LDR:1003,Distance:22.59
TEMT6000:98,LDR:1002,Distance:22.73
TEMT6000:96,LDR:1001,Distance:22.48
TEMT6000:96,LDR:1001,Distance:22.50
TEMT6000:96,LDR:1002,Distance:22.79
TEMT6000:95,LDR:1003,Distance:22.71
TEMT6000:91,LDR:1002,Distance:22.61
TEMT6000:95,LDR:1001,Distance:22.22
TEMT6000:95,LDR:1003,Distance:22.40
TEMT6000:95,LDR:1002,Distance:22.28
TEMT6000:95,LDR:1002,Distance:22.49
TEMT6000:95,LDR:1003,Distance:22.20
TEMT6000:95,LDR:1002,Distance:22.42
TEMT6000:94,LDR:1001,Distance:22.26
TEMT6000:92,LDR:1002,Distance:22.65
TEMT6000:92,LDR:1001,Distance:22.48
TEMT6000:93,LDR:1002,Distance:22.35
TEMT6000:93,LDR:1002,Distance:22.46
TEMT6000:94,LDR:1002,Distance:22.13
TEMT6000:92,LDR:1002,Distance:22.14
TEMT6000:93,LDR:1001,Distance:22.58
TEMT6000:94,LDR:1002,Distance:22.21
TEMT6000:92,LDR:1002,Distance:22.10
TEMT6000:90,LDR:1001,Distance:22.15
TEMT6000:88,LDR:1001,Distance:22.57
TEMT6000:91,LDR:1001,Distance:22.32
TEMT6000:91,LDR:1001,Distance:21.92
TEMT6000:91,LDR:1002,Distance:22.18
TEMT6000:90,LDR:1002,Distance:22.04
TEMT6000:90,LDR:1002,Distance:22.11
TEMT6000:91,LDR:1003,Distance:21.96
TEMT6000:90,LDR:1002,Distance:21.91
TEMT6000:91,LDR:999,Distance:22.06
TEMT6000:89,LDR:1003,Distance:22.09
TEMT6000:88,LDR:1002,Distance:22.04
TEMT6000:90,LDR:1002,Distance:22.32
TEMT6000:88,LDR:1001,Distance:22.19
TEMT6000:89,LDR:1002,Distance:22.21
TEMT6000:86,LDR:1002,Distance:22.00
TEMT6000:87,LDR:998,Distance:22.08
TEMT6000:87,LDR:1002,Distance:21.97
TEMT6000:86,LDR:1002,Distance:22.32
TEMT6000:86,LDR:1000,Distance:22.19
TEMT6000:86,LDR:1001,Distance:22.20
TEMT6000:85,LDR:1001,Distance:22.65
TEMT6000:86,LDR:1001,Distance:22.11
TEMT6000:85,LDR:1000,Distance:22.44
TEMT6000:87,LDR:1001,Distance:22.49
TEMT6000:85,LDR:1001,Distance:22.21
TEMT6000:85,LDR:1000,Distance:22.40
TEMT6000:82,LDR:1002,Distance:22.31
TEMT6000:81,LDR:1000,Distance:22.34
TEMT6000:83,LDR:1000,Distance:22.62
TEMT6000:84,LDR:1000,Distance:22.40
TEMT6000:82,LDR:998,Distance:22.53
TEMT6000:83,LDR:999,Distance:22.27
TEMT6000:81,LDR:1000,Distance:22.40
TEMT6000:82,LDR:1000,Distance:22.44
TEMT6000:81,LDR:1001,Distance:22.13
TEMT6000:82,LDR:999,Distance:22.26
TEMT6000:80,LDR:998,Distance:22.27
TEMT6000:80,LDR:998,Distance:22.37
TEMT6000:81,LDR:999,Distance:22.22
TEMT6000:81,LDR:1000,Distance:22.22
TEMT6000:81,LDR:999,Distance:22.25
TEMT6000:81,LDR:1000,Distance:22.29
TEMT6000:81,LDR:1000,Distance:22.15
TEMT6000:81,LDR:1001,Distance:22.44
TEMT6000:80,LDR:999,Distance:22.19
TEMT6000:79,LDR:999,Distance:22.53
TEMT6000:79,LDR:998,Distance:22.46
TEMT6000:80,LDR:998,Distance:22.43
TEMT6000:80,LDR:999,Distance:22.45
TEMT6000:79,LDR:998,Distance:22.56
TEMT6000:79,LDR:998,Distance:22.60
TEMT6000:79,LDR:998,Distance:22.66
TEMT6000:78,LDR:998,Distance:22.71
TEMT6000:77,LDR:999,Distance:22.51
TEMT6000:77,LDR:999,Distance:22.37
TEMT6000:77,LDR:998,Distance:22.38
TEMT6000:77,LDR:999,Distance:22.51
TEMT6000:74,LDR:999,Distance:22.64
TEMT6000:76,LDR:999,Distance:22.69
TEMT6000:75,LDR:998,Distance:22.88
TEMT6000:74,LDR:997,Distance:22.90
TEMT6000:72,LDR:998,Distance:22.96
TEMT6000:74,LDR:998,Distance:22.53
TEMT6000:72,LDR:998,Distance:23.06
TEMT6000:71,LDR:999,Distance:22.78
TEMT6000:72,LDR:998,Distance:22.72
TEMT6000:73,LDR:999,Distance:22.81
TEMT6000:71,LDR:998,Distance:22.83
TEMT6000:71,LDR:997,Distance:22.82
TEMT6000:73,LDR:999,Distance:22.89
TEMT6000:73,LDR:998,Distance:22.96
TEMT6000:72,LDR:998,Distance:23.05
TEMT6000:70,LDR:999,Distance:23.27
TEMT6000:70,LDR:996,Distance:23.08
TEMT6000:71,LDR:1000,Distance:23.24
TEMT6000:70,LDR:998,Distance:23.39
TEMT6000:69,LDR:999,Distance:23.01
TEMT6000:70,LDR:997,Distance:23.09
TEMT6000:69,LDR:997,Distance:23.23
TEMT6000:69,LDR:998,Distance:23.07
TEMT6000:68,LDR:998,Distance:23.20
TEMT6000:68,LDR:997,Distance:23.14
TEMT6000:68,LDR:997,Distance:23.26
TEMT6000:68,LDR:997,Distance:23.33
TEMT6000:68,LDR:998,Distance:23.28
TEMT6000:67,LDR:997,Distance:23.42
TEMT6000:67,LDR:998,Distance:23.46
TEMT6000:67,LDR:998,Distance:23.34
TEMT6000:66,LDR:995,Distance:23.32
TEMT6000:66,LDR:995,Distance:23.33
TEMT6000:66,LDR:997,Distance:23.54
TEMT6000:65,LDR:998,Distance:23.43
TEMT6000:67,LDR:997,Distance:23.38
TEMT6000:66,LDR:996,Distance:23.54
TEMT6000:66,LDR:996,Distance:23.37
TEMT6000:65,LDR:996,Distance:23.60
TEMT6000:65,LDR:996,Distance:23.72
TEMT6000:66,LDR:996,Distance:23.85
TEMT6000:65,LDR:997,Distance:23.77
TEMT6000:65,LDR:996,Distance:23.77
TEMT6000:65,LDR:996,Distance:23.78
TEMT6000:64,LDR:996,Distance:23.86
TEMT6000:65,LDR:996,Distance:23.88
TEMT6000:65,LDR:997,Distance:23.84
TEMT6000:68,LDR:997,Distance:23.96
TEMT6000:68,LDR:996,Distance:23.72
TEMT6000:68,LDR:996,Distance:23.85
TEMT6000:66,LDR:997,Distance:23.83
TEMT6000:67,LDR:996,Distance:23.58
TEMT6000:67,LDR:997,Distance:24.04
TEMT6000:66,LDR:998,Distance:23.65
TEMT6000:67,LDR:996,Distance:23.98
TEMT6000:67,LDR:997,Distance:24.03
TEMT6000:66,LDR:994,Distance:24.12
TEMT6000:66,LDR:996,Distance:24.06
TEMT6000:65,LDR:997,Distance:24.11
TEMT6000:64,LDR:996,Distance:24.03
TEMT6000:65,LDR:995,Distance:24.02
TEMT6000:65,LDR:996,Distance:24.02
TEMT6000:65,LDR:995,Distance:24.30
TEMT6000:65,LDR:995,Distance:24.29
TEMT6000:66,LDR:996,Distance:23.98
TEMT6000:65,LDR:995,Distance:24.14
TEMT6000:64,LDR:994,Distance:23.95
TEMT6000:64,LDR:995,Distance:24.01
TEMT6000:64,LDR:995,Distance:23.99
TEMT6000:64,LDR:995,Distance:24.26
TEMT6000:64,LDR:995,Distance:24.35
TEMT6000:63,LDR:994,Distance:24.04
TEMT6000:65,LDR:995,Distance:24.51
TEMT6000:63,LDR:995,Distance:24.50
TEMT6000:64,LDR:996,Distance:24.16
TEMT6000:63,LDR:995,Distance:24.31
TEMT6000:63,LDR:994,Distance:24.35
TEMT6000:63,LDR:995,Distance:24.40
TEMT6000:63,LDR:994,Distance:24.33
TEMT6000:63,LDR:995,Distance:24.47
TEMT6000:63,LDR:995,Distance:24.39
TEMT6000:63,LDR:995,Distance:24.46
TEMT6000:61,LDR:994,Distance:24.40
TEMT6000:62,LDR:994,Distance:24.50
TEMT6000:63,LDR:994,Distance:24.45
TEMT6000:62,LDR:994,Distance:24.59
TEMT6000:62,LDR:994,Distance:24.77
TEMT6000:59,LDR:994,Distance:24.58
TEMT6000:61,LDR:994,Distance:24.75
TEMT6000:61,LDR:995,Distance:24.61
TEMT6000:61,LDR:994,Distance:25.07
TEMT6000:61,LDR:995,Distance:24.64
TEMT6000:61,LDR:994,Distance:24.88
TEMT6000:61,LDR:994,Distance:24.86
TEMT6000:60,LDR:992,Distance:24.89
TEMT6000:60,LDR:991,Distance:24.95
TEMT6000:60,LDR:994,Distance:25.05
TEMT6000:59,LDR:994,Distance:25.08
TEMT6000:59,LDR:993,Distance:25.05
TEMT6000:60,LDR:994,Distance:24.97
TEMT6000:59,LDR:994,Distance:25.13
TEMT6000:58,LDR:994,Distance:25.18
TEMT6000:58,LDR:994,Distance:25.16
TEMT6000:57,LDR:992,Distance:25.16
TEMT6000:58,LDR:994,Distance:25.52
TEMT6000:60,LDR:993,Distance:25.12
TEMT6000:58,LDR:994,Distance:25.24
TEMT6000:59,LDR:992,Distance:25.59
TEMT6000:58,LDR:994,Distance:25.56
TEMT6000:57,LDR:993,Distance:25.48
TEMT6000:57,LDR:994,Distance:25.42
TEMT6000:58,LDR:993,Distance:25.39
TEMT6000:58,LDR:993,Distance:25.85
TEMT6000:59,LDR:993,Distance:25.45
TEMT6000:58,LDR:992,Distance:25.72
TEMT6000:57,LDR:992,Distance:25.64
TEMT6000:57,LDR:993,Distance:25.86
TEMT6000:57,LDR:993,Distance:25.88
TEMT6000:56,LDR:994,Distance:25.92
TEMT6000:57,LDR:994,Distance:25.98
TEMT6000:57,LDR:993,Distance:25.92
TEMT6000:58,LDR:994,Distance:26.06
TEMT6000:58,LDR:993,Distance:26.10
TEMT6000:55,LDR:993,Distance:26.05
TEMT6000:56,LDR:992,Distance:26.16
TEMT6000:57,LDR:993,Distance:26.08
TEMT6000:56,LDR:993,Distance:26.18
TEMT6000:56,LDR:993,Distance:26.23
TEMT6000:55,LDR:993,Distance:26.38
TEMT6000:53,LDR:992,Distance:26.37
TEMT6000:54,LDR:991,Distance:26.58
TEMT6000:52,LDR:992,Distance:26.65
TEMT6000:53,LDR:992,Distance:26.42
TEMT6000:53,LDR:992,Distance:26.77
TEMT6000:52,LDR:992,Distance:26.61
TEMT6000:53,LDR:992,Distance:26.56
TEMT6000:52,LDR:992,Distance:26.69
TEMT6000:52,LDR:992,Distance:26.50
TEMT6000:55,LDR:992,Distance:26.49
TEMT6000:54,LDR:992,Distance:26.77
TEMT6000:55,LDR:992,Distance:26.73
TEMT6000:61,LDR:992,Distance:26.93
TEMT6000:52,LDR:992,Distance:26.67
TEMT6000:51,LDR:991,Distance:27.11
TEMT6000:51,LDR:992,Distance:26.70
TEMT6000:52,LDR:992,Distance:26.92
TEMT6000:51,LDR:990,Distance:26.94
TEMT6000:51,LDR:990,Distance:26.82
TEMT6000:51,LDR:992,Distance:26.80
TEMT6000:50,LDR:990,Distance:26.80
TEMT6000:51,LDR:991,Distance:27.21
TEMT6000:53,LDR:991,Distance:26.85
TEMT6000:53,LDR:991,Distance:26.86
TEMT6000:53,LDR:992,Distance:26.85
TEMT6000:54,LDR:992,Distance:27.22
TEMT6000:53,LDR:992,Distance:26.93
TEMT6000:52,LDR:991,Distance:27.21
TEMT6000:51,LDR:990,Distance:27.47
TEMT6000:53,LDR:991,Distance:27.53
TEMT6000:52,LDR:991,Distance:27.39
TEMT6000:52,LDR:990,Distance:27.46
TEMT6000:52,LDR:991,Distance:27.58
TEMT6000:52,LDR:991,Distance:27.53
TEMT6000:51,LDR:990,Distance:27.55
TEMT6000:50,LDR:990,Distance:27.77
TEMT6000:52,LDR:991,Distance:27.77
TEMT6000:52,LDR:990,Distance:27.56
TEMT6000:51,LDR:988,Distance:27.50
TEMT6000:52,LDR:990,Distance:27.50
TEMT6000:51,LDR:990,Distance:27.92
TEMT6000:51,LDR:990,Distance:27.65
TEMT6000:50,LDR:991,Distance:28.03
TEMT6000:52,LDR:992,Distance:27.98
TEMT6000:51,LDR:990,Distance:27.98
TEMT6000:50,LDR:990,Distance:28.14
TEMT6000:50,LDR:989,Distance:28.52
TEMT6000:48,LDR:990,Distance:28.40
TEMT6000:50,LDR:991,Distance:28.20
TEMT6000:50,LDR:991,Distance:28.23
TEMT6000:50,LDR:990,Distance:28.36
TEMT6000:49,LDR:991,Distance:28.09
TEMT6000:50,LDR:990,Distance:28.49
TEMT6000:49,LDR:991,Distance:28.43
TEMT6000:49,LDR:991,Distance:28.17
TEMT6000:49,LDR:990,Distance:28.37
TEMT6000:49,LDR:990,Distance:28.42
TEMT6000:47,LDR:988,Distance:28.68
TEMT6000:49,LDR:990,Distance:28.44
TEMT6000:49,LDR:988,Distance:28.22
TEMT6000:47,LDR:988,Distance:28.27
TEMT6000:49,LDR:990,Distance:28.23
TEMT6000:49,LDR:988,Distance:28.41
TEMT6000:49,LDR:989,Distance:28.35
TEMT6000:49,LDR:989,Distance:28.83
TEMT6000:50,LDR:990,Distance:28.40
TEMT6000:49,LDR:989,Distance:28.38
TEMT6000:49,LDR:990,Distance:28.36
TEMT6000:48,LDR:990,Distance:28.49
TEMT6000:49,LDR:988,Distance:28.58
TEMT6000:49,LDR:988,Distance:28.70
TEMT6000:49,LDR:989,Distance:28.74
TEMT6000:48,LDR:990,Distance:28.42
TEMT6000:49,LDR:989,Distance:28.86
TEMT6000:50,LDR:989,Distance:28.51
TEMT6000:49,LDR:989,Distance:28.99
TEMT6000:48,LDR:989,Distance:28.93
TEMT6000:48,LDR:989,Distance:28.79
TEMT6000:48,LDR:990,Distance:28.60
TEMT6000:48,LDR:990,Distance:28.90
TEMT6000:48,LDR:988,Distance:29.11
TEMT6000:48,LDR:990,Distance:29.21
TEMT6000:46,LDR:989,Distance:29.25
TEMT6000:47,LDR:988,Distance:29.28
TEMT6000:47,LDR:990,Distance:29.35
TEMT6000:45,LDR:987,Distance:29.44
TEMT6000:46,LDR:988,Distance:29.33
TEMT6000:46,LDR:990,Distance:29.35
TEMT6000:46,LDR:986,Distance:29.69
TEMT6000:44,LDR:988,Distance:29.81
TEMT6000:46,LDR:990,Distance:30.13
TEMT6000:47,LDR:990,Distance:29.42
TEMT6000:46,LDR:988,Distance:29.84
TEMT6000:44,LDR:987,Distance:29.38
TEMT6000:45,LDR:988,Distance:29.43
TEMT6000:46,LDR:988,Distance:29.78
TEMT6000:45,LDR:989,Distance:29.89
TEMT6000:44,LDR:989,Distance:29.81
TEMT6000:45,LDR:989,Distance:29.65
TEMT6000:45,LDR:989,Distance:29.56
TEMT6000:46,LDR:990,Distance:30.11
TEMT6000:45,LDR:988,Distance:29.86
TEMT6000:45,LDR:988,Distance:30.06
TEMT6000:45,LDR:987,Distance:29.91
TEMT6000:44,LDR:988,Distance:30.46
TEMT6000:45,LDR:987,Distance:30.29
TEMT6000:46,LDR:988,Distance:30.30
TEMT6000:45,LDR:987,Distance:30.70
TEMT6000:46,LDR:988,Distance:30.60
TEMT6000:47,LDR:988,Distance:30.44
TEMT6000:45,LDR:987,Distance:30.21
TEMT6000:46,LDR:987,Distance:30.35
TEMT6000:46,LDR:986,Distance:30.23
TEMT6000:46,LDR:987,Distance:30.80
TEMT6000:45,LDR:988,Distance:30.71
TEMT6000:46,LDR:987,Distance:30.67
TEMT6000:46,LDR:988,Distance:30.62
TEMT6000:45,LDR:986,Distance:31.00
TEMT6000:45,LDR:988,Distance:30.67
TEMT6000:43,LDR:987,Distance:30.50
TEMT6000:45,LDR:987,Distance:30.72
TEMT6000:44,LDR:987,Distance:30.86
TEMT6000:43,LDR:984,Distance:30.89
TEMT6000:44,LDR:986,Distance:31.12
TEMT6000:44,LDR:986,Distance:31.23
TEMT6000:44,LDR:986,Distance:31.39
TEMT6000:44,LDR:988,Distance:31.20
TEMT6000:43,LDR:986,Distance:31.78
TEMT6000:43,LDR:987,Distance:31.70
TEMT6000:43,LDR:986,Distance:31.73
TEMT6000:43,LDR:987,Distance:31.99
TEMT6000:44,LDR:986,Distance:32.13
TEMT6000:44,LDR:986,Distance:32.26
TEMT6000:43,LDR:986,Distance:32.19
TEMT6000:42,LDR:986,Distance:32.42
TEMT6000:42,LDR:984,Distance:32.37
TEMT6000:43,LDR:987,Distance:32.72
TEMT6000:43,LDR:987,Distance:32.61
TEMT6000:43,LDR:986,Distance:32.89
TEMT6000:43,LDR:985,Distance:32.88
TEMT6000:41,LDR:984,Distance:32.64
TEMT6000:42,LDR:986,Distance:32.94
TEMT6000:42,LDR:984,Distance:33.06
TEMT6000:41,LDR:985,Distance:32.74
TEMT6000:42,LDR:984,Distance:33.30
TEMT6000:42,LDR:983,Distance:33.07
TEMT6000:41,LDR:985,Distance:33.01
TEMT6000:42,LDR:985,Distance:32.87
TEMT6000:42,LDR:984,Distance:32.87
TEMT6000:42,LDR:984,Distance:33.28
TEMT6000:43,LDR:985,Distance:33.33
TEMT6000:42,LDR:984,Distance:33.31
TEMT6000:43,LDR:985,Distance:33.31
TEMT6000:42,LDR:986,Distance:33.33
TEMT6000:42,LDR:984,Distance:33.60
TEMT6000:39,LDR:983,Distance:33.51
TEMT6000:41,LDR:986,Distance:33.44
TEMT6000:41,LDR:985,Distance:33.57
TEMT6000:42,LDR:984,Distance:33.61
TEMT6000:42,LDR:984,Distance:33.65
TEMT6000:41,LDR:984,Distance:33.72
TEMT6000:39,LDR:983,Distance:33.83
TEMT6000:41,LDR:985,Distance:34.05
TEMT6000:41,LDR:985,Distance:33.97
TEMT6000:40,LDR:983,Distance:33.63
TEMT6000:41,LDR:984,Distance:33.97
TEMT6000:40,LDR:982,Distance:33.99
TEMT6000:39,LDR:985,Distance:34.17
TEMT6000:41,LDR:984,Distance:34.08
TEMT6000:40,LDR:984,Distance:34.34
TEMT6000:41,LDR:984,Distance:34.19
TEMT6000:41,LDR:983,Distance:34.10
TEMT6000:39,LDR:984,Distance:34.11
TEMT6000:40,LDR:985,Distance:33.96
TEMT6000:40,LDR:983,Distance:34.33
TEMT6000:39,LDR:983,Distance:34.34
TEMT6000:39,LDR:984,Distance:34.40
TEMT6000:38,LDR:983,Distance:34.44
TEMT6000:40,LDR:983,Distance:34.73
TEMT6000:39,LDR:985,Distance:34.49
TEMT6000:39,LDR:983,Distance:34.67
TEMT6000:39,LDR:984,Distance:34.71
TEMT6000:39,LDR:983,Distance:34.85
TEMT6000:39,LDR:984,Distance:34.77
TEMT6000:38,LDR:982,Distance:34.65
TEMT6000:40,LDR:983,Distance:34.65
TEMT6000:40,LDR:983,Distance:34.84
TEMT6000:40,LDR:984,Distance:34.70
TEMT6000:39,LDR:982,Distance:34.70
TEMT6000:39,LDR:982,Distance:35.15
TEMT6000:40,LDR:982,Distance:34.73
TEMT6000:39,LDR:982,Distance:34.98
TEMT6000:37,LDR:982,Distance:34.96
TEMT6000:40,LDR:983,Distance:35.18
TEMT6000:39,LDR:982,Distance:34.96
TEMT6000:39,LDR:981,Distance:35.44
TEMT6000:38,LDR:982,Distance:35.27
TEMT6000:38,LDR:981,Distance:35.18
TEMT6000:38,LDR:984,Distance:35.02
TEMT6000:38,LDR:982,Distance:34.80
TEMT6000:38,LDR:983,Distance:35.09
TEMT6000:36,LDR:982,Distance:34.70
TEMT6000:37,LDR:982,Distance:34.90
TEMT6000:38,LDR:980,Distance:34.84
TEMT6000:38,LDR:983,Distance:34.79
TEMT6000:37,LDR:982,Distance:35.17
TEMT6000:38,LDR:981,Distance:34.87
TEMT6000:37,LDR:982,Distance:34.92
TEMT6000:38,LDR:980,Distance:34.81
TEMT6000:37,LDR:981,Distance:34.62
TEMT6000:38,LDR:982,Distance:34.39
TEMT6000:36,LDR:982,Distance:34.47
TEMT6000:37,LDR:981,Distance:34.39
TEMT6000:37,LDR:980,Distance:35.09
TEMT6000:37,LDR:983,Distance:34.70
TEMT6000:36,LDR:980,Distance:35.40
TEMT6000:37,LDR:981,Distance:35.07
TEMT6000:37,LDR:981,Distance:34.92
TEMT6000:37,LDR:979,Distance:35.04
TEMT6000:37,LDR:982,Distance:35.40
TEMT6000:36,LDR:980,Distance:35.01
TEMT6000:37,LDR:982,Distance:35.01
TEMT6000:37,LDR:981,Distance:35.63
TEMT6000:36,LDR:980,Distance:35.34
TEMT6000:37,LDR:980,Distance:35.37
TEMT6000:36,LDR:981,Distance:35.82
TEMT6000:36,LDR:980,Distance:35.26
TEMT6000:36,LDR:980,Distance:35.30
TEMT6000:35,LDR:979,Distance:35.17
TEMT6000:35,LDR:979,Distance:35.38
TEMT6000:37,LDR:980,Distance:34.97
TEMT6000:35,LDR:980,Distance:34.90
TEMT6000:35,LDR:980,Distance:34.90
TEMT6000:37,LDR:981,Distance:34.80
TEMT6000:35,LDR:980,Distance:35.70
TEMT6000:35,LDR:979,Distance:35.37
TEMT6000:36,LDR:980,Distance:35.28
TEMT6000:37,LDR:980,Distance:35.29
TEMT6000:35,LDR:980,Distance:34.87
TEMT6000:35,LDR:981,Distance:35.37
TEMT6000:35,LDR:980,Distance:35.24
TEMT6000:35,LDR:980,Distance:35.01
TEMT6000:36,LDR:979,Distance:35.46
TEMT6000:36,LDR:979,Distance:35.51
TEMT6000:36,LDR:980,Distance:35.11
TEMT6000:35,LDR:980,Distance:35.20
TEMT6000:36,LDR:980,Distance:35.64
TEMT6000:34,LDR:979,Distance:35.35
TEMT6000:35,LDR:979,Distance:34.99
TEMT6000:35,LDR:980,Distance:35.13
TEMT6000:33,LDR:979,Distance:35.38
TEMT6000:35,LDR:979,Distance:35.51
TEMT6000:34,LDR:979,Distance:35.58
TEMT6000:33,LDR:979,Distance:35.37
TEMT6000:33,LDR:979,Distance:35.72
TEMT6000:36,LDR:978,Distance:35.41
TEMT6000:35,LDR:979,Distance:35.05
TEMT6000:35,LDR:979,Distance:35.21
TEMT6000:35,LDR:978,Distance:34.91
TEMT6000:34,LDR:976,Distance:35.78
TEMT6000:34,LDR:978,Distance:35.37
TEMT6000:35,LDR:978,Distance:35.13
TEMT6000:33,LDR:978,Distance:35.34
TEMT6000:35,LDR:978,Distance:35.80
TEMT6000:34,LDR:977,Distance:35.23
TEMT6000:33,LDR:979,Distance:35.50
TEMT6000:35,LDR:978,Distance:35.28
TEMT6000:33,LDR:979,Distance:35.73
TEMT6000:33,LDR:978,Distance:35.08
TEMT6000:35,LDR:978,Distance:35.63
TEMT6000:34,LDR:979,Distance:34.97
TEMT6000:33,LDR:977,Distance:35.10
TEMT6000:33,LDR:978,Distance:35.13
TEMT6000:33,LDR:977,Distance:35.17
TEMT6000:32,LDR:978,Distance:35.45
TEMT6000:33,LDR:977,Distance:35.13
TEMT6000:33,LDR:977,Distance:35.35
TEMT6000:32,LDR:978,Distance:35.48
TEMT6000:33,LDR:978,Distance:35.78
TEMT6000:33,LDR:979,Distance:35.52
TEMT6000:34,LDR:976,Distance:35.11
TEMT6000:33,LDR:977,Distance:35.41
TEMT6000:33,LDR:976,Distance:35.38
TEMT6000:33,LDR:977,Distance:35.60
TEMT6000:32,LDR:978,Distance:35.27
TEMT6000:32,LDR:976,Distance:35.26
TEMT6000:32,LDR:978,Distance:35.36
TEMT6000:32,LDR:976,Distance:35.63
TEMT6000:33,LDR:977,Distance:35.32
TEMT6000:33,LDR:976,Distance:35.44
TEMT6000:33,LDR:976,Distance:35.49
TEMT6000:33,LDR:976,Distance:35.79
TEMT6000:32,LDR:976,Distance:35.65
TEMT6000:31,LDR:976,Distance:35.50
TEMT6000:32,LDR:976,Distance:35.75
TEMT6000:31,LDR:974,Distance:35.56
TEMT6000:32,LDR:976,Distance:35.51
TEMT6000:32,LDR:976,Distance:35.35
TEMT6000:31,LDR:977,Distance:35.96
TEMT6000:32,LDR:976,Distance:35.74
TEMT6000:32,LDR:975,Distance:35.97
TEMT6000:33,LDR:976,Distance:35.79
TEMT6000:32,LDR:976,Distance:35.83
TEMT6000:32,LDR:975,Distance:35.84
TEMT6000:31,LDR:976,Distance:36.53
TEMT6000:32,LDR:975,Distance:36.55
TEMT6000:32,LDR:976,Distance:36.28
TEMT6000:31,LDR:976,Distance:36.28
TEMT6000:31,LDR:976,Distance:36.31
TEMT6000:31,LDR:974,Distance:36.05
TEMT6000:32,LDR:976,Distance:35.88
TEMT6000:31,LDR:976,Distance:35.89
TEMT6000:32,LDR:974,Distance:36.31
TEMT6000:31,LDR:976,Distance:35.93
TEMT6000:32,LDR:976,Distance:35.94
TEMT6000:32,LDR:976,Distance:36.57
TEMT6000:31,LDR:973,Distance:35.91
TEMT6000:32,LDR:975,Distance:36.02
TEMT6000:32,LDR:975,Distance:36.34
TEMT6000:31,LDR:975,Distance:35.84
TEMT6000:32,LDR:974,Distance:35.98
TEMT6000:32,LDR:976,Distance:35.73
TEMT6000:32,LDR:975,Distance:36.33
TEMT6000:30,LDR:974,Distance:35.84
TEMT6000:31,LDR:975,Distance:36.50
TEMT6000:28,LDR:976,Distance:35.99
TEMT6000:30,LDR:975,Distance:36.05
TEMT6000:31,LDR:974,Distance:35.99
TEMT6000:31,LDR:974,Distance:35.92
TEMT6000:30,LDR:974,Distance:36.44
TEMT6000:32,LDR:974,Distance:36.30
TEMT6000:31,LDR:974,Distance:36.16
TEMT6000:31,LDR:973,Distance:36.44
TEMT6000:30,LDR:974,Distance:36.34
TEMT6000:31,LDR:973,Distance:36.29
TEMT6000:31,LDR:974,Distance:36.23
TEMT6000:31,LDR:974,Distance:36.15
TEMT6000:30,LDR:974,Distance:36.09
TEMT6000:29,LDR:974,Distance:36.43
TEMT6000:30,LDR:974,Distance:36.31
TEMT6000:31,LDR:974,Distance:36.50
TEMT6000:30,LDR:975,Distance:36.19
TEMT6000:30,LDR:972,Distance:36.79
TEMT6000:28,LDR:972,Distance:36.68
TEMT6000:29,LDR:972,Distance:36.52
TEMT6000:29,LDR:974,Distance:37.07
TEMT6000:29,LDR:972,Distance:36.69
TEMT6000:29,LDR:972,Distance:36.57
TEMT6000:30,LDR:974,Distance:36.92
TEMT6000:30,LDR:972,Distance:36.51
TEMT6000:29,LDR:972,Distance:36.60
TEMT6000:27,LDR:973,Distance:36.73
TEMT6000:28,LDR:972,Distance:36.94
TEMT6000:30,LDR:973,Distance:36.94
TEMT6000:29,LDR:973,Distance:36.53
TEMT6000:30,LDR:973,Distance:36.62
TEMT6000:29,LDR:974,Distance:37.32
TEMT6000:29,LDR:973,Distance:37.02
TEMT6000:29,LDR:972,Distance:37.21
TEMT6000:29,LDR:972,Distance:37.39
TEMT6000:29,LDR:972,Distance:37.35
TEMT6000:28,LDR:973,Distance:37.10
TEMT6000:28,LDR:971,Distance:37.33
TEMT6000:29,LDR:972,Distance:37.33
TEMT6000:29,LDR:972,Distance:37.30
TEMT6000:29,LDR:972,Distance:37.25
TEMT6000:28,LDR:972,Distance:37.28
TEMT6000:29,LDR:972,Distance:37.26
TEMT6000:28,LDR:972,Distance:37.11
TEMT6000:29,LDR:972,Distance:37.65
TEMT6000:28,LDR:973,Distance:37.41
TEMT6000:29,LDR:972,Distance:37.41
TEMT6000:28,LDR:972,Distance:37.36
TEMT6000:29,LDR:973,Distance:38.03
TEMT6000:27,LDR:971,Distance:37.95
TEMT6000:28,LDR:972,Distance:37.72
TEMT6000:28,LDR:972,Distance:37.62
TEMT6000:29,LDR:971,Distance:37.51
TEMT6000:28,LDR:971,Distance:37.52
TEMT6000:29,LDR:972,Distance:38.00
TEMT6000:28,LDR:972,Distance:37.57
TEMT6000:28,LDR:972,Distance:37.57
TEMT6000:29,LDR:972,Distance:37.74
TEMT6000:29,LDR:972,Distance:37.84
TEMT6000:28,LDR:972,Distance:37.88
TEMT6000:30,LDR:972,Distance:37.77
TEMT6000:29,LDR:973,Distance:37.66
TEMT6000:28,LDR:971,Distance:38.11
TEMT6000:29,LDR:972,Distance:37.75
TEMT6000:27,LDR:971,Distance:38.05
TEMT6000:29,LDR:971,Distance:37.90
TEMT6000:27,LDR:972,Distance:38.28
TEMT6000:27,LDR:970,Distance:38.13
TEMT6000:27,LDR:971,Distance:38.17
TEMT6000:28,LDR:971,Distance:38.51
TEMT6000:28,LDR:971,Distance:38.30
TEMT6000:29,LDR:970,Distance:38.15
TEMT6000:28,LDR:971,Distance:38.00
TEMT6000:28,LDR:971,Distance:38.77
TEMT6000:28,LDR:970,Distance:38.38
TEMT6000:28,LDR:971,Distance:38.32
TEMT6000:27,LDR:971,Distance:38.59
TEMT6000:27,LDR:970,Distance:38.36
TEMT6000:28,LDR:971,Distance:38.86
TEMT6000:27,LDR:968,Distance:39.08
TEMT6000:27,LDR:970,Distance:39.03
TEMT6000:27,LDR:970,Distance:38.85
TEMT6000:27,LDR:968,Distance:38.93
TEMT6000:28,LDR:969,Distance:39.17
TEMT6000:27,LDR:969,Distance:38.93
TEMT6000:27,LDR:968,Distance:39.59
TEMT6000:27,LDR:970,Distance:39.18
TEMT6000:26,LDR:970,Distance:39.14
TEMT6000:27,LDR:970,Distance:39.24
TEMT6000:27,LDR:969,Distance:39.26
TEMT6000:26,LDR:968,Distance:39.71
TEMT6000:28,LDR:969,Distance:39.19
TEMT6000:27,LDR:968,Distance:40.31
TEMT6000:26,LDR:968,Distance:40.07
TEMT6000:27,LDR:969,Distance:40.16
TEMT6000:27,LDR:970,Distance:39.76
TEMT6000:27,LDR:970,Distance:39.27
TEMT6000:26,LDR:967,Distance:39.86
TEMT6000:27,LDR:970,Distance:39.63
TEMT6000:27,LDR:968,Distance:39.32
TEMT6000:27,LDR:968,Distance:39.48
TEMT6000:27,LDR:969,Distance:39.78
TEMT6000:26,LDR:968,Distance:39.86
TEMT6000:27,LDR:968,Distance:39.91
TEMT6000:26,LDR:968,Distance:39.92
TEMT6000:27,LDR:968,Distance:40.45
TEMT6000:26,LDR:967,Distance:40.26
TEMT6000:26,LDR:967,Distance:40.55
TEMT6000:27,LDR:969,Distance:40.10
TEMT6000:25,LDR:967,Distance:40.09
TEMT6000:27,LDR:968,Distance:40.34
TEMT6000:26,LDR:967,Distance:40.33
TEMT6000:26,LDR:968,Distance:40.84
TEMT6000:25,LDR:967,Distance:40.58
TEMT6000:26,LDR:967,Distance:40.18
TEMT6000:26,LDR:968,Distance:40.72
TEMT6000:27,LDR:967,Distance:40.62
TEMT6000:27,LDR:968,Distance:40.74
TEMT6000:26,LDR:967,Distance:41.64
TEMT6000:26,LDR:967,Distance:40.80
TEMT6000:26,LDR:967,Distance:41.32
TEMT6000:26,LDR:966,Distance:42.19
TEMT6000:26,LDR:966,Distance:41.59
TEMT6000:26,LDR:966,Distance:41.25
TEMT6000:25,LDR:967,Distance:41.77
TEMT6000:26,LDR:966,Distance:41.79
TEMT6000:25,LDR:967,Distance:41.33
TEMT6000:26,LDR:967,Distance:41.96
TEMT6000:25,LDR:967,Distance:42.00
TEMT6000:25,LDR:966,Distance:42.12
TEMT6000:26,LDR:966,Distance:41.90
TEMT6000:26,LDR:966,Distance:41.89
TEMT6000:26,LDR:965,Distance:42.45
TEMT6000:25,LDR:966,Distance:42.72
TEMT6000:25,LDR:966,Distance:42.78
TEMT6000:25,LDR:967,Distance:42.27
TEMT6000:26,LDR:965,Distance:43.52
TEMT6000:26,LDR:966,Distance:42.63
TEMT6000:25,LDR:966,Distance:42.92
TEMT6000:26,LDR:965,Distance:42.38
TEMT6000:26,LDR:965,Distance:42.59
TEMT6000:25,LDR:966,Distance:42.59
TEMT6000:25,LDR:967,Distance:43.04
TEMT6000:25,LDR:965,Distance:42.83
TEMT6000:26,LDR:964,Distance:43.22
TEMT6000:26,LDR:964,Distance:43.40
TEMT6000:26,LDR:964,Distance:42.94
TEMT6000:25,LDR:965,Distance:43.18
TEMT6000:25,LDR:965,Distance:43.57
TEMT6000:25,LDR:964,Distance:43.62
TEMT6000:23,LDR:965,Distance:43.99
TEMT6000:24,LDR:964,Distance:43.90
TEMT6000:23,LDR:965,Distance:43.35
TEMT6000:25,LDR:964,Distance:43.24
TEMT6000:26,LDR:964,Distance:43.78
TEMT6000:24,LDR:965,Distance:43.29
TEMT6000:25,LDR:965,Distance:43.33
TEMT6000:25,LDR:965,Distance:43.75
TEMT6000:23,LDR:965,Distance:43.73
TEMT6000:25,LDR:965,Distance:43.47
TEMT6000:25,LDR:966,Distance:43.39
TEMT6000:25,LDR:965,Distance:43.91
TEMT6000:25,LDR:964,Distance:44.07
TEMT6000:25,LDR:964,Distance:44.36
TEMT6000:24,LDR:963,Distance:43.79
TEMT6000:24,LDR:964,Distance:44.33
TEMT6000:24,LDR:964,Distance:44.21
TEMT6000:24,LDR:964,Distance:43.83
TEMT6000:25,LDR:965,Distance:44.78
TEMT6000:24,LDR:963,Distance:43.62
TEMT6000:24,LDR:962,Distance:44.07
TEMT6000:23,LDR:963,Distance:44.16
TEMT6000:25,LDR:964,Distance:44.37
TEMT6000:23,LDR:963,Distance:44.47
TEMT6000:25,LDR:964,Distance:44.36
TEMT6000:25,LDR:963,Distance:44.37
TEMT6000:24,LDR:964,Distance:44.96
TEMT6000:24,LDR:964,Distance:44.91
TEMT6000:24,LDR:962,Distance:44.73
TEMT6000:24,LDR:962,Distance:44.37
TEMT6000:24,LDR:963,Distance:44.86
TEMT6000:23,LDR:963,Distance:44.51
TEMT6000:24,LDR:962,Distance:44.71
TEMT6000:24,LDR:962,Distance:45.06
TEMT6000:23,LDR:962,Distance:45.22
TEMT6000:24,LDR:961,Distance:45.28
TEMT6000:24,LDR:961,Distance:45.06
TEMT6000:24,LDR:963,Distance:45.58
TEMT6000:22,LDR:960,Distance:45.38
TEMT6000:23,LDR:961,Distance:44.97
TEMT6000:24,LDR:962,Distance:44.85
TEMT6000:23,LDR:962,Distance:45.13
TEMT6000:24,LDR:961,Distance:45.17
TEMT6000:24,LDR:961,Distance:45.14
TEMT6000:24,LDR:961,Distance:45.98
TEMT6000:23,LDR:961,Distance:45.56
TEMT6000:22,LDR:962,Distance:45.07
TEMT6000:23,LDR:963,Distance:45.60
TEMT6000:22,LDR:962,Distance:45.21
TEMT6000:22,LDR:959,Distance:45.98
TEMT6000:23,LDR:960,Distance:45.44
TEMT6000:24,LDR:961,Distance:45.65
TEMT6000:24,LDR:960,Distance:45.87
TEMT6000:23,LDR:961,Distance:45.77
TEMT6000:23,LDR:961,Distance:45.64
TEMT6000:22,LDR:962,Distance:45.98
TEMT6000:22,LDR:961,Distance:45.76
TEMT6000:23,LDR:960,Distance:45.80
TEMT6000:24,LDR:961,Distance:46.02
TEMT6000:22,LDR:961,Distance:45.76
TEMT6000:23,LDR:960,Distance:46.10
TEMT6000:22,LDR:960,Distance:46.31
TEMT6000:23,LDR:959,Distance:45.96
TEMT6000:23,LDR:960,Distance:46.50
TEMT6000:23,LDR:960,Distance:46.19
TEMT6000:22,LDR:958,Distance:46.71
TEMT6000:24,LDR:960,Distance:46.37
TEMT6000:22,LDR:958,Distance:46.20
TEMT6000:24,LDR:960,Distance:46.11
TEMT6000:23,LDR:960,Distance:46.16
TEMT6000:23,LDR:960,Distance:46.49
TEMT6000:22,LDR:959,Distance:46.10
TEMT6000:24,LDR:960,Distance:46.16
TEMT6000:23,LDR:959,Distance:46.13
TEMT6000:22,LDR:959,Distance:46.62
TEMT6000:23,LDR:958,Distance:46.60
TEMT6000:22,LDR:959,Distance:46.40
TEMT6000:22,LDR:958,Distance:46.36
TEMT6000:23,LDR:958,Distance:46.32
TEMT6000:23,LDR:959,Distance:47.02
TEMT6000:24,LDR:959,Distance:46.95
TEMT6000:23,LDR:959,Distance:46.80
TEMT6000:22,LDR:958,Distance:47.07
TEMT6000:23,LDR:959,Distance:46.97
TEMT6000:22,LDR:960,Distance:47.55
TEMT6000:22,LDR:958,Distance:47.05
TEMT6000:22,LDR:959,Distance:47.35
TEMT6000:24,LDR:959,Distance:47.47
TEMT6000:22,LDR:958,Distance:46.89
TEMT6000:24,LDR:959,Distance:47.23
TEMT6000:22,LDR:958,Distance:47.15
TEMT6000:23,LDR:958,Distance:46.90
TEMT6000:23,LDR:958,Distance:46.91
TEMT6000:23,LDR:958,Distance:47.08
TEMT6000:23,LDR:959,Distance:46.95
TEMT6000:22,LDR:959,Distance:47.34
TEMT6000:22,LDR:958,Distance:47.37
TEMT6000:23,LDR:958,Distance:47.15
TEMT6000:23,LDR:957,Distance:46.98
TEMT6000:22,LDR:958,Distance:47.60
TEMT6000:22,LDR:956,Distance:47.46
TEMT6000:22,LDR:956,Distance:47.95
TEMT6000:24,LDR:958,Distance:48.17
TEMT6000:22,LDR:958,Distance:48.50
TEMT6000:23,LDR:958,Distance:48.59
TEMT6000:21,LDR:957,Distance:48.11
TEMT6000:23,LDR:958,Distance:48.38
TEMT6000:21,LDR:958,Distance:48.66
TEMT6000:22,LDR:956,Distance:48.27
TEMT6000:22,LDR:957,Distance:48.10
TEMT6000:22,LDR:958,Distance:48.14
TEMT6000:22,LDR:957,Distance:48.53
TEMT6000:23,LDR:957,Distance:48.90
TEMT6000:22,LDR:958,Distance:52.02
TEMT6000:21,LDR:957,Distance:51.99
TEMT6000:21,LDR:956,Distance:52.30
TEMT6000:22,LDR:956,Distance:51.71
TEMT6000:22,LDR:957,Distance:52.09
TEMT6000:22,LDR:956,Distance:51.43
TEMT6000:22,LDR:954,Distance:50.71
TEMT6000:22,LDR:956,Distance:49.94
TEMT6000:23,LDR:957,Distance:49.28
TEMT6000:21,LDR:956,Distance:48.75
TEMT6000:22,LDR:956,Distance:49.07
TEMT6000:22,LDR:956,Distance:48.45
TEMT6000:22,LDR:956,Distance:48.47
TEMT6000:21,LDR:956,Distance:48.35
TEMT6000:21,LDR:954,Distance:49.07
TEMT6000:22,LDR:956,Distance:49.40
TEMT6000:22,LDR:956,Distance:50.14
TEMT6000:22,LDR:955,Distance:51.10
TEMT6000:22,LDR:955,Distance:50.37
TEMT6000:21,LDR:954,Distance:50.48
TEMT6000:21,LDR:956,Distance:51.01
TEMT6000:22,LDR:956,Distance:50.26
TEMT6000:23,LDR:956,Distance:49.03
TEMT6000:21,LDR:955,Distance:48.36
TEMT6000:19,LDR:955,Distance:48.73
TEMT6000:21,LDR:955,Distance:48.57
TEMT6000:21,LDR:955,Distance:48.82
TEMT6000:21,LDR:955,Distance:48.91
TEMT6000:20,LDR:954,Distance:49.22
TEMT6000:20,LDR:954,Distance:50.27
TEMT6000:22,LDR:954,Distance:52.20
TEMT6000:20,LDR:952,Distance:51.58
TEMT6000:21,LDR:954,Distance:51.97
TEMT6000:21,LDR:955,Distance:51.97
TEMT6000:19,LDR:954,Distance:52.17
TEMT6000:21,LDR:954,Distance:50.48
TEMT6000:22,LDR:954,Distance:51.06
TEMT6000:21,LDR:955,Distance:51.83
TEMT6000:21,LDR:954,Distance:52.82
TEMT6000:21,LDR:955,Distance:84.03
TEMT6000:21,LDR:954,Distance:107.18
TEMT6000:20,LDR:954,Distance:240.49
TEMT6000:21,LDR:954,Distance:88.92
TEMT6000:20,LDR:953,Distance:54.99
TEMT6000:21,LDR:953,Distance:166.43
TEMT6000:21,LDR:954,Distance:83.01
TEMT6000:21,LDR:952,Distance:92.26
TEMT6000:19,LDR:954,Distance:87.48
TEMT6000:21,LDR:953,Distance:96.13
TEMT6000:20,LDR:952,Distance:88.34
TEMT6000:18,LDR:952,Distance:75.58
TEMT6000:19,LDR:955,Distance:101.04
TEMT6000:21,LDR:954,Distance:310.60
TEMT6000:20,LDR:953,Distance:126.89
TEMT6000:21,LDR:953,Distance:77.85
TEMT6000:20,LDR:950,Distance:74.32
TEMT6000:22,LDR:953,Distance:58.24
TEMT6000:20,LDR:952,Distance:58.08
TEMT6000:20,LDR:950,Distance:57.15
TEMT6000:20,LDR:952,Distance:57.86
TEMT6000:21,LDR:952,Distance:57.75
TEMT6000:21,LDR:952,Distance:58.03
TEMT6000:21,LDR:953,Distance:57.52
TEMT6000:19,LDR:951,Distance:58.21
TEMT6000:21,LDR:952,Distance:58.30
TEMT6000:19,LDR:951,Distance:57.82
TEMT6000:20,LDR:951,Distance:57.65
TEMT6000:19,LDR:951,Distance:58.75
TEMT6000:19,LDR:952,Distance:58.66
TEMT6000:19,LDR:951,Distance:58.24
TEMT6000:19,LDR:951,Distance:58.24
TEMT6000:21,LDR:951,Distance:58.64
TEMT6000:20,LDR:951,Distance:58.33
TEMT6000:19,LDR:952,Distance:58.58
TEMT6000:20,LDR:950,Distance:58.11
TEMT6000:20,LDR:949,Distance:58.14
TEMT6000:19,LDR:950,Distance:58.98
TEMT6000:20,LDR:950,Distance:58.29
TEMT6000:20,LDR:951,Distance:57.72
TEMT6000:19,LDR:950,Distance:58.16
TEMT6000:21,LDR:951,Distance:58.36
TEMT6000:20,LDR:950,Distance:58.20
TEMT6000:20,LDR:950,Distance:55.00
TEMT6000:21,LDR:951,Distance:57.00
TEMT6000:19,LDR:951,Distance:57.06
TEMT6000:20,LDR:950,Distance:59.00
TEMT6000:20,LDR:951,Distance:58.63
TEMT6000:19,LDR:951,Distance:58.55
TEMT6000:20,LDR:950,Distance:58.46
TEMT6000:19,LDR:950,Distance:58.46
TEMT6000:19,LDR:951,Distance:58.32
TEMT6000:19,LDR:951,Distance:58.60
TEMT6000:20,LDR:948,Distance:59.15
TEMT6000:20,LDR:950,Distance:58.34
TEMT6000:19,LDR:949,Distance:59.44
TEMT6000:20,LDR:950,Distance:58.85
TEMT6000:18,LDR:950,Distance:58.86
TEMT6000:19,LDR:950,Distance:58.86
TEMT6000:20,LDR:950,Distance:58.46
TEMT6000:20,LDR:950,Distance:58.63
TEMT6000:19,LDR:950,Distance:58.18
TEMT6000:19,LDR:950,Distance:55.20
TEMT6000:20,LDR:948,Distance:49.35
TEMT6000:19,LDR:950,Distance:49.10
TEMT6000:19,LDR:951,Distance:49.32
TEMT6000:20,LDR:950,Distance:49.99
TEMT6000:19,LDR:949,Distance:51.39
TEMT6000:18,LDR:950,Distance:59.74
TEMT6000:19,LDR:948,Distance:59.97
TEMT6000:18,LDR:948,Distance:59.54
TEMT6000:19,LDR:949,Distance:59.39
TEMT6000:20,LDR:949,Distance:59.15
TEMT6000:19,LDR:949,Distance:59.00
TEMT6000:20,LDR:949,Distance:59.11
TEMT6000:21,LDR:949,Distance:59.17
TEMT6000:21,LDR:949,Distance:59.99
TEMT6000:20,LDR:948,Distance:59.42
TEMT6000:20,LDR:948,Distance:59.39
TEMT6000:19,LDR:949,Distance:59.25
TEMT6000:20,LDR:948,Distance:57.13
TEMT6000:20,LDR:948,Distance:55.09
TEMT6000:19,LDR:950,Distance:51.70
TEMT6000:20,LDR:949,Distance:49.02
TEMT6000:18,LDR:948,Distance:48.75
TEMT6000:20,LDR:948,Distance:49.12
TEMT6000:19,LDR:948,Distance:49.30
TEMT6000:19,LDR:949,Distance:48.76
TEMT6000:20,LDR:948,Distance:48.72
TEMT6000:20,LDR:948,Distance:49.68
TEMT6000:18,LDR:948,Distance:49.34
TEMT6000:19,LDR:949,Distance:50.01
TEMT6000:19,LDR:949,Distance:49.84
TEMT6000:19,LDR:949,Distance:49.21
TEMT6000:20,LDR:949,Distance:52.21
TEMT6000:19,LDR:948,Distance:59.67
TEMT6000:17,LDR:949,Distance:59.18
TEMT6000:19,LDR:950,Distance:59.64
TEMT6000:18,LDR:946,Distance:59.40
TEMT6000:20,LDR:948,Distance:57.37
TEMT6000:19,LDR:948,Distance:49.43
TEMT6000:20,LDR:948,Distance:49.07
TEMT6000:19,LDR:948,Distance:49.05
TEMT6000:19,LDR:948,Distance:48.91
TEMT6000:18,LDR:946,Distance:49.77
TEMT6000:19,LDR:947,Distance:49.95
TEMT6000:20,LDR:947,Distance:49.43
TEMT6000:19,LDR:946,Distance:49.23
TEMT6000:19,LDR:948,Distance:50.58
TEMT6000:19,LDR:947,Distance:50.23
TEMT6000:18,LDR:948,Distance:58.85
TEMT6000:19,LDR:947,Distance:58.09
TEMT6000:19,LDR:947,Distance:60.25
TEMT6000:18,LDR:947,Distance:59.65
TEMT6000:19,LDR:947,Distance:60.45
TEMT6000:18,LDR:948,Distance:60.34
TEMT6000:20,LDR:946,Distance:59.76
TEMT6000:20,LDR:946,Distance:56.63
TEMT6000:20,LDR:947,Distance:50.65
TEMT6000:17,LDR:947,Distance:49.93
TEMT6000:19,LDR:947,Distance:50.45
TEMT6000:19,LDR:946,Distance:49.63
TEMT6000:18,LDR:946,Distance:50.34
TEMT6000:18,LDR:946,Distance:50.57
TEMT6000:18,LDR:944,Distance:76.89
TEMT6000:19,LDR:945,Distance:197.86
TEMT6000:18,LDR:946,Distance:66.93
TEMT6000:19,LDR:946,Distance:74.82
TEMT6000:19,LDR:946,Distance:51.93
TEMT6000:19,LDR:946,Distance:51.39
TEMT6000:19,LDR:946,Distance:50.16
TEMT6000:18,LDR:945,Distance:50.36
TEMT6000:17,LDR:946,Distance:50.81
TEMT6000:18,LDR:946,Distance:49.98
TEMT6000:18,LDR:945,Distance:50.50
TEMT6000:19,LDR:945,Distance:73.17
TEMT6000:18,LDR:944,Distance:133.14
TEMT6000:18,LDR:945,Distance:180.69
TEMT6000:18,LDR:945,Distance:190.75
TEMT6000:18,LDR:945,Distance:257.69
TEMT6000:16,LDR:945,Distance:87.17
TEMT6000:17,LDR:946,Distance:201.29
TEMT6000:18,LDR:945,Distance:201.44
TEMT6000:18,LDR:946,Distance:86.02
TEMT6000:18,LDR:945,Distance:51.53
TEMT6000:19,LDR:945,Distance:51.22
TEMT6000:18,LDR:944,Distance:50.26
TEMT6000:18,LDR:945,Distance:50.12
TEMT6000:18,LDR:946,Distance:50.31
TEMT6000:17,LDR:944,Distance:50.42
TEMT6000:18,LDR:944,Distance:50.36
TEMT6000:18,LDR:944,Distance:50.37
TEMT6000:17,LDR:944,Distance:50.86
TEMT6000:17,LDR:943,Distance:50.97
TEMT6000:18,LDR:944,Distance:51.43
TEMT6000:18,LDR:944,Distance:84.96
TEMT6000:19,LDR:946,Distance:109.97
TEMT6000:18,LDR:943,Distance:51.60
TEMT6000:17,LDR:944,Distance:51.47
TEMT6000:17,LDR:944,Distance:50.76
TEMT6000:18,LDR:944,Distance:50.33
TEMT6000:17,LDR:944,Distance:50.42
TEMT6000:18,LDR:943,Distance:50.29
TEMT6000:18,LDR:944,Distance:50.83
TEMT6000:17,LDR:944,Distance:50.61
TEMT6000:18,LDR:942,Distance:50.89
TEMT6000:18,LDR:943,Distance:51.61
TEMT6000:18,LDR:943,Distance:52.76
TEMT6000:17,LDR:942,Distance:52.88
TEMT6000:18,LDR:943,Distance:52.08
TEMT6000:18,LDR:943,Distance:51.56
TEMT6000:18,LDR:943,Distance:50.83
TEMT6000:17,LDR:942,Distance:51.04
TEMT6000:17,LDR:943,Distance:50.40
TEMT6000:18,LDR:941,Distance:50.83
TEMT6000:17,LDR:942,Distance:51.03
TEMT6000:17,LDR:943,Distance:51.76
TEMT6000:18,LDR:942,Distance:52.47
TEMT6000:18,LDR:942,Distance:53.02
TEMT6000:18,LDR:941,Distance:52.92
TEMT6000:17,LDR:941,Distance:52.44
TEMT6000:18,LDR:942,Distance:52.21
TEMT6000:17,LDR:939,Distance:51.97
TEMT6000:16,LDR:940,Distance:51.56
TEMT6000:18,LDR:942,Distance:51.31
TEMT6000:16,LDR:942,Distance:51.48
TEMT6000:18,LDR:942,Distance:51.23
TEMT6000:17,LDR:942,Distance:51.01
TEMT6000:17,LDR:941,Distance:51.00
TEMT6000:18,LDR:941,Distance:51.22
TEMT6000:18,LDR:942,Distance:50.98
TEMT6000:17,LDR:940,Distance:51.36
TEMT6000:17,LDR:940,Distance:51.56
TEMT6000:17,LDR:940,Distance:52.26
TEMT6000:18,LDR:940,Distance:52.71
TEMT6000:17,LDR:940,Distance:52.94
TEMT6000:17,LDR:940,Distance:52.66
TEMT6000:16,LDR:940,Distance:52.53
TEMT6000:18,LDR:940,Distance:51.64
TEMT6000:17,LDR:940,Distance:51.23
TEMT6000:17,LDR:940,Distance:51.23
TEMT6000:18,LDR:940,Distance:51.15
TEMT6000:17,LDR:941,Distance:51.32
TEMT6000:16,LDR:942,Distance:51.59
TEMT6000:17,LDR:940,Distance:51.18
TEMT6000:18,LDR:940,Distance:51.26
TEMT6000:17,LDR:940,Distance:51.05
TEMT6000:17,LDR:939,Distance:51.60
TEMT6000:17,LDR:940,Distance:51.98
TEMT6000:17,LDR:941,Distance:52.20
TEMT6000:16,LDR:938,Distance:52.54
TEMT6000:17,LDR:939,Distance:52.77
TEMT6000:16,LDR:939,Distance:52.55
TEMT6000:18,LDR:940,Distance:52.42
TEMT6000:17,LDR:939,Distance:52.47
TEMT6000:17,LDR:940,Distance:52.33
TEMT6000:18,LDR:940,Distance:52.20
TEMT6000:16,LDR:938,Distance:52.24
TEMT6000:17,LDR:940,Distance:51.69
TEMT6000:17,LDR:939,Distance:51.17
TEMT6000:17,LDR:939,Distance:51.54
TEMT6000:16,LDR:938,Distance:51.80
TEMT6000:16,LDR:940,Distance:51.70
TEMT6000:17,LDR:938,Distance:51.90
TEMT6000:17,LDR:939,Distance:52.32
TEMT6000:16,LDR:938,Distance:52.14
TEMT6000:16,LDR:940,Distance:51.88
TEMT6000:15,LDR:939,Distance:52.56
TEMT6000:15,LDR:938,Distance:52.33
TEMT6000:17,LDR:938,Distance:52.09
TEMT6000:17,LDR:939,Distance:52.18
TEMT6000:17,LDR:939,Distance:52.20
TEMT6000:15,LDR:938,Distance:52.87
TEMT6000:18,LDR:939,Distance:52.58
TEMT6000:17,LDR:939,Distance:52.29
TEMT6000:17,LDR:938,Distance:51.73
TEMT6000:18,LDR:939,Distance:51.45
TEMT6000:17,LDR:937,Distance:52.29
TEMT6000:16,LDR:938,Distance:52.68
TEMT6000:17,LDR:938,Distance:52.96
TEMT6000:16,LDR:935,Distance:53.25
TEMT6000:17,LDR:937,Distance:52.85
TEMT6000:15,LDR:938,Distance:52.73
TEMT6000:17,LDR:937,Distance:52.31
TEMT6000:16,LDR:936,Distance:52.41
TEMT6000:16,LDR:937,Distance:52.28
TEMT6000:16,LDR:936,Distance:51.96
TEMT6000:16,LDR:937,Distance:51.62
TEMT6000:15,LDR:937,Distance:51.71
TEMT6000:17,LDR:937,Distance:52.23
TEMT6000:16,LDR:937,Distance:51.59
TEMT6000:17,LDR:937,Distance:52.14
TEMT6000:16,LDR:935,Distance:51.81
TEMT6000:17,LDR:937,Distance:52.52
TEMT6000:17,LDR:936,Distance:52.08
TEMT6000:16,LDR:938,Distance:52.46
TEMT6000:17,LDR:936,Distance:52.65
TEMT6000:16,LDR:936,Distance:53.20
TEMT6000:17,LDR:937,Distance:53.15
TEMT6000:15,LDR:936,Distance:52.92
TEMT6000:16,LDR:936,Distance:53.34
TEMT6000:16,LDR:936,Distance:53.47
TEMT6000:16,LDR:938,Distance:52.96
TEMT6000:17,LDR:936,Distance:52.41
TEMT6000:15,LDR:935,Distance:52.04
TEMT6000:16,LDR:936,Distance:52.42
TEMT6000:16,LDR:936,Distance:51.67
TEMT6000:16,LDR:934,Distance:52.13
TEMT6000:17,LDR:936,Distance:52.16
TEMT6000:16,LDR:934,Distance:52.37
TEMT6000:16,LDR:937,Distance:52.28
TEMT6000:17,LDR:936,Distance:53.06
TEMT6000:17,LDR:936,Distance:52.90
TEMT6000:16,LDR:935,Distance:52.82
TEMT6000:17,LDR:935,Distance:52.90
TEMT6000:16,LDR:935,Distance:52.98
TEMT6000:16,LDR:937,Distance:53.10
TEMT6000:16,LDR:935,Distance:53.48
TEMT6000:16,LDR:933,Distance:53.79
TEMT6000:15,LDR:936,Distance:53.53
TEMT6000:17,LDR:936,Distance:53.47
TEMT6000:16,LDR:935,Distance:53.29
TEMT6000:16,LDR:935,Distance:52.99
TEMT6000:15,LDR:935,Distance:52.94
TEMT6000:15,LDR:934,Distance:52.36
TEMT6000:16,LDR:935,Distance:52.36
TEMT6000:16,LDR:934,Distance:52.21
TEMT6000:16,LDR:933,Distance:51.92
TEMT6000:16,LDR:934,Distance:51.92
TEMT6000:16,LDR:934,Distance:52.18
TEMT6000:16,LDR:934,Distance:52.47
TEMT6000:16,LDR:935,Distance:52.30
TEMT6000:15,LDR:934,Distance:52.36
TEMT6000:15,LDR:934,Distance:52.99
TEMT6000:16,LDR:934,Distance:53.32
TEMT6000:17,LDR:935,Distance:53.32
TEMT6000:15,LDR:934,Distance:52.77
TEMT6000:15,LDR:932,Distance:52.77
TEMT6000:15,LDR:934,Distance:53.48
TEMT6000:17,LDR:934,Distance:52.81
TEMT6000:16,LDR:934,Distance:52.29
TEMT6000:16,LDR:932,Distance:52.58
TEMT6000:16,LDR:932,Distance:53.25
TEMT6000:16,LDR:934,Distance:53.56
TEMT6000:16,LDR:934,Distance:53.49
TEMT6000:15,LDR:933,Distance:53.77
TEMT6000:15,LDR:932,Distance:53.79
TEMT6000:15,LDR:932,Distance:53.48
TEMT6000:16,LDR:933,Distance:53.15
TEMT6000:16,LDR:932,Distance:53.30
TEMT6000:15,LDR:932,Distance:53.59
TEMT6000:15,LDR:934,Distance:53.24
TEMT6000:14,LDR:932,Distance:53.04
TEMT6000:15,LDR:934,Distance:52.84
TEMT6000:16,LDR:932,Distance:53.31
TEMT6000:15,LDR:932,Distance:53.13
TEMT6000:16,LDR:932,Distance:52.81
TEMT6000:16,LDR:932,Distance:52.92
TEMT6000:15,LDR:932,Distance:53.57
TEMT6000:15,LDR:930,Distance:53.84
TEMT6000:16,LDR:932,Distance:54.24
TEMT6000:16,LDR:932,Distance:53.59
TEMT6000:16,LDR:932,Distance:53.53
TEMT6000:16,LDR:932,Distance:54.21
TEMT6000:16,LDR:931,Distance:53.21
TEMT6000:15,LDR:932,Distance:53.61
TEMT6000:15,LDR:931,Distance:53.44
TEMT6000:16,LDR:931,Distance:53.07
TEMT6000:16,LDR:932,Distance:53.43
TEMT6000:15,LDR:931,Distance:53.33
TEMT6000:15,LDR:930,Distance:53.55
TEMT6000:16,LDR:931,Distance:54.30
TEMT6000:15,LDR:930,Distance:54.28
TEMT6000:15,LDR:932,Distance:54.57
TEMT6000:15,LDR:931,Distance:53.90
TEMT6000:15,LDR:931,Distance:54.29
TEMT6000:16,LDR:931,Distance:53.99
TEMT6000:16,LDR:930,Distance:53.70
TEMT6000:15,LDR:930,Distance:53.58
TEMT6000:16,LDR:930,Distance:53.85
TEMT6000:15,LDR:929,Distance:53.73
TEMT6000:14,LDR:930,Distance:54.44
TEMT6000:15,LDR:931,Distance:54.61
TEMT6000:15,LDR:929,Distance:54.55
TEMT6000:15,LDR:931,Distance:54.17
TEMT6000:15,LDR:930,Distance:54.26
TEMT6000:15,LDR:930,Distance:53.90
TEMT6000:14,LDR:928,Distance:53.82
TEMT6000:15,LDR:929,Distance:53.95
TEMT6000:15,LDR:929,Distance:54.57
TEMT6000:15,LDR:929,Distance:54.61
TEMT6000:15,LDR:928,Distance:54.59
TEMT6000:16,LDR:930,Distance:54.74
TEMT6000:15,LDR:928,Distance:54.62
TEMT6000:16,LDR:929,Distance:54.81
TEMT6000:16,LDR:928,Distance:54.61
TEMT6000:14,LDR:928,Distance:54.43
TEMT6000:13,LDR:928,Distance:54.36
TEMT6000:14,LDR:928,Distance:54.35
TEMT6000:15,LDR:930,Distance:54.48
TEMT6000:15,LDR:928,Distance:54.51
TEMT6000:15,LDR:929,Distance:54.38
TEMT6000:15,LDR:928,Distance:55.03
TEMT6000:16,LDR:928,Distance:54.93
TEMT6000:14,LDR:928,Distance:54.74
TEMT6000:14,LDR:927,Distance:54.90
TEMT6000:15,LDR:928,Distance:54.61
TEMT6000:15,LDR:927,Distance:54.40
TEMT6000:14,LDR:926,Distance:54.95
TEMT6000:14,LDR:926,Distance:54.53
TEMT6000:15,LDR:927,Distance:54.80
TEMT6000:14,LDR:928,Distance:54.93
TEMT6000:14,LDR:926,Distance:55.55
TEMT6000:14,LDR:926,Distance:55.38
TEMT6000:15,LDR:927,Distance:55.23
TEMT6000:14,LDR:926,Distance:55.27
TEMT6000:14,LDR:926,Distance:55.35
TEMT6000:15,LDR:926,Distance:55.41
TEMT6000:14,LDR:926,Distance:55.76
TEMT6000:15,LDR:926,Distance:56.09
TEMT6000:15,LDR:925,Distance:56.00
TEMT6000:14,LDR:927,Distance:56.02
TEMT6000:13,LDR:926,Distance:55.55
TEMT6000:13,LDR:927,Distance:55.78
TEMT6000:13,LDR:926,Distance:55.99
TEMT6000:15,LDR:926,Distance:55.42
TEMT6000:14,LDR:925,Distance:55.46
TEMT6000:14,LDR:924,Distance:55.48
TEMT6000:14,LDR:924,Distance:55.47
TEMT6000:18,LDR:924,Distance:56.07
TEMT6000:15,LDR:924,Distance:56.13
TEMT6000:14,LDR:924,Distance:55.98
TEMT6000:14,LDR:924,Distance:56.16
TEMT6000:13,LDR:923,Distance:56.34
TEMT6000:15,LDR:924,Distance:56.08
TEMT6000:15,LDR:923,Distance:55.73
TEMT6000:14,LDR:922,Distance:56.13
TEMT6000:13,LDR:924,Distance:56.38
TEMT6000:15,LDR:923,Distance:56.90
TEMT6000:13,LDR:923,Distance:56.86
TEMT6000:14,LDR:923,Distance:56.47
TEMT6000:13,LDR:923,Distance:56.56
TEMT6000:14,LDR:922,Distance:56.58
TEMT6000:13,LDR:923,Distance:56.70
TEMT6000:15,LDR:923,Distance:57.06
TEMT6000:14,LDR:922,Distance:57.24
TEMT6000:14,LDR:921,Distance:57.04
TEMT6000:13,LDR:922,Distance:56.62
TEMT6000:13,LDR:923,Distance:56.91
TEMT6000:14,LDR:922,Distance:57.35
TEMT6000:14,LDR:921,Distance:57.11
TEMT6000:14,LDR:922,Distance:56.89
TEMT6000:14,LDR:922,Distance:56.82
TEMT6000:14,LDR:921,Distance:56.98
TEMT6000:14,LDR:922,Distance:57.25
TEMT6000:14,LDR:921,Distance:56.78
TEMT6000:14,LDR:921,Distance:57.41
TEMT6000:14,LDR:920,Distance:57.42
TEMT6000:14,LDR:922,Distance:57.70
TEMT6000:15,LDR:921,Distance:57.49
TEMT6000:13,LDR:920,Distance:57.60
TEMT6000:15,LDR:920,Distance:57.28
TEMT6000:11,LDR:921,Distance:57.20
TEMT6000:14,LDR:920,Distance:57.43
TEMT6000:14,LDR:920,Distance:57.26
TEMT6000:15,LDR:919,Distance:57.12
TEMT6000:15,LDR:922,Distance:57.26
TEMT6000:14,LDR:920,Distance:57.29
TEMT6000:14,LDR:920,Distance:57.35
TEMT6000:13,LDR:919,Distance:57.35
TEMT6000:14,LDR:920,Distance:57.18
TEMT6000:13,LDR:921,Distance:57.27
TEMT6000:14,LDR:922,Distance:56.90
TEMT6000:14,LDR:919,Distance:57.31
TEMT6000:15,LDR:920,Distance:57.44
TEMT6000:14,LDR:920,Distance:57.68
TEMT6000:13,LDR:920,Distance:57.59
TEMT6000:14,LDR:920,Distance:57.12
TEMT6000:14,LDR:920,Distance:57.02
TEMT6000:13,LDR:921,Distance:57.20
TEMT6000:15,LDR:920,Distance:57.14
TEMT6000:14,LDR:920,Distance:57.97
TEMT6000:13,LDR:921,Distance:57.42
TEMT6000:12,LDR:920,Distance:57.40
TEMT6000:14,LDR:919,Distance:57.24
TEMT6000:14,LDR:920,Distance:57.42
TEMT6000:14,LDR:921,Distance:57.42
TEMT6000:15,LDR:921,Distance:57.40
TEMT6000:14,LDR:920,Distance:57.60
TEMT6000:15,LDR:921,Distance:57.48
TEMT6000:14,LDR:920,Distance:57.40
TEMT6000:14,LDR:920,Distance:57.66
TEMT6000:13,LDR:919,Distance:57.48
TEMT6000:13,LDR:920,Distance:58.19
TEMT6000:14,LDR:920,Distance:58.12
TEMT6000:14,LDR:919,Distance:57.70
TEMT6000:14,LDR:920,Distance:57.46
TEMT6000:13,LDR:919,Distance:57.54
TEMT6000:13,LDR:919,Distance:57.46
TEMT6000:14,LDR:920,Distance:57.53
TEMT6000:14,LDR:920,Distance:57.73
TEMT6000:14,LDR:920,Distance:57.56
TEMT6000:14,LDR:920,Distance:57.72
TEMT6000:14,LDR:920,Distance:57.55
TEMT6000:14,LDR:920,Distance:57.87
TEMT6000:14,LDR:918,Distance:57.64
TEMT6000:12,LDR:919,Distance:57.39
TEMT6000:13,LDR:920,Distance:57.67
TEMT6000:14,LDR:919,Distance:57.60
TEMT6000:13,LDR:920,Distance:57.36
TEMT6000:14,LDR:918,Distance:57.32
TEMT6000:14,LDR:919,Distance:57.27
TEMT6000:13,LDR:919,Distance:57.34
TEMT6000:14,LDR:920,Distance:57.37
TEMT6000:14,LDR:918,Distance:57.62
TEMT6000:14,LDR:919,Distance:57.80
TEMT6000:14,LDR:918,Distance:57.58
TEMT6000:14,LDR:918,Distance:57.57
TEMT6000:13,LDR:918,Distance:57.46
TEMT6000:14,LDR:919,Distance:57.55
TEMT6000:13,LDR:918,Distance:58.05
TEMT6000:14,LDR:920,Distance:57.93
TEMT6000:13,LDR:919,Distance:57.72
TEMT6000:13,LDR:919,Distance:58.20
TEMT6000:14,LDR:917,Distance:58.05
TEMT6000:13,LDR:918,Distance:57.85
TEMT6000:14,LDR:917,Distance:57.75
TEMT6000:14,LDR:916,Distance:58.52
TEMT6000:14,LDR:918,Distance:58.28
TEMT6000:13,LDR:917,Distance:58.38
TEMT6000:13,LDR:917,Distance:58.27
TEMT6000:14,LDR:916,Distance:58.16
TEMT6000:14,LDR:916,Distance:58.19
TEMT6000:12,LDR:916,Distance:58.52
TEMT6000:14,LDR:916,Distance:58.58
TEMT6000:12,LDR:916,Distance:58.68
TEMT6000:13,LDR:917,Distance:58.59
TEMT6000:13,LDR:917,Distance:58.64
TEMT6000:13,LDR:916,Distance:58.43
TEMT6000:13,LDR:915,Distance:59.03
TEMT6000:14,LDR:913,Distance:58.54
TEMT6000:13,LDR:916,Distance:59.00
TEMT6000:13,LDR:915,Distance:58.97
TEMT6000:12,LDR:916,Distance:59.08
TEMT6000:13,LDR:915,Distance:59.10
TEMT6000:12,LDR:914,Distance:58.88
TEMT6000:13,LDR:915,Distance:58.94
TEMT6000:13,LDR:915,Distance:58.95
TEMT6000:13,LDR:915,Distance:59.17
TEMT6000:13,LDR:914,Distance:59.07
TEMT6000:13,LDR:915,Distance:59.67
TEMT6000:15,LDR:914,Distance:59.21
TEMT6000:11,LDR:914,Distance:59.30
TEMT6000:12,LDR:914,Distance:59.50
TEMT6000:13,LDR:914,Distance:59.74
TEMT6000:13,LDR:914,Distance:59.16
TEMT6000:11,LDR:914,Distance:59.34
TEMT6000:13,LDR:913,Distance:59.36
TEMT6000:14,LDR:912,Distance:59.34
TEMT6000:13,LDR:913,Distance:59.72
TEMT6000:13,LDR:914,Distance:59.40
TEMT6000:13,LDR:912,Distance:59.98
TEMT6000:11,LDR:913,Distance:59.45
TEMT6000:12,LDR:912,Distance:59.65
TEMT6000:13,LDR:912,Distance:59.93
TEMT6000:13,LDR:912,Distance:59.68
TEMT6000:13,LDR:913,Distance:59.69
TEMT6000:12,LDR:912,Distance:59.65
TEMT6000:11,LDR:912,Distance:59.79
TEMT6000:13,LDR:912,Distance:60.05
TEMT6000:13,LDR:913,Distance:60.00
TEMT6000:11,LDR:911,Distance:59.83
TEMT6000:12,LDR:910,Distance:60.05
TEMT6000:12,LDR:912,Distance:60.18
TEMT6000:13,LDR:911,Distance:60.18
TEMT6000:13,LDR:911,Distance:59.97
TEMT6000:13,LDR:912,Distance:60.09
TEMT6000:12,LDR:910,Distance:60.30
TEMT6000:11,LDR:911,Distance:60.17
TEMT6000:14,LDR:911,Distance:60.14
TEMT6000:11,LDR:910,Distance:60.26
TEMT6000:13,LDR:910,Distance:60.31
TEMT6000:13,LDR:911,Distance:60.46
TEMT6000:13,LDR:910,Distance:60.39
TEMT6000:12,LDR:910,Distance:60.43
TEMT6000:12,LDR:910,Distance:60.68
TEMT6000:13,LDR:910,Distance:60.74
TEMT6000:12,LDR:909,Distance:60.47
TEMT6000:11,LDR:910,Distance:61.05
TEMT6000:13,LDR:909,Distance:60.78
TEMT6000:12,LDR:908,Distance:60.87
TEMT6000:13,LDR:908,Distance:61.03
TEMT6000:12,LDR:907,Distance:61.02
TEMT6000:12,LDR:908,Distance:60.80
TEMT6000:13,LDR:909,Distance:61.05
TEMT6000:12,LDR:908,Distance:60.93
TEMT6000:11,LDR:909,Distance:61.11
TEMT6000:12,LDR:906,Distance:60.99
TEMT6000:12,LDR:908,Distance:61.63
TEMT6000:11,LDR:906,Distance:61.53
TEMT6000:12,LDR:908,Distance:61.68
TEMT6000:13,LDR:907,Distance:61.51
TEMT6000:12,LDR:906,Distance:61.43
TEMT6000:12,LDR:907,Distance:61.50
TEMT6000:12,LDR:907,Distance:61.24
TEMT6000:13,LDR:907,Distance:61.42
TEMT6000:11,LDR:907,Distance:61.47
TEMT6000:11,LDR:907,Distance:61.67
TEMT6000:11,LDR:906,Distance:61.96
TEMT6000:12,LDR:906,Distance:62.05
TEMT6000:12,LDR:907,Distance:62.02
TEMT6000:13,LDR:906,Distance:61.94
TEMT6000:13,LDR:906,Distance:62.27
TEMT6000:12,LDR:906,Distance:61.77
TEMT6000:12,LDR:906,Distance:61.99
TEMT6000:12,LDR:905,Distance:62.21
TEMT6000:12,LDR:904,Distance:62.41
TEMT6000:12,LDR:904,Distance:62.47
TEMT6000:12,LDR:903,Distance:62.56
TEMT6000:11,LDR:904,Distance:62.39
TEMT6000:13,LDR:904,Distance:62.52
TEMT6000:12,LDR:905,Distance:62.23
TEMT6000:12,LDR:904,Distance:62.26
TEMT6000:11,LDR:903,Distance:62.48
TEMT6000:12,LDR:905,Distance:63.03
TEMT6000:12,LDR:905,Distance:62.78
TEMT6000:12,LDR:903,Distance:62.86
TEMT6000:13,LDR:903,Distance:62.75
TEMT6000:12,LDR:903,Distance:62.79
TEMT6000:12,LDR:903,Distance:62.79
TEMT6000:12,LDR:903,Distance:63.16
TEMT6000:12,LDR:903,Distance:63.51
TEMT6000:12,LDR:902,Distance:63.64
TEMT6000:12,LDR:902,Distance:63.23
TEMT6000:11,LDR:902,Distance:63.29
TEMT6000:11,LDR:902,Distance:63.33
TEMT6000:12,LDR:902,Distance:63.19
TEMT6000:11,LDR:902,Distance:63.25
TEMT6000:12,LDR:902,Distance:63.74
TEMT6000:12,LDR:901,Distance:63.41
TEMT6000:12,LDR:902,Distance:63.76
TEMT6000:11,LDR:900,Distance:63.89
TEMT6000:12,LDR:900,Distance:63.66
TEMT6000:11,LDR:899,Distance:63.90
TEMT6000:12,LDR:902,Distance:63.58
TEMT6000:12,LDR:901,Distance:63.69
TEMT6000:12,LDR:898,Distance:63.64
TEMT6000:11,LDR:900,Distance:63.58
TEMT6000:12,LDR:900,Distance:64.13
TEMT6000:12,LDR:900,Distance:64.01
TEMT6000:12,LDR:900,Distance:64.19
TEMT6000:12,LDR:900,Distance:64.32
TEMT6000:13,LDR:899,Distance:64.19
TEMT6000:11,LDR:898,Distance:64.52
TEMT6000:13,LDR:900,Distance:64.48
TEMT6000:11,LDR:898,Distance:64.68
TEMT6000:11,LDR:898,Distance:64.90
TEMT6000:11,LDR:898,Distance:64.73
TEMT6000:11,LDR:898,Distance:64.62
TEMT6000:12,LDR:899,Distance:64.41
TEMT6000:12,LDR:898,Distance:65.07
TEMT6000:12,LDR:899,Distance:64.31
TEMT6000:11,LDR:898,Distance:64.58
TEMT6000:12,LDR:897,Distance:64.79
TEMT6000:13,LDR:899,Distance:64.83
TEMT6000:11,LDR:898,Distance:65.13
TEMT6000:12,LDR:898,Distance:65.18
TEMT6000:12,LDR:898,Distance:65.06
TEMT6000:11,LDR:897,Distance:65.12
TEMT6000:11,LDR:896,Distance:65.30
TEMT6000:11,LDR:898,Distance:64.85
TEMT6000:11,LDR:897,Distance:64.68
TEMT6000:12,LDR:897,Distance:65.14
TEMT6000:13,LDR:897,Distance:65.09
TEMT6000:12,LDR:897,Distance:65.05
TEMT6000:11,LDR:898,Distance:65.19
TEMT6000:12,LDR:896,Distance:65.36
TEMT6000:11,LDR:896,Distance:65.50
TEMT6000:12,LDR:896,Distance:65.39
TEMT6000:12,LDR:896,Distance:65.62
TEMT6000:11,LDR:895,Distance:65.42
TEMT6000:12,LDR:896,Distance:65.53
TEMT6000:12,LDR:896,Distance:65.88
TEMT6000:11,LDR:894,Distance:65.15
TEMT6000:11,LDR:896,Distance:65.75
TEMT6000:12,LDR:896,Distance:65.48
TEMT6000:12,LDR:896,Distance:65.66
TEMT6000:11,LDR:894,Distance:65.91
TEMT6000:10,LDR:894,Distance:66.09
TEMT6000:12,LDR:895,Distance:66.11
TEMT6000:11,LDR:895,Distance:65.98
TEMT6000:10,LDR:894,Distance:65.88
TEMT6000:12,LDR:895,Distance:65.83
TEMT6000:11,LDR:894,Distance:66.21
TEMT6000:10,LDR:894,Distance:66.12
TEMT6000:11,LDR:895,Distance:66.37
TEMT6000:10,LDR:894,Distance:66.55
TEMT6000:11,LDR:894,Distance:66.46
TEMT6000:11,LDR:894,Distance:66.22
TEMT6000:10,LDR:891,Distance:66.65
TEMT6000:11,LDR:894,Distance:66.30
TEMT6000:11,LDR:894,Distance:66.53
TEMT6000:11,LDR:894,Distance:66.73
TEMT6000:11,LDR:892,Distance:66.75
TEMT6000:10,LDR:892,Distance:66.67
TEMT6000:12,LDR:892,Distance:66.86
TEMT6000:10,LDR:892,Distance:67.07
TEMT6000:11,LDR:892,Distance:66.90
TEMT6000:11,LDR:892,Distance:66.80
TEMT6000:12,LDR:891,Distance:66.98
TEMT6000:10,LDR:892,Distance:66.92
TEMT6000:10,LDR:890,Distance:67.02
TEMT6000:11,LDR:892,Distance:66.69
TEMT6000:11,LDR:891,Distance:66.78
TEMT6000:11,LDR:891,Distance:66.69
TEMT6000:10,LDR:891,Distance:66.58
TEMT6000:9,LDR:891,Distance:67.05
TEMT6000:11,LDR:892,Distance:67.00
TEMT6000:11,LDR:891,Distance:67.52
TEMT6000:11,LDR:891,Distance:66.96
TEMT6000:12,LDR:891,Distance:67.49
TEMT6000:11,LDR:892,Distance:67.02
TEMT6000:12,LDR:891,Distance:67.38
TEMT6000:11,LDR:890,Distance:67.40
TEMT6000:12,LDR:890,Distance:67.30
TEMT6000:11,LDR:890,Distance:67.17
TEMT6000:11,LDR:891,Distance:67.32
TEMT6000:10,LDR:890,Distance:67.47
TEMT6000:10,LDR:889,Distance:67.44
TEMT6000:10,LDR:890,Distance:67.75
TEMT6000:11,LDR:891,Distance:67.45
TEMT6000:10,LDR:890,Distance:67.50
TEMT6000:11,LDR:891,Distance:67.81
TEMT6000:11,LDR:890,Distance:67.93
TEMT6000:10,LDR:889,Distance:67.49
TEMT6000:10,LDR:889,Distance:67.65
TEMT6000:10,LDR:890,Distance:67.47
TEMT6000:12,LDR:889,Distance:67.70
TEMT6000:12,LDR:890,Distance:68.07
TEMT6000:11,LDR:889,Distance:68.13
TEMT6000:10,LDR:888,Distance:68.19
TEMT6000:11,LDR:888,Distance:68.12
TEMT6000:10,LDR:888,Distance:68.35
TEMT6000:10,LDR:887,Distance:68.10
TEMT6000:10,LDR:887,Distance:68.26
TEMT6000:10,LDR:886,Distance:68.28
TEMT6000:10,LDR:886,Distance:68.53
TEMT6000:11,LDR:887,Distance:68.53
TEMT6000:11,LDR:887,Distance:68.79
TEMT6000:11,LDR:886,Distance:68.48
TEMT6000:11,LDR:887,Distance:68.49
TEMT6000:11,LDR:886,Distance:68.70
TEMT6000:10,LDR:886,Distance:68.66
TEMT6000:10,LDR:887,Distance:68.62
TEMT6000:10,LDR:885,Distance:68.99
TEMT6000:11,LDR:887,Distance:68.68
TEMT6000:12,LDR:886,Distance:69.15
TEMT6000:11,LDR:886,Distance:69.14
TEMT6000:10,LDR:885,Distance:69.09
TEMT6000:11,LDR:886,Distance:69.25
TEMT6000:11,LDR:886,Distance:69.02
TEMT6000:11,LDR:885,Distance:69.25
TEMT6000:11,LDR:884,Distance:69.41
TEMT6000:11,LDR:884,Distance:69.45
TEMT6000:11,LDR:884,Distance:69.57
TEMT6000:10,LDR:885,Distance:69.75
TEMT6000:11,LDR:884,Distance:69.60
TEMT6000:10,LDR:884,Distance:69.74
TEMT6000:11,LDR:884,Distance:69.60
TEMT6000:10,LDR:882,Distance:69.54
TEMT6000:10,LDR:884,Distance:70.04
TEMT6000:9,LDR:883,Distance:70.00
TEMT6000:11,LDR:882,Distance:70.24
TEMT6000:10,LDR:883,Distance:69.95
TEMT6000:9,LDR:883,Distance:69.79
TEMT6000:10,LDR:882,Distance:69.91
TEMT6000:10,LDR:882,Distance:70.22
TEMT6000:10,LDR:882,Distance:70.27
TEMT6000:10,LDR:882,Distance:70.58
TEMT6000:10,LDR:882,Distance:70.38
TEMT6000:9,LDR:882,Distance:70.44
TEMT6000:10,LDR:882,Distance:70.87
TEMT6000:10,LDR:880,Distance:70.20
TEMT6000:10,LDR:880,Distance:70.20
TEMT6000:11,LDR:881,Distance:70.64
TEMT6000:11,LDR:881,Distance:71.02
TEMT6000:11,LDR:881,Distance:70.93
TEMT6000:10,LDR:880,Distance:70.60
TEMT6000:11,LDR:881,Distance:70.45
TEMT6000:11,LDR:880,Distance:70.64
TEMT6000:10,LDR:878,Distance:70.80
TEMT6000:10,LDR:880,Distance:71.10
TEMT6000:10,LDR:879,Distance:71.08
TEMT6000:10,LDR:879,Distance:71.21
TEMT6000:10,LDR:880,Distance:70.88
TEMT6000:10,LDR:880,Distance:70.93
TEMT6000:10,LDR:879,Distance:70.96
TEMT6000:10,LDR:880,Distance:71.17
TEMT6000:10,LDR:879,Distance:71.11
TEMT6000:10,LDR:879,Distance:71.17
TEMT6000:10,LDR:879,Distance:71.23
TEMT6000:10,LDR:878,Distance:71.20
TEMT6000:11,LDR:878,Distance:71.21
TEMT6000:11,LDR:878,Distance:71.59
TEMT6000:11,LDR:879,Distance:71.66
TEMT6000:9,LDR:879,Distance:71.72
TEMT6000:9,LDR:878,Distance:71.47
TEMT6000:9,LDR:877,Distance:71.49
TEMT6000:9,LDR:879,Distance:71.70
TEMT6000:10,LDR:878,Distance:71.71
TEMT6000:9,LDR:877,Distance:71.75
TEMT6000:11,LDR:878,Distance:71.82
TEMT6000:10,LDR:879,Distance:71.85
TEMT6000:10,LDR:877,Distance:72.07
TEMT6000:9,LDR:877,Distance:72.09
TEMT6000:9,LDR:876,Distance:72.18
TEMT6000:10,LDR:876,Distance:71.96
TEMT6000:9,LDR:877,Distance:71.99
TEMT6000:10,LDR:877,Distance:72.28
TEMT6000:10,LDR:878,Distance:72.24
TEMT6000:10,LDR:876,Distance:72.07
TEMT6000:9,LDR:875,Distance:72.02
TEMT6000:9,LDR:876,Distance:72.36
TEMT6000:9,LDR:875,Distance:72.34
TEMT6000:11,LDR:875,Distance:72.40
TEMT6000:10,LDR:875,Distance:72.22
TEMT6000:9,LDR:874,Distance:72.12
TEMT6000:10,LDR:874,Distance:72.58
TEMT6000:10,LDR:874,Distance:72.54
TEMT6000:9,LDR:875,Distance:72.13
TEMT6000:11,LDR:874,Distance:72.62
TEMT6000:10,LDR:872,Distance:72.41
TEMT6000:10,LDR:875,Distance:72.56
TEMT6000:10,LDR:875,Distance:72.75
TEMT6000:10,LDR:874,Distance:72.91
TEMT6000:11,LDR:874,Distance:72.92
TEMT6000:9,LDR:874,Distance:72.91
TEMT6000:10,LDR:874,Distance:73.10
TEMT6000:10,LDR:874,Distance:72.86
TEMT6000:9,LDR:873,Distance:72.74
TEMT6000:10,LDR:874,Distance:73.03
TEMT6000:9,LDR:873,Distance:73.34
TEMT6000:10,LDR:874,Distance:73.36
TEMT6000:9,LDR:873,Distance:73.48
TEMT6000:9,LDR:872,Distance:73.17
TEMT6000:9,LDR:872,Distance:73.59
TEMT6000:10,LDR:872,Distance:73.41
TEMT6000:9,LDR:873,Distance:73.92
TEMT6000:10,LDR:870,Distance:73.62
TEMT6000:9,LDR:871,Distance:73.44
TEMT6000:8,LDR:871,Distance:73.49
TEMT6000:10,LDR:870,Distance:73.52
TEMT6000:9,LDR:872,Distance:74.09
TEMT6000:9,LDR:871,Distance:74.08
TEMT6000:9,LDR:871,Distance:74.14
TEMT6000:11,LDR:870,Distance:74.37
TEMT6000:9,LDR:870,Distance:74.18
TEMT6000:8,LDR:871,Distance:74.51
TEMT6000:10,LDR:869,Distance:73.75
TEMT6000:9,LDR:871,Distance:73.99
TEMT6000:10,LDR:868,Distance:74.09
TEMT6000:9,LDR:870,Distance:74.22
TEMT6000:9,LDR:869,Distance:74.62
TEMT6000:9,LDR:869,Distance:74.33
TEMT6000:9,LDR:870,Distance:74.60
TEMT6000:8,LDR:869,Distance:75.09
TEMT6000:9,LDR:868,Distance:74.96
TEMT6000:9,LDR:869,Distance:74.56
TEMT6000:10,LDR:869,Distance:74.84
TEMT6000:10,LDR:868,Distance:74.66
TEMT6000:9,LDR:869,Distance:74.67
TEMT6000:9,LDR:869,Distance:74.91
TEMT6000:11,LDR:869,Distance:74.41
TEMT6000:10,LDR:869,Distance:74.65
TEMT6000:9,LDR:869,Distance:74.63
TEMT6000:8,LDR:869,Distance:74.60
TEMT6000:8,LDR:868,Distance:74.41
TEMT6000:9,LDR:867,Distance:74.88
TEMT6000:8,LDR:865,Distance:74.56
TEMT6000:11,LDR:867,Distance:75.12
TEMT6000:9,LDR:867,Distance:74.97
TEMT6000:9,LDR:868,Distance:75.06
TEMT6000:9,LDR:867,Distance:75.21
TEMT6000:10,LDR:868,Distance:75.66
TEMT6000:9,LDR:866,Distance:74.98
TEMT6000:9,LDR:868,Distance:75.08
TEMT6000:9,LDR:867,Distance:74.94
TEMT6000:8,LDR:867,Distance:75.45
TEMT6000:10,LDR:867,Distance:75.07
TEMT6000:9,LDR:867,Distance:74.85
TEMT6000:9,LDR:867,Distance:75.73
TEMT6000:9,LDR:867,Distance:75.72
TEMT6000:9,LDR:867,Distance:74.91
TEMT6000:9,LDR:866,Distance:74.85
TEMT6000:10,LDR:865,Distance:75.36
TEMT6000:9,LDR:867,Distance:75.04
TEMT6000:9,LDR:867,Distance:75.51
TEMT6000:9,LDR:865,Distance:75.09
TEMT6000:9,LDR:866,Distance:75.27
TEMT6000:9,LDR:865,Distance:75.65
TEMT6000:9,LDR:865,Distance:75.30
TEMT6000:9,LDR:867,Distance:75.37
TEMT6000:8,LDR:866,Distance:75.37
TEMT6000:10,LDR:864,Distance:75.96
TEMT6000:8,LDR:866,Distance:75.41
TEMT6000:10,LDR:866,Distance:76.21
TEMT6000:8,LDR:865,Distance:76.02
TEMT6000:10,LDR:865,Distance:75.83
TEMT6000:9,LDR:865,Distance:75.63
TEMT6000:10,LDR:864,Distance:75.57
TEMT6000:10,LDR:866,Distance:75.88
TEMT6000:9,LDR:866,Distance:75.77
TEMT6000:10,LDR:866,Distance:75.60
TEMT6000:9,LDR:865,Distance:75.67
TEMT6000:9,LDR:867,Distance:76.21
TEMT6000:8,LDR:865,Distance:75.90
TEMT6000:9,LDR:865,Distance:75.59
TEMT6000:9,LDR:867,Distance:75.20
TEMT6000:9,LDR:865,Distance:75.58
TEMT6000:9,LDR:866,Distance:75.26
TEMT6000:9,LDR:865,Distance:75.90
TEMT6000:11,LDR:864,Distance:76.41
TEMT6000:10,LDR:865,Distance:75.92
TEMT6000:9,LDR:865,Distance:75.79
TEMT6000:9,LDR:865,Distance:75.79
TEMT6000:10,LDR:865,Distance:76.24
TEMT6000:9,LDR:864,Distance:75.91
TEMT6000:9,LDR:864,Distance:75.57
TEMT6000:9,LDR:865,Distance:75.75
TEMT6000:10,LDR:864,Distance:75.59
TEMT6000:9,LDR:865,Distance:75.98
TEMT6000:10,LDR:862,Distance:76.18
TEMT6000:9,LDR:865,Distance:76.22
TEMT6000:8,LDR:864,Distance:76.24
TEMT6000:10,LDR:864,Distance:75.91
TEMT6000:10,LDR:864,Distance:76.38
TEMT6000:9,LDR:864,Distance:76.01
TEMT6000:10,LDR:863,Distance:75.78
TEMT6000:10,LDR:863,Distance:75.75
TEMT6000:9,LDR:863,Distance:75.50
TEMT6000:9,LDR:864,Distance:75.72
TEMT6000:9,LDR:863,Distance:75.61
TEMT6000:10,LDR:864,Distance:76.08
TEMT6000:9,LDR:864,Distance:76.05
TEMT6000:9,LDR:864,Distance:76.03
TEMT6000:9,LDR:862,Distance:76.48
TEMT6000:8,LDR:862,Distance:76.33
TEMT6000:10,LDR:864,Distance:76.56
TEMT6000:9,LDR:864,Distance:76.76
TEMT6000:11,LDR:862,Distance:76.38
TEMT6000:9,LDR:863,Distance:76.63
TEMT6000:11,LDR:862,Distance:76.56
TEMT6000:10,LDR:862,Distance:76.73
TEMT6000:8,LDR:862,Distance:77.02
TEMT6000:9,LDR:862,Distance:76.78
TEMT6000:8,LDR:862,Distance:76.90
TEMT6000:9,LDR:862,Distance:76.48
TEMT6000:9,LDR:862,Distance:76.74
TEMT6000:8,LDR:861,Distance:76.49
TEMT6000:9,LDR:861,Distance:76.28
TEMT6000:10,LDR:861,Distance:77.28
TEMT6000:9,LDR:861,Distance:76.77
TEMT6000:9,LDR:861,Distance:76.88
TEMT6000:8,LDR:861,Distance:77.17
TEMT6000:8,LDR:862,Distance:77.38
TEMT6000:9,LDR:861,Distance:76.91
TEMT6000:8,LDR:862,Distance:77.19
TEMT6000:10,LDR:861,Distance:77.11
TEMT6000:9,LDR:860,Distance:77.32
TEMT6000:8,LDR:860,Distance:76.99
TEMT6000:9,LDR:861,Distance:77.63
TEMT6000:9,LDR:861,Distance:77.15
TEMT6000:9,LDR:860,Distance:77.51
TEMT6000:9,LDR:861,Distance:77.30
TEMT6000:10,LDR:860,Distance:77.11
TEMT6000:9,LDR:860,Distance:77.02
TEMT6000:10,LDR:859,Distance:78.01
TEMT6000:8,LDR:860,Distance:77.48
TEMT6000:9,LDR:859,Distance:77.74
TEMT6000:10,LDR:858,Distance:78.08
TEMT6000:9,LDR:859,Distance:77.48
TEMT6000:9,LDR:859,Distance:78.11
TEMT6000:9,LDR:859,Distance:77.73
TEMT6000:9,LDR:859,Distance:77.59
TEMT6000:9,LDR:859,Distance:78.14
TEMT6000:8,LDR:859,Distance:77.49
TEMT6000:9,LDR:859,Distance:77.48
TEMT6000:10,LDR:858,Distance:77.79
TEMT6000:9,LDR:857,Distance:77.52
TEMT6000:11,LDR:858,Distance:77.58
TEMT6000:9,LDR:859,Distance:77.63
TEMT6000:8,LDR:858,Distance:78.20
TEMT6000:9,LDR:858,Distance:78.37
TEMT6000:8,LDR:858,Distance:78.16
TEMT6000:10,LDR:858,Distance:77.88
TEMT6000:9,LDR:858,Distance:77.87
TEMT6000:9,LDR:858,Distance:78.04
TEMT6000:9,LDR:858,Distance:78.10
TEMT6000:9,LDR:858,Distance:78.31
TEMT6000:10,LDR:856,Distance:78.47
TEMT6000:8,LDR:856,Distance:78.24
TEMT6000:9,LDR:856,Distance:78.45
TEMT6000:9,LDR:857,Distance:78.02
TEMT6000:9,LDR:857,Distance:78.10
TEMT6000:9,LDR:857,Distance:78.07
TEMT6000:9,LDR:857,Distance:78.36
TEMT6000:9,LDR:856,Distance:78.57
TEMT6000:8,LDR:858,Distance:78.37
TEMT6000:9,LDR:857,Distance:78.40
TEMT6000:9,LDR:857,Distance:78.42
TEMT6000:8,LDR:857,Distance:78.50
TEMT6000:8,LDR:856,Distance:78.44
TEMT6000:8,LDR:858,Distance:78.64
TEMT6000:10,LDR:856,Distance:78.50
TEMT6000:9,LDR:856,Distance:78.77
TEMT6000:9,LDR:856,Distance:78.68
TEMT6000:9,LDR:856,Distance:78.65
TEMT6000:8,LDR:857,Distance:78.87
TEMT6000:8,LDR:856,Distance:78.95
TEMT6000:8,LDR:857,Distance:78.80
TEMT6000:9,LDR:855,Distance:78.89
TEMT6000:9,LDR:856,Distance:78.87
TEMT6000:9,LDR:855,Distance:79.03
TEMT6000:9,LDR:855,Distance:79.39
TEMT6000:9,LDR:855,Distance:78.91
TEMT6000:9,LDR:855,Distance:79.38
TEMT6000:10,LDR:854,Distance:78.88
TEMT6000:9,LDR:855,Distance:78.97
TEMT6000:8,LDR:855,Distance:78.75
TEMT6000:9,LDR:855,Distance:78.35
TEMT6000:10,LDR:854,Distance:78.98
TEMT6000:8,LDR:853,Distance:78.71
TEMT6000:9,LDR:854,Distance:78.68
TEMT6000:10,LDR:855,Distance:79.29
TEMT6000:8,LDR:854,Distance:79.56
TEMT6000:9,LDR:855,Distance:79.32
TEMT6000:10,LDR:853,Distance:79.03
TEMT6000:8,LDR:854,Distance:79.38
TEMT6000:8,LDR:853,Distance:79.32
TEMT6000:8,LDR:854,Distance:79.41
TEMT6000:9,LDR:853,Distance:79.83
TEMT6000:10,LDR:852,Distance:78.96
TEMT6000:8,LDR:853,Distance:79.06
TEMT6000:9,LDR:852,Distance:79.15
TEMT6000:10,LDR:853,Distance:79.49
TEMT6000:9,LDR:853,Distance:79.89
TEMT6000:9,LDR:853,Distance:79.93
TEMT6000:10,LDR:852,Distance:79.44
TEMT6000:9,LDR:853,Distance:79.34
TEMT6000:9,LDR:852,Distance:79.50
TEMT6000:9,LDR:852,Distance:80.08
TEMT6000:9,LDR:853,Distance:80.05
TEMT6000:8,LDR:852,Distance:79.77
TEMT6000:9,LDR:850,Distance:79.78
TEMT6000:10,LDR:850,Distance:80.11
TEMT6000:9,LDR:851,Distance:80.19
TEMT6000:10,LDR:851,Distance:79.76
TEMT6000:9,LDR:851,Distance:80.12
TEMT6000:9,LDR:851,Distance:80.22
TEMT6000:9,LDR:850,Distance:80.17
TEMT6000:9,LDR:851,Distance:80.27
TEMT6000:8,LDR:850,Distance:79.58
TEMT6000:8,LDR:851,Distance:79.96
TEMT6000:9,LDR:850,Distance:80.10
TEMT6000:8,LDR:850,Distance:80.44
TEMT6000:9,LDR:850,Distance:80.74
TEMT6000:8,LDR:850,Distance:80.49
TEMT6000:7,LDR:850,Distance:80.39
TEMT6000:8,LDR:850,Distance:80.86
TEMT6000:9,LDR:850,Distance:80.86
TEMT6000:8,LDR:849,Distance:80.77
TEMT6000:9,LDR:849,Distance:80.53
TEMT6000:8,LDR:850,Distance:80.58
TEMT6000:8,LDR:849,Distance:80.57
TEMT6000:7,LDR:848,Distance:81.00
TEMT6000:8,LDR:848,Distance:80.79
TEMT6000:8,LDR:848,Distance:80.99
TEMT6000:9,LDR:848,Distance:80.77
TEMT6000:8,LDR:848,Distance:81.03
TEMT6000:9,LDR:848,Distance:81.69
TEMT6000:8,LDR:847,Distance:81.46
TEMT6000:8,LDR:848,Distance:81.04
TEMT6000:8,LDR:849,Distance:81.47
TEMT6000:7,LDR:847,Distance:81.27
TEMT6000:8,LDR:848,Distance:81.11
TEMT6000:9,LDR:848,Distance:80.93
TEMT6000:8,LDR:847,Distance:81.32
TEMT6000:9,LDR:846,Distance:81.22
TEMT6000:8,LDR:848,Distance:81.63
TEMT6000:9,LDR:848,Distance:80.74
TEMT6000:10,LDR:846,Distance:81.71
TEMT6000:8,LDR:846,Distance:81.45
TEMT6000:7,LDR:847,Distance:81.30
TEMT6000:9,LDR:847,Distance:81.50
TEMT6000:8,LDR:848,Distance:81.20
TEMT6000:8,LDR:847,Distance:80.80
TEMT6000:8,LDR:846,Distance:80.88
TEMT6000:8,LDR:848,Distance:81.33
TEMT6000:9,LDR:846,Distance:80.82
TEMT6000:10,LDR:847,Distance:80.85
TEMT6000:9,LDR:847,Distance:81.17
TEMT6000:10,LDR:846,Distance:81.49
TEMT6000:9,LDR:847,Distance:81.62
TEMT6000:9,LDR:846,Distance:81.73
TEMT6000:10,LDR:846,Distance:81.75
TEMT6000:9,LDR:846,Distance:81.65
TEMT6000:9,LDR:846,Distance:81.04
TEMT6000:9,LDR:847,Distance:81.90
TEMT6000:10,LDR:845,Distance:82.24
TEMT6000:9,LDR:846,Distance:82.01
TEMT6000:8,LDR:845,Distance:82.47
TEMT6000:7,LDR:846,Distance:82.22
TEMT6000:10,LDR:846,Distance:82.33
TEMT6000:9,LDR:845,Distance:82.14
TEMT6000:8,LDR:845,Distance:81.65
TEMT6000:9,LDR:845,Distance:81.30
TEMT6000:9,LDR:846,Distance:81.60
TEMT6000:8,LDR:845,Distance:82.17
TEMT6000:9,LDR:845,Distance:82.37
TEMT6000:9,LDR:844,Distance:82.39
TEMT6000:9,LDR:845,Distance:82.05
TEMT6000:9,LDR:845,Distance:82.60
TEMT6000:8,LDR:845,Distance:82.43
TEMT6000:8,LDR:845,Distance:82.04
TEMT6000:8,LDR:845,Distance:82.15
TEMT6000:9,LDR:844,Distance:82.33
TEMT6000:8,LDR:846,Distance:82.46
TEMT6000:9,LDR:844,Distance:83.04
TEMT6000:8,LDR:844,Distance:82.50
TEMT6000:9,LDR:844,Distance:82.99
TEMT6000:9,LDR:845,Distance:83.16
TEMT6000:9,LDR:844,Distance:82.59
TEMT6000:9,LDR:844,Distance:82.52
TEMT6000:8,LDR:842,Distance:82.49
TEMT6000:10,LDR:844,Distance:82.59
TEMT6000:8,LDR:844,Distance:82.02
TEMT6000:8,LDR:844,Distance:82.03
TEMT6000:9,LDR:843,Distance:82.24
TEMT6000:8,LDR:843,Distance:82.41
TEMT6000:9,LDR:843,Distance:82.25
TEMT6000:8,LDR:843,Distance:82.49
TEMT6000:9,LDR:844,Distance:82.33
TEMT6000:10,LDR:843,Distance:82.78
TEMT6000:9,LDR:843,Distance:82.89
TEMT6000:9,LDR:843,Distance:82.61
TEMT6000:8,LDR:843,Distance:82.99
TEMT6000:9,LDR:844,Distance:83.01
TEMT6000:9,LDR:842,Distance:82.95
TEMT6000:8,LDR:843,Distance:83.11
TEMT6000:8,LDR:842,Distance:82.31
TEMT6000:8,LDR:843,Distance:83.41
TEMT6000:8,LDR:842,Distance:82.68
TEMT6000:8,LDR:843,Distance:82.43
TEMT6000:7,LDR:843,Distance:82.35
TEMT6000:9,LDR:842,Distance:82.19
TEMT6000:8,LDR:843,Distance:82.11
TEMT6000:8,LDR:842,Distance:82.46
TEMT6000:9,LDR:843,Distance:82.76
TEMT6000:8,LDR:842,Distance:82.84
TEMT6000:7,LDR:842,Distance:82.76
TEMT6000:8,LDR:844,Distance:83.45
TEMT6000:8,LDR:841,Distance:82.94
TEMT6000:8,LDR:841,Distance:83.29
TEMT6000:7,LDR:842,Distance:83.49
TEMT6000:10,LDR:840,Distance:83.72
TEMT6000:9,LDR:841,Distance:83.72
TEMT6000:8,LDR:841,Distance:83.64
TEMT6000:9,LDR:841,Distance:83.34
TEMT6000:8,LDR:841,Distance:82.50
TEMT6000:9,LDR:841,Distance:82.98
TEMT6000:9,LDR:841,Distance:83.53
TEMT6000:9,LDR:840,Distance:83.30
TEMT6000:8,LDR:840,Distance:84.06
TEMT6000:9,LDR:840,Distance:83.86
TEMT6000:8,LDR:840,Distance:84.53
TEMT6000:7,LDR:840,Distance:83.87
TEMT6000:9,LDR:840,Distance:84.59
TEMT6000:9,LDR:840,Distance:83.92
TEMT6000:9,LDR:840,Distance:83.88
TEMT6000:8,LDR:840,Distance:84.01
TEMT6000:8,LDR:839,Distance:84.28
TEMT6000:8,LDR:840,Distance:84.45
TEMT6000:9,LDR:839,Distance:83.66
TEMT6000:9,LDR:839,Distance:83.48
TEMT6000:8,LDR:840,Distance:83.30
TEMT6000:9,LDR:840,Distance:83.25
TEMT6000:9,LDR:840,Distance:83.30
TEMT6000:8,LDR:840,Distance:83.70
TEMT6000:9,LDR:840,Distance:83.67
TEMT6000:10,LDR:839,Distance:83.60
TEMT6000:8,LDR:838,Distance:83.82
TEMT6000:7,LDR:839,Distance:84.23
TEMT6000:8,LDR:838,Distance:83.80
TEMT6000:8,LDR:839,Distance:83.48
TEMT6000:9,LDR:838,Distance:84.09
TEMT6000:8,LDR:839,Distance:83.86
TEMT6000:7,LDR:840,Distance:84.32
TEMT6000:9,LDR:838,Distance:84.67
TEMT6000:7,LDR:839,Distance:84.99
TEMT6000:9,LDR:839,Distance:83.82
TEMT6000:8,LDR:837,Distance:83.89
TEMT6000:9,LDR:838,Distance:83.98
TEMT6000:9,LDR:838,Distance:83.86
TEMT6000:9,LDR:838,Distance:84.36
TEMT6000:8,LDR:838,Distance:84.32
TEMT6000:9,LDR:838,Distance:83.96
TEMT6000:9,LDR:837,Distance:84.43
TEMT6000:7,LDR:837,Distance:84.30
TEMT6000:7,LDR:838,Distance:84.01
TEMT6000:9,LDR:837,Distance:85.08
TEMT6000:8,LDR:836,Distance:85.40
TEMT6000:7,LDR:837,Distance:85.14
TEMT6000:10,LDR:837,Distance:84.55
TEMT6000:8,LDR:837,Distance:84.24
TEMT6000:7,LDR:836,Distance:84.05
TEMT6000:8,LDR:837,Distance:84.04
TEMT6000:8,LDR:836,Distance:84.73
TEMT6000:8,LDR:837,Distance:84.44
TEMT6000:8,LDR:836,Distance:84.21
TEMT6000:9,LDR:836,Distance:84.68
TEMT6000:8,LDR:836,Distance:85.22
TEMT6000:8,LDR:837,Distance:84.91
TEMT6000:8,LDR:835,Distance:85.21
TEMT6000:7,LDR:835,Distance:85.62
TEMT6000:8,LDR:834,Distance:85.08
TEMT6000:8,LDR:836,Distance:85.44
TEMT6000:7,LDR:836,Distance:84.46
TEMT6000:9,LDR:836,Distance:84.82
TEMT6000:9,LDR:834,Distance:84.83
TEMT6000:8,LDR:836,Distance:84.60
TEMT6000:8,LDR:835,Distance:84.61
TEMT6000:10,LDR:834,Distance:85.31
TEMT6000:8,LDR:834,Distance:85.28
TEMT6000:10,LDR:834,Distance:84.88
TEMT6000:8,LDR:834,Distance:84.88
TEMT6000:7,LDR:835,Distance:85.17
TEMT6000:8,LDR:835,Distance:84.79
TEMT6000:9,LDR:832,Distance:85.55
TEMT6000:8,LDR:835,Distance:85.56
TEMT6000:8,LDR:834,Distance:85.41
TEMT6000:9,LDR:834,Distance:85.24
TEMT6000:8,LDR:834,Distance:85.79
TEMT6000:8,LDR:835,Distance:86.01
TEMT6000:9,LDR:834,Distance:85.82
TEMT6000:9,LDR:835,Distance:86.36
TEMT6000:8,LDR:835,Distance:85.63
TEMT6000:8,LDR:835,Distance:85.75
TEMT6000:8,LDR:834,Distance:85.80
TEMT6000:7,LDR:834,Distance:85.49
TEMT6000:8,LDR:835,Distance:85.66
TEMT6000:9,LDR:834,Distance:85.60
TEMT6000:8,LDR:835,Distance:84.89
TEMT6000:9,LDR:834,Distance:85.28
TEMT6000:8,LDR:834,Distance:85.17
TEMT6000:9,LDR:833,Distance:85.24
TEMT6000:8,LDR:832,Distance:85.63
TEMT6000:8,LDR:833,Distance:85.67
TEMT6000:8,LDR:832,Distance:86.10
TEMT6000:8,LDR:833,Distance:86.11
TEMT6000:7,LDR:832,Distance:86.32
TEMT6000:7,LDR:834,Distance:86.29
TEMT6000:8,LDR:833,Distance:86.29
TEMT6000:8,LDR:833,Distance:85.28
TEMT6000:8,LDR:831,Distance:85.45
TEMT6000:7,LDR:834,Distance:85.53
TEMT6000:9,LDR:833,Distance:85.36
TEMT6000:10,LDR:832,Distance:85.30
TEMT6000:8,LDR:832,Distance:85.25
TEMT6000:7,LDR:832,Distance:85.88
TEMT6000:9,LDR:832,Distance:86.07
TEMT6000:8,LDR:833,Distance:85.57
TEMT6000:7,LDR:831,Distance:85.50
TEMT6000:8,LDR:833,Distance:85.35
TEMT6000:7,LDR:833,Distance:85.51
TEMT6000:7,LDR:832,Distance:85.89
TEMT6000:9,LDR:832,Distance:85.54
TEMT6000:9,LDR:832,Distance:86.01
TEMT6000:8,LDR:832,Distance:86.46
TEMT6000:8,LDR:832,Distance:86.13
TEMT6000:8,LDR:832,Distance:86.08
TEMT6000:9,LDR:833,Distance:86.30
TEMT6000:8,LDR:832,Distance:86.79
TEMT6000:8,LDR:830,Distance:86.61
TEMT6000:9,LDR:830,Distance:86.49
TEMT6000:7,LDR:832,Distance:86.02
TEMT6000:7,LDR:831,Distance:86.61
TEMT6000:8,LDR:832,Distance:86.14
TEMT6000:9,LDR:830,Distance:86.43
TEMT6000:7,LDR:830,Distance:85.87
TEMT6000:8,LDR:831,Distance:86.15
TEMT6000:7,LDR:831,Distance:86.36
TEMT6000:7,LDR:831,Distance:86.59
TEMT6000:8,LDR:830,Distance:86.82
TEMT6000:7,LDR:830,Distance:86.87
TEMT6000:9,LDR:830,Distance:86.78
TEMT6000:9,LDR:830,Distance:86.88
TEMT6000:8,LDR:831,Distance:86.66
TEMT6000:9,LDR:830,Distance:86.56
TEMT6000:9,LDR:830,Distance:86.15
TEMT6000:8,LDR:829,Distance:86.21
TEMT6000:8,LDR:829,Distance:86.12
TEMT6000:8,LDR:829,Distance:86.38
TEMT6000:8,LDR:830,Distance:86.65
TEMT6000:8,LDR:830,Distance:86.25
TEMT6000:9,LDR:830,Distance:86.84
TEMT6000:8,LDR:829,Distance:87.34
TEMT6000:9,LDR:829,Distance:87.54
TEMT6000:8,LDR:829,Distance:87.42
TEMT6000:8,LDR:828,Distance:86.80
TEMT6000:8,LDR:828,Distance:86.73
TEMT6000:9,LDR:830,Distance:87.32
TEMT6000:8,LDR:827,Distance:87.16
TEMT6000:8,LDR:828,Distance:87.12
TEMT6000:8,LDR:828,Distance:87.45
TEMT6000:9,LDR:828,Distance:87.92
TEMT6000:8,LDR:827,Distance:88.17
TEMT6000:8,LDR:828,Distance:87.24
TEMT6000:8,LDR:827,Distance:87.46
TEMT6000:9,LDR:827,Distance:87.15
TEMT6000:8,LDR:826,Distance:86.74
TEMT6000:8,LDR:827,Distance:87.08
TEMT6000:8,LDR:828,Distance:87.69
TEMT6000:8,LDR:827,Distance:87.48
TEMT6000:8,LDR:827,Distance:87.84
TEMT6000:9,LDR:827,Distance:87.64
TEMT6000:8,LDR:826,Distance:87.74
TEMT6000:9,LDR:826,Distance:88.36
TEMT6000:7,LDR:827,Distance:88.51
TEMT6000:7,LDR:826,Distance:88.74
TEMT6000:7,LDR:826,Distance:88.26
TEMT6000:10,LDR:826,Distance:88.56
TEMT6000:8,LDR:826,Distance:87.74
TEMT6000:9,LDR:826,Distance:87.61
TEMT6000:7,LDR:825,Distance:88.04
TEMT6000:8,LDR:825,Distance:87.39
TEMT6000:8,LDR:825,Distance:88.03
TEMT6000:7,LDR:825,Distance:87.96
TEMT6000:7,LDR:825,Distance:88.14
TEMT6000:8,LDR:825,Distance:88.82
TEMT6000:6,LDR:825,Distance:88.79
TEMT6000:9,LDR:824,Distance:88.64
TEMT6000:10,LDR:825,Distance:88.87
TEMT6000:7,LDR:823,Distance:88.16
TEMT6000:8,LDR:825,Distance:88.95
TEMT6000:8,LDR:824,Distance:88.07
TEMT6000:7,LDR:824,Distance:88.30
TEMT6000:8,LDR:824,Distance:88.97
TEMT6000:8,LDR:823,Distance:88.90
TEMT6000:8,LDR:824,Distance:88.74
TEMT6000:8,LDR:823,Distance:88.49
TEMT6000:8,LDR:823,Distance:89.04
TEMT6000:9,LDR:825,Distance:89.22
TEMT6000:8,LDR:823,Distance:89.37
TEMT6000:7,LDR:823,Distance:89.31
TEMT6000:9,LDR:823,Distance:89.27
TEMT6000:8,LDR:824,Distance:89.74
TEMT6000:7,LDR:823,Distance:89.72
TEMT6000:7,LDR:824,Distance:89.82
TEMT6000:8,LDR:822,Distance:89.26
TEMT6000:9,LDR:821,Distance:89.64
TEMT6000:8,LDR:823,Distance:89.10
TEMT6000:9,LDR:823,Distance:89.36
TEMT6000:8,LDR:823,Distance:89.92
TEMT6000:9,LDR:822,Distance:89.77
TEMT6000:9,LDR:820,Distance:89.93
TEMT6000:7,LDR:822,Distance:89.68
TEMT6000:8,LDR:821,Distance:90.37
TEMT6000:8,LDR:822,Distance:89.78
TEMT6000:8,LDR:821,Distance:89.72
TEMT6000:7,LDR:820,Distance:90.10
TEMT6000:9,LDR:820,Distance:89.49
TEMT6000:9,LDR:820,Distance:89.80
TEMT6000:9,LDR:821,Distance:89.86
TEMT6000:7,LDR:822,Distance:90.06
TEMT6000:7,LDR:821,Distance:89.75
TEMT6000:8,LDR:821,Distance:89.98
TEMT6000:8,LDR:821,Distance:89.88
TEMT6000:8,LDR:820,Distance:90.44
TEMT6000:7,LDR:820,Distance:90.21
TEMT6000:10,LDR:820,Distance:90.07
TEMT6000:9,LDR:819,Distance:90.29
TEMT6000:8,LDR:820,Distance:90.88
TEMT6000:9,LDR:818,Distance:90.67
TEMT6000:8,LDR:820,Distance:90.93
TEMT6000:7,LDR:820,Distance:90.56
TEMT6000:10,LDR:818,Distance:90.91
TEMT6000:8,LDR:818,Distance:90.40
TEMT6000:7,LDR:819,Distance:90.97
TEMT6000:7,LDR:819,Distance:90.84
TEMT6000:9,LDR:818,Distance:90.56
TEMT6000:8,LDR:818,Distance:91.31
TEMT6000:8,LDR:818,Distance:91.36
TEMT6000:8,LDR:819,Distance:91.37
TEMT6000:9,LDR:817,Distance:91.26
TEMT6000:9,LDR:817,Distance:91.50
TEMT6000:10,LDR:817,Distance:91.42
TEMT6000:8,LDR:819,Distance:91.12
TEMT6000:8,LDR:816,Distance:90.80
TEMT6000:7,LDR:817,Distance:90.76
TEMT6000:7,LDR:818,Distance:91.48
TEMT6000:8,LDR:817,Distance:91.01
TEMT6000:8,LDR:816,Distance:91.60
TEMT6000:8,LDR:817,Distance:91.10
TEMT6000:7,LDR:817,Distance:91.58
TEMT6000:8,LDR:817,Distance:91.34
TEMT6000:8,LDR:817,Distance:91.27
TEMT6000:7,LDR:816,Distance:91.07
TEMT6000:7,LDR:816,Distance:91.11
TEMT6000:7,LDR:816,Distance:91.46
TEMT6000:8,LDR:815,Distance:91.54
TEMT6000:7,LDR:815,Distance:91.34
TEMT6000:8,LDR:815,Distance:91.83
TEMT6000:8,LDR:816,Distance:91.62
TEMT6000:9,LDR:815,Distance:91.60
TEMT6000:8,LDR:814,Distance:92.00
TEMT6000:7,LDR:815,Distance:91.51
TEMT6000:7,LDR:815,Distance:91.89
TEMT6000:8,LDR:815,Distance:91.58
TEMT6000:8,LDR:815,Distance:91.78
TEMT6000:9,LDR:815,Distance:91.65
TEMT6000:8,LDR:815,Distance:91.70
TEMT6000:9,LDR:815,Distance:92.24
TEMT6000:8,LDR:815,Distance:92.03
TEMT6000:7,LDR:815,Distance:92.56
TEMT6000:7,LDR:815,Distance:92.51
TEMT6000:9,LDR:813,Distance:91.74
TEMT6000:8,LDR:814,Distance:91.85
TEMT6000:8,LDR:814,Distance:92.17
TEMT6000:9,LDR:814,Distance:92.51
TEMT6000:10,LDR:812,Distance:92.29
TEMT6000:7,LDR:813,Distance:92.30
TEMT6000:7,LDR:813,Distance:91.83
TEMT6000:7,LDR:813,Distance:92.56
TEMT6000:9,LDR:812,Distance:92.56
TEMT6000:9,LDR:812,Distance:92.19
TEMT6000:8,LDR:812,Distance:92.22
TEMT6000:7,LDR:812,Distance:92.46
TEMT6000:9,LDR:812,Distance:91.95
TEMT6000:7,LDR:813,Distance:92.14
TEMT6000:8,LDR:811,Distance:92.20
TEMT6000:7,LDR:813,Distance:92.47
TEMT6000:8,LDR:813,Distance:92.42
TEMT6000:9,LDR:811,Distance:92.71
TEMT6000:10,LDR:811,Distance:92.93
TEMT6000:8,LDR:813,Distance:92.44
TEMT6000:7,LDR:812,Distance:92.37
TEMT6000:8,LDR:812,Distance:92.73
TEMT6000:7,LDR:811,Distance:92.84
TEMT6000:7,LDR:811,Distance:92.74
TEMT6000:8,LDR:810,Distance:92.54
TEMT6000:8,LDR:811,Distance:93.36
TEMT6000:9,LDR:810,Distance:92.97
TEMT6000:8,LDR:811,Distance:93.12
TEMT6000:8,LDR:810,Distance:92.96
TEMT6000:9,LDR:809,Distance:93.40
TEMT6000:7,LDR:810,Distance:92.95
TEMT6000:7,LDR:810,Distance:93.24
TEMT6000:8,LDR:809,Distance:93.25
TEMT6000:8,LDR:809,Distance:93.37
TEMT6000:8,LDR:809,Distance:93.48
TEMT6000:6,LDR:808,Distance:93.68
TEMT6000:7,LDR:808,Distance:93.68
TEMT6000:8,LDR:809,Distance:93.65
TEMT6000:9,LDR:808,Distance:93.56
TEMT6000:9,LDR:808,Distance:93.27
TEMT6000:8,LDR:809,Distance:93.99
TEMT6000:7,LDR:805,Distance:93.52
TEMT6000:8,LDR:806,Distance:93.66
TEMT6000:6,LDR:808,Distance:94.00
TEMT6000:9,LDR:808,Distance:93.35
TEMT6000:9,LDR:807,Distance:94.47
TEMT6000:8,LDR:807,Distance:94.38
TEMT6000:8,LDR:807,Distance:94.20
TEMT6000:9,LDR:808,Distance:93.58
TEMT6000:7,LDR:807,Distance:94.03
TEMT6000:7,LDR:807,Distance:93.95
TEMT6000:7,LDR:807,Distance:93.74
TEMT6000:7,LDR:807,Distance:94.03
TEMT6000:8,LDR:805,Distance:93.96
TEMT6000:7,LDR:806,Distance:94.20
TEMT6000:7,LDR:805,Distance:94.30
TEMT6000:8,LDR:806,Distance:94.47
TEMT6000:7,LDR:805,Distance:94.64
TEMT6000:8,LDR:806,Distance:94.42
TEMT6000:6,LDR:806,Distance:94.32
TEMT6000:7,LDR:806,Distance:94.51
TEMT6000:7,LDR:804,Distance:94.60
TEMT6000:7,LDR:806,Distance:94.62
TEMT6000:7,LDR:805,Distance:94.76
TEMT6000:7,LDR:805,Distance:94.55
TEMT6000:9,LDR:804,Distance:94.99
TEMT6000:8,LDR:804,Distance:94.51
TEMT6000:8,LDR:804,Distance:95.13
TEMT6000:8,LDR:804,Distance:94.66
TEMT6000:7,LDR:804,Distance:94.83
TEMT6000:8,LDR:804,Distance:94.74
TEMT6000:7,LDR:803,Distance:95.00
TEMT6000:7,LDR:804,Distance:95.12
TEMT6000:7,LDR:803,Distance:94.50
TEMT6000:8,LDR:803,Distance:95.39
TEMT6000:8,LDR:803,Distance:94.91
TEMT6000:7,LDR:802,Distance:95.35
TEMT6000:6,LDR:804,Distance:95.13
TEMT6000:8,LDR:803,Distance:95.11
TEMT6000:7,LDR:803,Distance:95.09
TEMT6000:7,LDR:803,Distance:95.40
TEMT6000:8,LDR:803,Distance:94.89
TEMT6000:7,LDR:803,Distance:95.16
TEMT6000:7,LDR:803,Distance:94.98
TEMT6000:8,LDR:803,Distance:95.42
TEMT6000:9,LDR:803,Distance:94.99
TEMT6000:7,LDR:803,Distance:95.10
TEMT6000:7,LDR:802,Distance:95.28
TEMT6000:7,LDR:802,Distance:95.65
TEMT6000:6,LDR:802,Distance:95.26
TEMT6000:7,LDR:802,Distance:95.23
TEMT6000:8,LDR:801,Distance:95.58
TEMT6000:8,LDR:802,Distance:95.56
TEMT6000:8,LDR:802,Distance:95.92
TEMT6000:7,LDR:802,Distance:95.64
TEMT6000:7,LDR:801,Distance:95.84
TEMT6000:8,LDR:801,Distance:95.45
TEMT6000:6,LDR:800,Distance:96.20
TEMT6000:9,LDR:802,Distance:95.79
TEMT6000:8,LDR:801,Distance:95.84
TEMT6000:8,LDR:801,Distance:96.07
TEMT6000:7,LDR:801,Distance:96.22
TEMT6000:6,LDR:801,Distance:96.18
TEMT6000:8,LDR:800,Distance:95.85
TEMT6000:7,LDR:800,Distance:95.74
TEMT6000:8,LDR:800,Distance:96.63
TEMT6000:6,LDR:800,Distance:95.72
TEMT6000:8,LDR:800,Distance:96.33
TEMT6000:7,LDR:801,Distance:96.15
TEMT6000:7,LDR:800,Distance:96.13
TEMT6000:7,LDR:798,Distance:95.85
TEMT6000:7,LDR:800,Distance:96.03
TEMT6000:8,LDR:799,Distance:96.38
TEMT6000:9,LDR:799,Distance:95.99
TEMT6000:8,LDR:799,Distance:96.60
TEMT6000:7,LDR:798,Distance:96.76
TEMT6000:7,LDR:798,Distance:96.72
TEMT6000:9,LDR:797,Distance:96.23
TEMT6000:7,LDR:798,Distance:97.13
TEMT6000:7,LDR:798,Distance:96.31
TEMT6000:8,LDR:799,Distance:96.84
TEMT6000:9,LDR:798,Distance:96.39
TEMT6000:8,LDR:796,Distance:96.56
TEMT6000:6,LDR:798,Distance:96.76
TEMT6000:7,LDR:798,Distance:97.17
TEMT6000:7,LDR:798,Distance:96.94
TEMT6000:7,LDR:797,Distance:97.04
TEMT6000:7,LDR:797,Distance:96.69
TEMT6000:7,LDR:798,Distance:96.61
TEMT6000:8,LDR:797,Distance:96.75
TEMT6000:7,LDR:796,Distance:96.52
TEMT6000:6,LDR:798,Distance:97.22
TEMT6000:8,LDR:797,Distance:97.53
TEMT6000:8,LDR:796,Distance:97.37
TEMT6000:7,LDR:796,Distance:96.97
TEMT6000:7,LDR:796,Distance:97.20
TEMT6000:8,LDR:796,Distance:97.45
TEMT6000:7,LDR:794,Distance:97.32
TEMT6000:9,LDR:795,Distance:96.77
TEMT6000:8,LDR:795,Distance:97.43
TEMT6000:7,LDR:796,Distance:97.15
TEMT6000:7,LDR:795,Distance:97.24
TEMT6000:8,LDR:795,Distance:97.31
TEMT6000:7,LDR:795,Distance:97.76
TEMT6000:8,LDR:794,Distance:97.13
TEMT6000:8,LDR:794,Distance:97.60
TEMT6000:7,LDR:794,Distance:97.30
TEMT6000:8,LDR:794,Distance:97.35
TEMT6000:9,LDR:794,Distance:97.33
TEMT6000:8,LDR:794,Distance:97.41
TEMT6000:7,LDR:795,Distance:97.57
TEMT6000:7,LDR:794,Distance:97.45
TEMT6000:7,LDR:794,Distance:97.65
TEMT6000:7,LDR:794,Distance:97.70
TEMT6000:7,LDR:794,Distance:97.70
TEMT6000:6,LDR:794,Distance:97.79
TEMT6000:8,LDR:793,Distance:97.61
TEMT6000:8,LDR:793,Distance:97.93
TEMT6000:6,LDR:794,Distance:97.56
TEMT6000:7,LDR:792,Distance:98.01
TEMT6000:9,LDR:793,Distance:98.11
TEMT6000:7,LDR:792,Distance:98.14
TEMT6000:8,LDR:792,Distance:98.17
TEMT6000:8,LDR:793,Distance:98.19
TEMT6000:8,LDR:791,Distance:97.70
TEMT6000:7,LDR:792,Distance:98.41
TEMT6000:7,LDR:792,Distance:98.08
TEMT6000:8,LDR:792,Distance:98.34
TEMT6000:8,LDR:790,Distance:98.13
TEMT6000:7,LDR:792,Distance:98.92
TEMT6000:9,LDR:792,Distance:98.28
TEMT6000:8,LDR:791,Distance:98.58
TEMT6000:6,LDR:791,Distance:98.44
TEMT6000:7,LDR:791,Distance:98.50
TEMT6000:9,LDR:790,Distance:98.80
TEMT6000:9,LDR:790,Distance:99.10
TEMT6000:9,LDR:790,Distance:98.04
TEMT6000:8,LDR:790,Distance:98.92
TEMT6000:7,LDR:790,Distance:99.16
TEMT6000:8,LDR:789,Distance:99.17
TEMT6000:8,LDR:788,Distance:98.85
TEMT6000:8,LDR:789,Distance:98.64
TEMT6000:8,LDR:790,Distance:99.02
TEMT6000:7,LDR:789,Distance:99.02
TEMT6000:7,LDR:789,Distance:99.06
TEMT6000:7,LDR:789,Distance:99.38
TEMT6000:7,LDR:789,Distance:98.89
TEMT6000:8,LDR:789,Distance:99.11
TEMT6000:7,LDR:788,Distance:99.63
TEMT6000:8,LDR:788,Distance:99.24
TEMT6000:8,LDR:788,Distance:98.96
TEMT6000:8,LDR:788,Distance:99.46
TEMT6000:8,LDR:787,Distance:99.68
TEMT6000:7,LDR:787,Distance:99.65
TEMT6000:8,LDR:786,Distance:99.93
TEMT6000:8,LDR:787,Distance:99.38
TEMT6000:7,LDR:786,Distance:99.76
TEMT6000:8,LDR:787,Distance:99.53
TEMT6000:6,LDR:787,Distance:99.80
TEMT6000:8,LDR:787,Distance:99.61
TEMT6000:7,LDR:785,Distance:99.78
TEMT6000:7,LDR:785,Distance:99.63
TEMT6000:8,LDR:785,Distance:99.92
TEMT6000:7,LDR:787,Distance:100.75
TEMT6000:8,LDR:785,Distance:99.94
TEMT6000:6,LDR:786,Distance:100.23
TEMT6000:7,LDR:786,Distance:100.80
TEMT6000:8,LDR:785,Distance:100.08
TEMT6000:6,LDR:785,Distance:100.55
TEMT6000:8,LDR:784,Distance:100.79
TEMT6000:7,LDR:784,Distance:100.80
TEMT6000:8,LDR:783,Distance:99.84
TEMT6000:8,LDR:785,Distance:100.37
TEMT6000:8,LDR:783,Distance:100.67
TEMT6000:7,LDR:783,Distance:100.69
TEMT6000:7,LDR:783,Distance:100.94
TEMT6000:8,LDR:782,Distance:100.70
TEMT6000:8,LDR:783,Distance:100.30
TEMT6000:8,LDR:783,Distance:100.76
TEMT6000:7,LDR:782,Distance:100.81
TEMT6000:6,LDR:783,Distance:100.77
TEMT6000:7,LDR:780,Distance:100.54
TEMT6000:8,LDR:782,Distance:100.89
TEMT6000:8,LDR:782,Distance:101.57
TEMT6000:7,LDR:781,Distance:101.49
TEMT6000:7,LDR:780,Distance:100.83
TEMT6000:8,LDR:781,Distance:100.67
TEMT6000:8,LDR:780,Distance:101.69
TEMT6000:9,LDR:781,Distance:100.81
TEMT6000:8,LDR:780,Distance:101.25
TEMT6000:7,LDR:780,Distance:101.87
TEMT6000:7,LDR:780,Distance:102.00
TEMT6000:7,LDR:780,Distance:101.47
TEMT6000:7,LDR:780,Distance:101.06
TEMT6000:7,LDR:780,Distance:101.32
TEMT6000:7,LDR:780,Distance:101.46
TEMT6000:8,LDR:779,Distance:102.43
TEMT6000:8,LDR:779,Distance:101.19
TEMT6000:8,LDR:779,Distance:101.97
TEMT6000:7,LDR:779,Distance:101.35
TEMT6000:7,LDR:779,Distance:101.65
TEMT6000:7,LDR:779,Distance:101.85
TEMT6000:7,LDR:779,Distance:102.26
TEMT6000:7,LDR:779,Distance:102.03
TEMT6000:8,LDR:779,Distance:101.84
TEMT6000:7,LDR:779,Distance:102.32
TEMT6000:7,LDR:778,Distance:102.11
TEMT6000:8,LDR:778,Distance:102.08
TEMT6000:6,LDR:779,Distance:102.63
TEMT6000:8,LDR:778,Distance:102.16
TEMT6000:8,LDR:776,Distance:102.35
TEMT6000:8,LDR:777,Distance:102.70
TEMT6000:7,LDR:778,Distance:102.55
TEMT6000:8,LDR:777,Distance:103.03
TEMT6000:8,LDR:778,Distance:102.23
TEMT6000:7,LDR:777,Distance:102.89
TEMT6000:8,LDR:777,Distance:102.49
TEMT6000:8,LDR:777,Distance:102.61
TEMT6000:7,LDR:776,Distance:102.71
TEMT6000:7,LDR:776,Distance:102.96
TEMT6000:7,LDR:776,Distance:103.16
TEMT6000:7,LDR:777,Distance:102.82
TEMT6000:7,LDR:776,Distance:102.83
TEMT6000:8,LDR:775,Distance:102.67
TEMT6000:7,LDR:776,Distance:102.78
TEMT6000:7,LDR:775,Distance:102.57
TEMT6000:8,LDR:775,Distance:103.05
TEMT6000:7,LDR:775,Distance:103.01
TEMT6000:6,LDR:775,Distance:103.06
TEMT6000:7,LDR:775,Distance:103.36
TEMT6000:7,LDR:775,Distance:102.91
TEMT6000:8,LDR:774,Distance:102.84
TEMT6000:7,LDR:774,Distance:103.61
TEMT6000:8,LDR:774,Distance:103.30
TEMT6000:8,LDR:774,Distance:103.33
TEMT6000:7,LDR:774,Distance:103.39
TEMT6000:8,LDR:774,Distance:103.57
TEMT6000:7,LDR:774,Distance:103.39
TEMT6000:8,LDR:774,Distance:103.74
TEMT6000:7,LDR:773,Distance:103.57
TEMT6000:6,LDR:773,Distance:103.64
TEMT6000:7,LDR:773,Distance:103.76
TEMT6000:6,LDR:773,Distance:104.34
TEMT6000:7,LDR:773,Distance:103.70
TEMT6000:7,LDR:771,Distance:103.58
TEMT6000:7,LDR:772,Distance:103.85
TEMT6000:8,LDR:772,Distance:103.20
TEMT6000:7,LDR:773,Distance:103.89
TEMT6000:6,LDR:772,Distance:103.83
TEMT6000:8,LDR:772,Distance:103.69
TEMT6000:7,LDR:772,Distance:104.04
TEMT6000:8,LDR:771,Distance:104.78
TEMT6000:7,LDR:770,Distance:103.97
TEMT6000:8,LDR:771,Distance:104.78
TEMT6000:8,LDR:771,Distance:104.81
TEMT6000:7,LDR:770,Distance:104.93
TEMT6000:8,LDR:771,Distance:104.13
TEMT6000:8,LDR:770,Distance:104.45
TEMT6000:7,LDR:771,Distance:105.59
TEMT6000:8,LDR:770,Distance:104.62
TEMT6000:7,LDR:770,Distance:104.30
TEMT6000:7,LDR:770,Distance:104.54
TEMT6000:7,LDR:769,Distance:104.65
TEMT6000:7,LDR:770,Distance:104.79
TEMT6000:7,LDR:770,Distance:105.12
TEMT6000:7,LDR:768,Distance:105.03
TEMT6000:8,LDR:769,Distance:105.34
TEMT6000:7,LDR:769,Distance:105.02
TEMT6000:7,LDR:769,Distance:105.66
TEMT6000:8,LDR:769,Distance:105.03
TEMT6000:8,LDR:769,Distance:105.30
TEMT6000:8,LDR:768,Distance:105.02
TEMT6000:6,LDR:769,Distance:105.06
TEMT6000:7,LDR:768,Distance:105.10
TEMT6000:5,LDR:768,Distance:105.38
TEMT6000:6,LDR:768,Distance:105.64
TEMT6000:7,LDR:768,Distance:105.51
TEMT6000:8,LDR:768,Distance:105.02
TEMT6000:8,LDR:767,Distance:104.88
TEMT6000:7,LDR:769,Distance:105.19
TEMT6000:8,LDR:766,Distance:106.28
TEMT6000:7,LDR:767,Distance:105.99
TEMT6000:7,LDR:766,Distance:105.28
TEMT6000:7,LDR:767,Distance:106.60
TEMT6000:7,LDR:766,Distance:105.74
TEMT6000:5,LDR:766,Distance:105.54
TEMT6000:7,LDR:766,Distance:105.88
TEMT6000:7,LDR:767,Distance:105.65
TEMT6000:8,LDR:766,Distance:105.52
TEMT6000:8,LDR:766,Distance:106.14
TEMT6000:9,LDR:766,Distance:105.49
TEMT6000:7,LDR:765,Distance:106.17
TEMT6000:8,LDR:766,Distance:105.97
TEMT6000:8,LDR:765,Distance:106.10
TEMT6000:8,LDR:766,Distance:106.46
TEMT6000:8,LDR:765,Distance:106.41
TEMT6000:7,LDR:764,Distance:106.28
TEMT6000:8,LDR:765,Distance:105.97
TEMT6000:7,LDR:765,Distance:106.38
TEMT6000:8,LDR:763,Distance:105.89
TEMT6000:7,LDR:765,Distance:106.08
TEMT6000:8,LDR:765,Distance:106.60
TEMT6000:7,LDR:765,Distance:106.00
TEMT6000:6,LDR:764,Distance:106.98
TEMT6000:8,LDR:764,Distance:106.40
TEMT6000:7,LDR:763,Distance:106.36
TEMT6000:7,LDR:764,Distance:106.69
TEMT6000:7,LDR:764,Distance:106.70
TEMT6000:7,LDR:763,Distance:105.96
TEMT6000:8,LDR:763,Distance:106.14
TEMT6000:7,LDR:763,Distance:106.88
TEMT6000:8,LDR:763,Distance:106.42
TEMT6000:8,LDR:762,Distance:106.88
TEMT6000:7,LDR:762,Distance:107.31
TEMT6000:8,LDR:762,Distance:106.75
TEMT6000:7,LDR:763,Distance:106.52
TEMT6000:7,LDR:762,Distance:106.62
TEMT6000:6,LDR:762,Distance:106.49
TEMT6000:7,LDR:763,Distance:106.89
TEMT6000:7,LDR:761,Distance:106.89
TEMT6000:6,LDR:762,Distance:106.98
TEMT6000:7,LDR:761,Distance:106.59
TEMT6000:7,LDR:761,Distance:107.04
TEMT6000:7,LDR:761,Distance:107.77
TEMT6000:6,LDR:761,Distance:107.35
TEMT6000:7,LDR:762,Distance:106.67
TEMT6000:7,LDR:762,Distance:106.70
TEMT6000:7,LDR:761,Distance:106.82
TEMT6000:7,LDR:760,Distance:107.53
TEMT6000:6,LDR:761,Distance:107.63
TEMT6000:5,LDR:759,Distance:107.90
TEMT6000:6,LDR:760,Distance:106.83
TEMT6000:5,LDR:759,Distance:107.11
TEMT6000:7,LDR:760,Distance:107.20
TEMT6000:7,LDR:760,Distance:107.23
TEMT6000:7,LDR:758,Distance:107.35
TEMT6000:7,LDR:760,Distance:107.06
TEMT6000:7,LDR:760,Distance:107.37
TEMT6000:6,LDR:759,Distance:106.87
TEMT6000:7,LDR:759,Distance:107.66
TEMT6000:7,LDR:759,Distance:108.00
TEMT6000:7,LDR:759,Distance:107.85
TEMT6000:5,LDR:758,Distance:107.09
TEMT6000:6,LDR:759,Distance:107.48
TEMT6000:5,LDR:758,Distance:106.83
TEMT6000:7,LDR:758,Distance:107.70
TEMT6000:8,LDR:759,Distance:107.72
TEMT6000:7,LDR:758,Distance:106.87
TEMT6000:7,LDR:759,Distance:106.67
TEMT6000:5,LDR:758,Distance:107.28
TEMT6000:5,LDR:758,Distance:108.73
TEMT6000:7,LDR:756,Distance:107.58
TEMT6000:5,LDR:758,Distance:107.59
TEMT6000:7,LDR:757,Distance:107.49
TEMT6000:6,LDR:757,Distance:107.81
TEMT6000:7,LDR:757,Distance:108.48
TEMT6000:7,LDR:758,Distance:107.98
TEMT6000:7,LDR:757,Distance:107.28
TEMT6000:7,LDR:757,Distance:107.63
TEMT6000:7,LDR:755,Distance:107.22
TEMT6000:7,LDR:757,Distance:107.55
TEMT6000:8,LDR:757,Distance:107.97
TEMT6000:7,LDR:756,Distance:107.59
TEMT6000:6,LDR:756,Distance:108.12
TEMT6000:8,LDR:755,Distance:108.13
TEMT6000:5,LDR:755,Distance:109.23
TEMT6000:5,LDR:754,Distance:108.23
TEMT6000:7,LDR:755,Distance:107.80
TEMT6000:6,LDR:755,Distance:107.19
TEMT6000:7,LDR:756,Distance:107.61
TEMT6000:6,LDR:754,Distance:107.13
TEMT6000:6,LDR:755,Distance:107.83
TEMT6000:5,LDR:754,Distance:107.64
TEMT6000:7,LDR:754,Distance:107.63
TEMT6000:6,LDR:755,Distance:108.78
TEMT6000:5,LDR:753,Distance:108.24
TEMT6000:6,LDR:754,Distance:107.24
TEMT6000:5,LDR:754,Distance:107.10
TEMT6000:7,LDR:754,Distance:107.12
TEMT6000:7,LDR:754,Distance:107.36
TEMT6000:7,LDR:754,Distance:107.80
TEMT6000:7,LDR:754,Distance:108.09
TEMT6000:6,LDR:753,Distance:108.61
TEMT6000:7,LDR:753,Distance:108.24
TEMT6000:7,LDR:753,Distance:108.66
TEMT6000:6,LDR:753,Distance:107.42
TEMT6000:8,LDR:753,Distance:107.61
TEMT6000:7,LDR:752,Distance:108.05
TEMT6000:6,LDR:752,Distance:107.73
TEMT6000:5,LDR:752,Distance:108.05
TEMT6000:5,LDR:753,Distance:108.76
TEMT6000:5,LDR:751,Distance:108.09
TEMT6000:6,LDR:752,Distance:107.59
TEMT6000:7,LDR:752,Distance:108.38
TEMT6000:7,LDR:752,Distance:107.78
TEMT6000:8,LDR:752,Distance:107.92
TEMT6000:6,LDR:751,Distance:108.49
TEMT6000:6,LDR:752,Distance:109.60
TEMT6000:7,LDR:751,Distance:109.26
TEMT6000:6,LDR:751,Distance:109.07
TEMT6000:6,LDR:751,Distance:109.64
TEMT6000:7,LDR:751,Distance:109.39
TEMT6000:6,LDR:751,Distance:108.84
TEMT6000:6,LDR:750,Distance:108.35
TEMT6000:7,LDR:750,Distance:108.16
TEMT6000:7,LDR:750,Distance:108.21
TEMT6000:7,LDR:750,Distance:108.51
TEMT6000:5,LDR:749,Distance:107.79
TEMT6000:6,LDR:750,Distance:107.99
TEMT6000:6,LDR:750,Distance:108.49
TEMT6000:6,LDR:749,Distance:109.65
TEMT6000:7,LDR:749,Distance:107.54
TEMT6000:5,LDR:748,Distance:108.91
TEMT6000:6,LDR:749,Distance:108.32
TEMT6000:6,LDR:750,Distance:108.64
TEMT6000:6,LDR:749,Distance:108.05
TEMT6000:6,LDR:749,Distance:107.71
TEMT6000:7,LDR:749,Distance:108.86
TEMT6000:5,LDR:747,Distance:110.03
TEMT6000:6,LDR:748,Distance:109.46
TEMT6000:5,LDR:748,Distance:107.79
TEMT6000:6,LDR:749,Distance:109.03
TEMT6000:6,LDR:747,Distance:108.01
TEMT6000:5,LDR:747,Distance:107.72
TEMT6000:6,LDR:747,Distance:108.95
TEMT6000:5,LDR:747,Distance:108.86
TEMT6000:5,LDR:748,Distance:108.06
TEMT6000:6,LDR:747,Distance:107.82
TEMT6000:6,LDR:747,Distance:108.17
TEMT6000:6,LDR:747,Distance:107.93
TEMT6000:5,LDR:746,Distance:109.99
TEMT6000:5,LDR:746,Distance:107.52
TEMT6000:6,LDR:746,Distance:109.75
TEMT6000:5,LDR:747,Distance:108.70
TEMT6000:5,LDR:745,Distance:107.83
TEMT6000:6,LDR:746,Distance:107.36
TEMT6000:5,LDR:744,Distance:108.21
TEMT6000:5,LDR:746,Distance:109.29
TEMT6000:6,LDR:746,Distance:108.07
TEMT6000:6,LDR:746,Distance:108.03
TEMT6000:5,LDR:745,Distance:107.80
TEMT6000:5,LDR:747,Distance:110.44
TEMT6000:6,LDR:745,Distance:109.79
TEMT6000:5,LDR:744,Distance:109.64
TEMT6000:5,LDR:744,Distance:108.85
TEMT6000:6,LDR:745,Distance:107.53
TEMT6000:5,LDR:744,Distance:107.77
TEMT6000:6,LDR:745,Distance:108.26
TEMT6000:6,LDR:745,Distance:108.11
TEMT6000:6,LDR:746,Distance:107.64
TEMT6000:6,LDR:745,Distance:107.47
TEMT6000:5,LDR:744,Distance:108.70
TEMT6000:5,LDR:744,Distance:110.01
TEMT6000:4,LDR:744,Distance:108.62
TEMT6000:5,LDR:744,Distance:107.82
TEMT6000:6,LDR:745,Distance:109.12
TEMT6000:5,LDR:744,Distance:109.25
TEMT6000:5,LDR:744,Distance:107.84
TEMT6000:6,LDR:744,Distance:109.01
TEMT6000:5,LDR:743,Distance:107.55
TEMT6000:6,LDR:744,Distance:107.51
TEMT6000:5,LDR:743,Distance:109.44
TEMT6000:7,LDR:744,Distance:108.03
TEMT6000:6,LDR:743,Distance:108.37
TEMT6000:5,LDR:742,Distance:109.13
TEMT6000:6,LDR:743,Distance:108.72
TEMT6000:6,LDR:742,Distance:108.59
TEMT6000:6,LDR:743,Distance:109.46
TEMT6000:5,LDR:742,Distance:107.68
TEMT6000:6,LDR:742,Distance:108.12
TEMT6000:6,LDR:742,Distance:108.31
TEMT6000:5,LDR:741,Distance:107.72
TEMT6000:6,LDR:741,Distance:108.44
TEMT6000:7,LDR:741,Distance:111.08
TEMT6000:5,LDR:742,Distance:109.40
TEMT6000:6,LDR:741,Distance:109.05
TEMT6000:6,LDR:741,Distance:107.86
TEMT6000:5,LDR:742,Distance:111.07
TEMT6000:6,LDR:741,Distance:108.43
TEMT6000:5,LDR:740,Distance:110.68
TEMT6000:5,LDR:742,Distance:108.86
TEMT6000:5,LDR:740,Distance:108.30
TEMT6000:5,LDR:740,Distance:108.51
TEMT6000:6,LDR:741,Distance:109.87
TEMT6000:6,LDR:740,Distance:109.40
TEMT6000:6,LDR:740,Distance:108.54
TEMT6000:5,LDR:739,Distance:111.23
TEMT6000:7,LDR:740,Distance:108.38
TEMT6000:6,LDR:739,Distance:108.33
TEMT6000:6,LDR:739,Distance:110.13
TEMT6000:6,LDR:739,Distance:108.39
TEMT6000:5,LDR:739,Distance:108.78
TEMT6000:5,LDR:738,Distance:111.27
TEMT6000:5,LDR:738,Distance:107.85
TEMT6000:6,LDR:738,Distance:108.83
TEMT6000:6,LDR:738,Distance:110.50
TEMT6000:6,LDR:738,Distance:108.38
TEMT6000:6,LDR:738,Distance:110.75
TEMT6000:5,LDR:737,Distance:108.80
TEMT6000:5,LDR:738,Distance:109.97
TEMT6000:5,LDR:737,Distance:108.48
TEMT6000:5,LDR:737,Distance:108.75
TEMT6000:5,LDR:736,Distance:108.21
TEMT6000:5,LDR:737,Distance:108.03
TEMT6000:6,LDR:737,Distance:110.42
TEMT6000:5,LDR:737,Distance:110.42
TEMT6000:5,LDR:737,Distance:107.87
TEMT6000:5,LDR:736,Distance:107.85
TEMT6000:5,LDR:736,Distance:107.53
TEMT6000:5,LDR:734,Distance:107.86
TEMT6000:6,LDR:736,Distance:108.23
TEMT6000:6,LDR:735,Distance:108.36
TEMT6000:5,LDR:736,Distance:108.54
TEMT6000:5,LDR:735,Distance:108.57
TEMT6000:5,LDR:735,Distance:110.95
TEMT6000:6,LDR:735,Distance:108.41
TEMT6000:6,LDR:735,Distance:110.02
TEMT6000:5,LDR:734,Distance:108.12
TEMT6000:5,LDR:734,Distance:112.08
TEMT6000:6,LDR:734,Distance:112.39
TEMT6000:5,LDR:734,Distance:108.27
TEMT6000:5,LDR:733,Distance:108.44
TEMT6000:6,LDR:734,Distance:108.12
TEMT6000:5,LDR:734,Distance:111.67
TEMT6000:6,LDR:734,Distance:107.10
TEMT6000:5,LDR:732,Distance:109.12
TEMT6000:5,LDR:734,Distance:109.77
TEMT6000:6,LDR:734,Distance:112.50
TEMT6000:6,LDR:733,Distance:108.79
TEMT6000:5,LDR:733,Distance:108.95
TEMT6000:6,LDR:733,Distance:111.69
TEMT6000:6,LDR:733,Distance:115.41
TEMT6000:5,LDR:731,Distance:110.75
TEMT6000:6,LDR:732,Distance:107.85
TEMT6000:6,LDR:732,Distance:107.44
TEMT6000:6,LDR:732,Distance:108.45
TEMT6000:5,LDR:732,Distance:111.16
TEMT6000:7,LDR:732,Distance:110.87
TEMT6000:5,LDR:732,Distance:107.70
TEMT6000:5,LDR:731,Distance:113.80
TEMT6000:5,LDR:732,Distance:110.47
TEMT6000:5,LDR:731,Distance:111.53
TEMT6000:7,LDR:732,Distance:107.34
TEMT6000:7,LDR:731,Distance:112.32
TEMT6000:7,LDR:732,Distance:109.42
TEMT6000:6,LDR:731,Distance:107.75
TEMT6000:6,LDR:730,Distance:107.83
TEMT6000:5,LDR:730,Distance:110.08
TEMT6000:6,LDR:731,Distance:108.34
TEMT6000:5,LDR:730,Distance:107.58
TEMT6000:6,LDR:730,Distance:110.83
TEMT6000:6,LDR:731,Distance:112.04
TEMT6000:6,LDR:730,Distance:109.14
TEMT6000:5,LDR:729,Distance:111.64
TEMT6000:6,LDR:729,Distance:108.75
TEMT6000:5,LDR:728,Distance:112.35
TEMT6000:5,LDR:728,Distance:118.47
TEMT6000:5,LDR:728,Distance:108.23
TEMT6000:5,LDR:728,Distance:111.75
TEMT6000:6,LDR:729,Distance:108.42
TEMT6000:6,LDR:729,Distance:111.32
TEMT6000:7,LDR:728,Distance:117.67
TEMT6000:5,LDR:729,Distance:108.39
TEMT6000:6,LDR:728,Distance:107.93
TEMT6000:6,LDR:728,Distance:108.54
TEMT6000:5,LDR:728,Distance:111.62
TEMT6000:6,LDR:728,Distance:108.39
TEMT6000:5,LDR:728,Distance:108.52
TEMT6000:5,LDR:727,Distance:113.53
TEMT6000:6,LDR:727,Distance:108.85
TEMT6000:4,LDR:727,Distance:117.46
TEMT6000:6,LDR:726,Distance:111.80
TEMT6000:5,LDR:727,Distance:109.43
TEMT6000:5,LDR:727,Distance:109.32
TEMT6000:5,LDR:727,Distance:115.75
TEMT6000:6,LDR:727,Distance:117.23
TEMT6000:6,LDR:728,Distance:111.27
TEMT6000:5,LDR:726,Distance:108.97
TEMT6000:6,LDR:727,Distance:112.92
TEMT6000:5,LDR:727,Distance:107.42
TEMT6000:6,LDR:728,Distance:116.04
TEMT6000:5,LDR:728,Distance:109.76
TEMT6000:5,LDR:727,Distance:112.59
TEMT6000:4,LDR:727,Distance:107.62
TEMT6000:5,LDR:726,Distance:111.79
TEMT6000:5,LDR:727,Distance:109.98
TEMT6000:4,LDR:727,Distance:117.80
TEMT6000:5,LDR:727,Distance:113.86
TEMT6000:5,LDR:726,Distance:108.14
TEMT6000:5,LDR:727,Distance:109.28
TEMT6000:5,LDR:726,Distance:111.62
TEMT6000:6,LDR:727,Distance:107.68
TEMT6000:6,LDR:727,Distance:107.85
TEMT6000:5,LDR:726,Distance:109.21
TEMT6000:6,LDR:727,Distance:107.74
TEMT6000:6,LDR:727,Distance:109.90
TEMT6000:6,LDR:727,Distance:107.50
TEMT6000:5,LDR:727,Distance:108.91
TEMT6000:6,LDR:727,Distance:116.05
TEMT6000:5,LDR:727,Distance:110.68
TEMT6000:6,LDR:727,Distance:108.06
TEMT6000:6,LDR:727,Distance:108.61
TEMT6000:6,LDR:727,Distance:108.25
TEMT6000:5,LDR:727,Distance:109.79
TEMT6000:5,LDR:726,Distance:109.35
TEMT6000:5,LDR:726,Distance:110.12
TEMT6000:7,LDR:727,Distance:112.80
TEMT6000:5,LDR:727,Distance:109.88
TEMT6000:5,LDR:726,Distance:111.77
TEMT6000:7,LDR:727,Distance:113.08
TEMT6000:6,LDR:727,Distance:109.35
TEMT6000:7,LDR:728,Distance:114.40
TEMT6000:5,LDR:729,Distance:107.96
TEMT6000:6,LDR:728,Distance:114.48
TEMT6000:6,LDR:727,Distance:109.68
TEMT6000:4,LDR:726,Distance:118.28
TEMT6000:5,LDR:728,Distance:115.37
TEMT6000:6,LDR:726,Distance:112.38
TEMT6000:5,LDR:726,Distance:110.51
TEMT6000:7,LDR:727,Distance:118.84
TEMT6000:5,LDR:728,Distance:112.99
TEMT6000:6,LDR:727,Distance:108.11
TEMT6000:7,LDR:728,Distance:112.61
TEMT6000:5,LDR:726,Distance:108.80
TEMT6000:5,LDR:727,Distance:116.77
TEMT6000:6,LDR:726,Distance:113.36
TEMT6000:5,LDR:726,Distance:110.19
TEMT6000:6,LDR:726,Distance:117.28
TEMT6000:5,LDR:727,Distance:112.40
TEMT6000:6,LDR:726,Distance:108.23
TEMT6000:5,LDR:725,Distance:108.44
TEMT6000:6,LDR:726,Distance:109.73
TEMT6000:6,LDR:726,Distance:118.24
TEMT6000:5,LDR:726,Distance:107.72
TEMT6000:5,LDR:726,Distance:117.59
TEMT6000:5,LDR:725,Distance:109.12
TEMT6000:6,LDR:725,Distance:110.48
TEMT6000:6,LDR:726,Distance:109.67
TEMT6000:5,LDR:725,Distance:114.31
TEMT6000:6,LDR:725,Distance:109.10
TEMT6000:6,LDR:725,Distance:117.28
TEMT6000:6,LDR:725,Distance:116.53
TEMT6000:5,LDR:724,Distance:108.21
TEMT6000:6,LDR:724,Distance:110.92
TEMT6000:6,LDR:724,Distance:110.40
TEMT6000:5,LDR:724,Distance:113.48
TEMT6000:5,LDR:723,Distance:113.04
TEMT6000:6,LDR:724,Distance:107.90
TEMT6000:6,LDR:724,Distance:108.60
TEMT6000:5,LDR:722,Distance:113.33
TEMT6000:5,LDR:723,Distance:112.17
TEMT6000:6,LDR:724,Distance:110.73
TEMT6000:7,LDR:723,Distance:111.90
TEMT6000:6,LDR:723,Distance:111.62
TEMT6000:5,LDR:722,Distance:109.54
TEMT6000:5,LDR:722,Distance:112.72
TEMT6000:5,LDR:722,Distance:111.31
TEMT6000:5,LDR:722,Distance:108.67
TEMT6000:5,LDR:722,Distance:117.36
TEMT6000:7,LDR:722,Distance:110.76
TEMT6000:5,LDR:722,Distance:113.57
TEMT6000:5,LDR:722,Distance:113.91
TEMT6000:5,LDR:720,Distance:112.13
TEMT6000:5,LDR:721,Distance:108.23
TEMT6000:6,LDR:721,Distance:108.62
TEMT6000:5,LDR:721,Distance:106.01
TEMT6000:6,LDR:721,Distance:111.58
TEMT6000:5,LDR:721,Distance:111.10
TEMT6000:5,LDR:720,Distance:111.55
TEMT6000:5,LDR:720,Distance:108.12
TEMT6000:7,LDR:720,Distance:110.66
TEMT6000:7,LDR:720,Distance:113.86
TEMT6000:6,LDR:720,Distance:115.79
TEMT6000:7,LDR:720,Distance:112.43
TEMT6000:7,LDR:720,Distance:113.95
TEMT6000:7,LDR:719,Distance:111.65
TEMT6000:7,LDR:719,Distance:113.12
TEMT6000:7,LDR:720,Distance:118.80
TEMT6000:6,LDR:718,Distance:118.02
TEMT6000:6,LDR:719,Distance:121.02
TEMT6000:6,LDR:718,Distance:113.67
TEMT6000:6,LDR:718,Distance:111.52
TEMT6000:8,LDR:718,Distance:111.81
TEMT6000:7,LDR:718,Distance:115.07
TEMT6000:7,LDR:717,Distance:110.55
TEMT6000:7,LDR:716,Distance:117.48
TEMT6000:5,LDR:718,Distance:121.91
TEMT6000:6,LDR:717,Distance:121.67
TEMT6000:7,LDR:717,Distance:121.78
TEMT6000:7,LDR:717,Distance:116.08
TEMT6000:6,LDR:717,Distance:107.91
TEMT6000:6,LDR:717,Distance:108.56
TEMT6000:5,LDR:716,Distance:111.64
TEMT6000:5,LDR:715,Distance:112.53
TEMT6000:6,LDR:715,Distance:108.40
TEMT6000:5,LDR:716,Distance:112.14
TEMT6000:7,LDR:715,Distance:107.29
TEMT6000:6,LDR:716,Distance:122.31
TEMT6000:6,LDR:715,Distance:122.03
TEMT6000:6,LDR:715,Distance:108.71
TEMT6000:7,LDR:715,Distance:116.12
TEMT6000:5,LDR:713,Distance:113.78
TEMT6000:4,LDR:715,Distance:107.70
TEMT6000:6,LDR:715,Distance:120.70
TEMT6000:6,LDR:714,Distance:123.25
TEMT6000:7,LDR:714,Distance:120.18
TEMT6000:7,LDR:715,Distance:111.74
TEMT6000:5,LDR:713,Distance:115.18
TEMT6000:7,LDR:713,Distance:118.40
TEMT6000:6,LDR:713,Distance:107.74
TEMT6000:7,LDR:713,Distance:111.83
TEMT6000:5,LDR:712,Distance:121.02
TEMT6000:6,LDR:713,Distance:119.51
TEMT6000:7,LDR:713,Distance:121.61
TEMT6000:5,LDR:712,Distance:114.21
TEMT6000:7,LDR:712,Distance:111.91
TEMT6000:6,LDR:712,Distance:111.27
TEMT6000:7,LDR:712,Distance:112.43
TEMT6000:5,LDR:712,Distance:111.63
TEMT6000:7,LDR:711,Distance:116.03
TEMT6000:6,LDR:711,Distance:114.77
TEMT6000:5,LDR:711,Distance:114.85
TEMT6000:6,LDR:711,Distance:117.29
TEMT6000:6,LDR:712,Distance:111.45
TEMT6000:5,LDR:711,Distance:115.18
TEMT6000:5,LDR:712,Distance:114.34
TEMT6000:5,LDR:710,Distance:108.52
TEMT6000:7,LDR:711,Distance:107.63
TEMT6000:5,LDR:711,Distance:114.88
TEMT6000:5,LDR:709,Distance:116.52
TEMT6000:7,LDR:711,Distance:111.24
TEMT6000:6,LDR:710,Distance:119.08
TEMT6000:6,LDR:711,Distance:119.34
TEMT6000:5,LDR:709,Distance:116.51
TEMT6000:6,LDR:710,Distance:108.65
TEMT6000:5,LDR:710,Distance:108.89
TEMT6000:6,LDR:709,Distance:112.40
TEMT6000:6,LDR:709,Distance:111.82
TEMT6000:7,LDR:710,Distance:107.46
TEMT6000:6,LDR:709,Distance:119.19
TEMT6000:8,LDR:709,Distance:115.03
TEMT6000:6,LDR:709,Distance:119.23
TEMT6000:7,LDR:708,Distance:109.31
TEMT6000:7,LDR:708,Distance:107.95
TEMT6000:6,LDR:708,Distance:122.86
TEMT6000:7,LDR:707,Distance:107.94
TEMT6000:6,LDR:708,Distance:111.76
TEMT6000:7,LDR:707,Distance:119.30
TEMT6000:7,LDR:709,Distance:108.90
TEMT6000:7,LDR:709,Distance:107.51
TEMT6000:5,LDR:708,Distance:107.43
TEMT6000:7,LDR:708,Distance:111.61
TEMT6000:5,LDR:706,Distance:117.14
TEMT6000:7,LDR:706,Distance:108.39
TEMT6000:7,LDR:707,Distance:109.67
TEMT6000:8,LDR:707,Distance:119.63
TEMT6000:8,LDR:706,Distance:113.10
TEMT6000:7,LDR:705,Distance:111.50
TEMT6000:8,LDR:707,Distance:111.91
TEMT6000:8,LDR:706,Distance:120.30
TEMT6000:7,LDR:706,Distance:108.13
TEMT6000:7,LDR:705,Distance:108.16
TEMT6000:8,LDR:706,Distance:108.15
TEMT6000:8,LDR:706,Distance:115.82
TEMT6000:7,LDR:706,Distance:126.52
TEMT6000:8,LDR:705,Distance:115.74
TEMT6000:7,LDR:705,Distance:124.39
TEMT6000:8,LDR:706,Distance:107.51
TEMT6000:7,LDR:705,Distance:112.63
TEMT6000:7,LDR:705,Distance:120.41
TEMT6000:8,LDR:704,Distance:108.43
TEMT6000:8,LDR:704,Distance:119.27
TEMT6000:8,LDR:704,Distance:123.73
TEMT6000:7,LDR:705,Distance:123.53
TEMT6000:7,LDR:702,Distance:118.77
TEMT6000:7,LDR:703,Distance:113.34
TEMT6000:6,LDR:704,Distance:109.07
TEMT6000:7,LDR:704,Distance:111.07
TEMT6000:7,LDR:704,Distance:124.22
TEMT6000:7,LDR:703,Distance:123.83
TEMT6000:6,LDR:703,Distance:109.73
TEMT6000:8,LDR:703,Distance:108.72
TEMT6000:7,LDR:702,Distance:121.68
TEMT6000:7,LDR:704,Distance:111.38
TEMT6000:7,LDR:702,Distance:112.52
TEMT6000:8,LDR:702,Distance:112.62
TEMT6000:6,LDR:702,Distance:113.56
TEMT6000:6,LDR:701,Distance:107.92
TEMT6000:7,LDR:702,Distance:112.58
TEMT6000:6,LDR:702,Distance:108.22
TEMT6000:6,LDR:702,Distance:111.37
TEMT6000:7,LDR:702,Distance:124.52
TEMT6000:7,LDR:702,Distance:128.30
TEMT6000:8,LDR:701,Distance:122.06
TEMT6000:6,LDR:701,Distance:120.63
TEMT6000:6,LDR:701,Distance:112.12
TEMT6000:7,LDR:701,Distance:122.52
TEMT6000:9,LDR:701,Distance:117.75
TEMT6000:5,LDR:700,Distance:109.33
TEMT6000:9,LDR:700,Distance:108.44
TEMT6000:7,LDR:700,Distance:116.79
TEMT6000:10,LDR:700,Distance:122.20
TEMT6000:8,LDR:700,Distance:108.50
TEMT6000:6,LDR:700,Distance:117.14
TEMT6000:9,LDR:700,Distance:107.12
TEMT6000:7,LDR:699,Distance:112.36
TEMT6000:6,LDR:699,Distance:112.69
TEMT6000:6,LDR:700,Distance:108.87
TEMT6000:7,LDR:699,Distance:113.87
TEMT6000:7,LDR:699,Distance:113.30
TEMT6000:7,LDR:699,Distance:113.89
TEMT6000:7,LDR:698,Distance:117.74
TEMT6000:6,LDR:699,Distance:125.45
TEMT6000:5,LDR:698,Distance:127.94
TEMT6000:6,LDR:699,Distance:120.61
TEMT6000:5,LDR:698,Distance:120.15
TEMT6000:7,LDR:699,Distance:111.62
TEMT6000:6,LDR:698,Distance:114.26
TEMT6000:8,LDR:698,Distance:108.65
TEMT6000:7,LDR:698,Distance:107.89
TEMT6000:8,LDR:698,Distance:108.04
TEMT6000:7,LDR:696,Distance:108.71
TEMT6000:7,LDR:698,Distance:108.74
TEMT6000:8,LDR:697,Distance:120.55
TEMT6000:7,LDR:697,Distance:116.77
TEMT6000:8,LDR:697,Distance:118.54
TEMT6000:7,LDR:697,Distance:113.82
TEMT6000:8,LDR:697,Distance:113.42
TEMT6000:6,LDR:697,Distance:121.80
TEMT6000:6,LDR:697,Distance:109.96
TEMT6000:5,LDR:696,Distance:111.78
TEMT6000:7,LDR:697,Distance:112.47
TEMT6000:7,LDR:696,Distance:116.64
TEMT6000:5,LDR:697,Distance:112.11
TEMT6000:9,LDR:697,Distance:108.36
TEMT6000:5,LDR:696,Distance:116.63
TEMT6000:7,LDR:696,Distance:108.00
TEMT6000:7,LDR:696,Distance:117.55
TEMT6000:8,LDR:696,Distance:117.08
TEMT6000:8,LDR:696,Distance:116.57
TEMT6000:7,LDR:696,Distance:108.96
TEMT6000:8,LDR:696,Distance:108.36
TEMT6000:8,LDR:696,Distance:115.87
TEMT6000:8,LDR:696,Distance:109.08
TEMT6000:7,LDR:697,Distance:120.33
TEMT6000:8,LDR:695,Distance:125.02
TEMT6000:7,LDR:695,Distance:120.78
TEMT6000:8,LDR:695,Distance:122.20
TEMT6000:8,LDR:695,Distance:117.11
TEMT6000:9,LDR:695,Distance:112.16
TEMT6000:10,LDR:695,Distance:113.06
TEMT6000:9,LDR:694,Distance:117.16
TEMT6000:10,LDR:695,Distance:108.26
TEMT6000:9,LDR:695,Distance:108.75
TEMT6000:8,LDR:695,Distance:112.85
TEMT6000:10,LDR:695,Distance:108.21
TEMT6000:9,LDR:695,Distance:109.15
TEMT6000:9,LDR:694,Distance:110.40
TEMT6000:8,LDR:694,Distance:109.32
TEMT6000:10,LDR:694,Distance:129.88
TEMT6000:9,LDR:695,Distance:121.58
TEMT6000:10,LDR:694,Distance:108.10
TEMT6000:8,LDR:694,Distance:107.94
TEMT6000:9,LDR:693,Distance:109.63
TEMT6000:7,LDR:693,Distance:122.59
TEMT6000:7,LDR:693,Distance:109.61
TEMT6000:9,LDR:693,Distance:123.36
TEMT6000:8,LDR:692,Distance:126.49
TEMT6000:9,LDR:693,Distance:108.37
TEMT6000:9,LDR:692,Distance:113.09
TEMT6000:9,LDR:692,Distance:108.19
TEMT6000:8,LDR:692,Distance:108.67
TEMT6000:8,LDR:691,Distance:113.05
TEMT6000:9,LDR:692,Distance:118.52
TEMT6000:9,LDR:692,Distance:130.01
TEMT6000:9,LDR:693,Distance:108.36
TEMT6000:8,LDR:691,Distance:108.08
TEMT6000:8,LDR:690,Distance:108.37
TEMT6000:8,LDR:690,Distance:108.46
TEMT6000:7,LDR:691,Distance:108.78
TEMT6000:9,LDR:691,Distance:113.29
TEMT6000:8,LDR:690,Distance:108.68
TEMT6000:10,LDR:690,Distance:112.77
TEMT6000:9,LDR:690,Distance:113.50
TEMT6000:5,LDR:689,Distance:131.20
TEMT6000:6,LDR:689,Distance:112.28
TEMT6000:5,LDR:690,Distance:131.39
TEMT6000:6,LDR:689,Distance:131.33
TEMT6000:5,LDR:688,Distance:127.17
TEMT6000:5,LDR:687,Distance:113.10
TEMT6000:5,LDR:688,Distance:108.14
TEMT6000:5,LDR:688,Distance:108.50
TEMT6000:5,LDR:688,Distance:108.54
TEMT6000:4,LDR:688,Distance:112.60
TEMT6000:6,LDR:688,Distance:112.96
TEMT6000:5,LDR:688,Distance:117.84
TEMT6000:5,LDR:688,Distance:131.00
TEMT6000:5,LDR:688,Distance:131.16
TEMT6000:6,LDR:688,Distance:130.92
TEMT6000:5,LDR:688,Distance:127.26
TEMT6000:5,LDR:687,Distance:131.78
TEMT6000:6,LDR:688,Distance:127.06
TEMT6000:6,LDR:687,Distance:122.79
TEMT6000:5,LDR:688,Distance:131.57
TEMT6000:6,LDR:687,Distance:131.40
TEMT6000:4,LDR:686,Distance:118.12
TEMT6000:5,LDR:684,Distance:123.13
TEMT6000:5,LDR:686,Distance:114.50
TEMT6000:5,LDR:686,Distance:109.00
TEMT6000:6,LDR:686,Distance:132.83
TEMT6000:5,LDR:685,Distance:131.92
TEMT6000:6,LDR:686,Distance:132.16
TEMT6000:6,LDR:686,Distance:122.44
TEMT6000:5,LDR:687,Distance:122.58
TEMT6000:5,LDR:685,Distance:119.97
TEMT6000:5,LDR:684,Distance:131.34
TEMT6000:6,LDR:686,Distance:119.91
TEMT6000:5,LDR:686,Distance:131.19
TEMT6000:5,LDR:685,Distance:109.96
TEMT6000:5,LDR:686,Distance:114.61
TEMT6000:6,LDR:686,Distance:113.61
TEMT6000:4,LDR:686,Distance:113.13
TEMT6000:4,LDR:686,Distance:108.63
TEMT6000:6,LDR:686,Distance:118.43
